point_id,class_id,class,row,col,block,winter_B2,winter_B3,winter_B4,winter_B5,winter_B6,winter_B7,winter_B8,winter_B8A,winter_B11,winter_B12,winter_NDVI,winter_MNDWI,winter_NDBI,winter_NDRE,winter_BSI,premonsoon_B2,premonsoon_B3,premonsoon_B4,premonsoon_B5,premonsoon_B6,premonsoon_B7,premonsoon_B8,premonsoon_B8A,premonsoon_B11,premonsoon_B12,premonsoon_NDVI,premonsoon_MNDWI,premonsoon_NDBI,premonsoon_NDRE,premonsoon_BSI,monsoon_B2,monsoon_B3,monsoon_B4,monsoon_B5,monsoon_B6,monsoon_B7,monsoon_B8,monsoon_B8A,monsoon_B11,monsoon_B12,monsoon_NDVI,monsoon_MNDWI,monsoon_NDBI,monsoon_NDRE,monsoon_BSI,postmonsoon_B2,postmonsoon_B3,postmonsoon_B4,postmonsoon_B5,postmonsoon_B6,postmonsoon_B7,postmonsoon_B8,postmonsoon_B8A,postmonsoon_B11,postmonsoon_B12,postmonsoon_NDVI,postmonsoon_MNDWI,postmonsoon_NDBI,postmonsoon_NDRE,postmonsoon_BSI,NDVI_max,NDVI_min,NDVI_amplitude,NDVI_sd,NDVI_peak_season,MNDWI_max,monsoon_VV,monsoon_VH,monsoon_VHminusVV,winter_VV,winter_VH,winter_VHminusVV,tex_B8_sd3,tex_B8_semivar3,tex_B8_sd7,tex_B8_semivar7,tex_NDVI_sd7,elevation_m,slope_deg,northness,eastness,x,y
0,0,water,323,213,20001,0.0987,0.0938,0.0659,0.0771,0.0744,0.049,0.028,0.0266,0.0316,0.0216,-0.40361658,0.4960088,0.060401633,-0.486977,-0.13024029,0.08125,0.0811,0.0595,0.05335,0.041500002,0.02835,0.040200002,0.02135,0.00305,0.01395,-0.19357878,0.9274994,-0.85893977,-0.4283745,-0.32010695,0.0572,0.0784,0.0498,0.023,0.0158,0.0197,0.0142,0.0359,0.0123,0.0005,-0.5562413,0.72876817,-0.071695425,0.21901157,-0.0696624,0.1079,0.1156,0.0796,0.0672,0.0523,0.0581,0.031,0.0333,0.0155,0.0094,-0.4394174,0.7635334,-0.3333262,-0.33731005,-0.18717867,-0.19357878,-0.5562413,0.3626625,0.13093424,1.0,0.9274994,-25.375057,-30.808712,-5.433655,-19.808077,-27.992798,-8.184721,0.03257158,0.0021282576,0.109004386,0.0024983974,0.50123477,187.7763,0.7847782,0.0022354655,0.013512873,434276.81672561716,2633526.8252912243
1,0,water,280,225,20002,0.0854,0.0718,0.0944,0.0731,0.0521,0.0447,0.0267,0.0552,0.0333,0.0361,-0.55903757,0.3663143,0.1099982,-0.13951568,0.065053955,0.085099995,0.07395,0.056199998,0.04735,0.0505,0.03915,0.03955,0.0394,0.02265,0.030650001,-0.17388852,0.53105044,-0.27169982,-0.091641605,-0.22506028,0.07685,0.0749,0.0509,0.052,0.03775,0.031,0.0177,0.027050002,0.016150001,0.0191,-0.48395804,0.6452428,-0.04578885,-0.31561902,-0.1701722,0.1021,0.0984,0.0924,0.0769,0.0578,0.0422,0.0358,0.0654,0.0311,0.0307,-0.44149426,0.5196871,-0.07025305,-0.08081462,-0.05508777,-0.17388852,-0.55903757,0.38514906,0.14520508,1.0,0.6452428,-23.658998,-26.173641,-2.5146427,-22.864891,-27.022306,-4.1574154,0.047421202,0.0017353743,0.088827826,0.0010116106,0.34282464,170.9815,7.826997,0.090779684,-0.10151199,434507.9630387635,2634398.1526976116
2,0,water,53,314,30004,0.0902,0.0799,0.0689,0.0723,0.093,0.1032,0.107,0.1154,0.1085,0.0818,0.21659914,-0.15180387,0.006960504,0.2296205,-0.05285626,0.10295,0.0978,0.0852,0.09095,0.10515,0.10205,0.114199996,0.123399995,0.11115,0.0987,0.14543559,-0.063890554,-0.01353444,0.15138721,-0.050302196,0.120000005,0.11965001,0.1037,0.0897,0.109400004,0.1254,0.11,0.14005,0.1,0.08545,0.029480454,0.08946012,-0.04761881,0.21915029,-0.060640845,0.0872,0.1034,0.0817,0.0741,0.0894,0.1022,0.1234,0.1218,0.0794,0.0765,0.2033145,0.1312903,-0.21696144,0.24349032,-0.13317156,0.21659914,0.029480454,0.18711868,0.07385288,0.0,0.1312903,-19.116028,-25.447418,-6.3313904,-22.09246,-28.76806,-6.6756,0.037457615,0.0014225031,0.047716845,0.0006093991,0.16246231,239.21103,0.7875119,0.008786785,0.010568662,436295.3664305096,2638924.6252699564
3,0,water,55,265,20004,0.0726,0.1038,0.0632,0.0582,0.1084,0.128,0.131,0.1672,0.0732,0.0604,0.34912282,0.17288037,-0.2830544,0.4835826,-0.19764645,0.1088,0.1131,0.110400006,0.10959999,0.11,0.12765,0.12709999,0.1043,0.1226,0.1068,0.07031543,-0.04030529,-0.018021531,-0.024777785,-0.00618462,0.111049995,0.12515,0.1025,0.1107,0.112900004,0.13870001,0.1583,0.14225,0.11055,0.07745,0.2139562,0.06194286,-0.17760766,0.12472772,-0.11670785,0.1118,0.107,0.1092,0.0842,0.1205,0.1049,0.1194,0.1074,0.1067,0.0953,0.044619236,0.0014038195,-0.056169584,0.12108496,-0.03422047,0.34912282,0.044619236,0.3045036,0.122140795,0.0,0.17288037,-23.243366,-29.143166,-5.8997993,-17.712782,-23.108788,-5.3960056,0.11823577,0.004438628,0.14540981,0.0029040084,0.3472299,209.74133,16.782888,-0.2565458,0.13250823,435315.78319714026,2638899.5907993326
4,0,water,176,261,20003,0.0707,0.0604,0.0715,0.0468,0.0787,0.0343,0.0692,0.07,0.0703,0.0632,-0.016346732,-0.07574538,0.007885222,0.19862846,0.0067447475,0.09365,0.099,0.07520001,0.082,0.0812,0.0905,0.075399995,0.077250004,0.0836,0.0589,0.001327936,0.08433689,0.051572036,-0.029827118,-0.031264164,0.0844,0.0898,0.0498,0.0786,0.0664,0.0636,0.0648,0.0795,0.0789,0.0214,0.13088891,0.06461134,0.098120406,0.005692566,-0.07376724,0.0778,0.0574,0.0831,0.0713,0.0689,0.074,0.0569,0.0758,0.0537,0.0516,-0.18714152,0.033303022,-0.028932817,0.030591238,0.0077347443,0.13088891,-0.18714152,0.31803042,0.11308507,2.0,0.08433689,-23.252684,-30.191553,-6.9388695,-21.998388,-28.362013,-6.3636246,0.07114037,0.0021874146,0.09882604,0.0010146375,0.33886987,200.00589,7.830017,-0.021344194,-0.13455218,435223.53008277895,2636473.9703328256
5,0,water,80,250,20004,0.0548,0.0463,0.0483,0.041,0.0339,0.0484,0.041,0.0242,0.0295,0.0228,-0.081746005,0.22163297,-0.16311827,-0.25766477,-0.10368599,0.08015,0.07385,0.067499995,0.04225,0.05305,0.0434,0.057,0.03745,0.031000001,0.011299999,-0.08433664,0.40867513,-0.2954512,-0.060225084,-0.16401376,0.09495,0.0864,0.0694,0.0651,0.05115,0.02905,0.042900003,0.0586,0.019000001,0.03165,-0.23597291,0.63946265,-0.3861004,-0.052546047,-0.21856259,0.06,0.08,0.0537,0.0459,0.0484,0.0357,0.0356,0.0439,0.0496,0.0046,-0.20268531,0.23456606,0.16431735,-0.02227143,0.038712785,-0.081746005,-0.23597291,0.1542269,0.06915878,0.0,0.63946265,-20.015,-27.629072,-7.614073,-21.847906,-31.33947,-9.491564,0.04220212,0.0011404261,0.07955967,0.0011596553,0.31321818,195.3746,9.033447,0.0028888716,-0.15698442,435014.08176779456,2638385.7961649103
6,0,water,105,252,20003,0.067,0.0478,0.0415,0.0355,0.0741,0.0723,0.0568,0.0834,0.0471,0.0438,0.15564443,0.0073761153,-0.09335811,0.40285617,-0.1657243,0.09685,0.097399995,0.0912,0.07735,0.0776,0.09585,0.0817,0.07,0.056900002,0.0564,-0.054944765,0.26247394,-0.17893086,-0.04988088,-0.09321875,0.097399995,0.09975,0.08805,0.07505,0.082200006,0.107250005,0.0853,0.091350004,0.058,0.03765,-0.015863778,0.2646576,-0.1905081,0.09795619,-0.1114825,0.0758,0.0876,0.048,0.0626,0.0697,0.0693,0.0712,0.0591,0.0472,0.0545,0.19462922,0.29970104,-0.20270096,-0.028759034,-0.21387194,0.19462922,-0.054944765,0.24957399,0.107064374,3.0,0.29970104,-21.785633,-27.55957,-5.773937,-25.747738,-24.798634,0.9491043,0.07907776,0.0029703698,0.11176145,0.0022030342,0.31317103,198.94376,2.2855797,0.025854211,0.030364433,435053.1605232378,2637884.555102767
7,0,water,24,275,20004,0.078,0.1013,0.0666,0.0713,0.0775,0.1057,0.1188,0.1125,0.0698,0.0481,0.28155184,0.18410182,-0.25980777,0.22415546,-0.18127196,0.10065,0.09495,0.07835,0.0815,0.101050004,0.09605,0.0917,0.0959,0.0651,0.0599,0.07850588,0.18650304,-0.1696418,0.08117203,-0.14562199,0.1149,0.1164,0.074149996,0.09975,0.098000005,0.12735,0.117149994,0.11305,0.06485,0.0544,0.22477667,0.28441224,-0.28736103,0.062499717,-0.25077415,0.1085,0.1042,0.0971,0.0977,0.0886,0.0956,0.0873,0.1078,0.0999,0.0601,-0.05314502,0.021067992,0.067307316,0.049148176,0.0030549578,0.28155184,-0.05314502,0.33469686,0.13048962,0.0,0.28441224,-21.686405,-27.139673,-5.453268,-15.947226,-33.258537,-17.311312,0.11588411,0.0042739296,0.14163582,0.002108383,0.36586624,303.89532,14.596494,-0.25068888,0.025771873,435510.88344447897,2639514.6183534907
8,0,water,52,268,20004,0.1013,0.0827,0.0538,0.041,0.048,0.0747,0.0339,0.0378,0.0223,0.0237,-0.22690736,0.5752327,-0.20640205,-0.04060865,-0.27969578,0.108,0.099649996,0.0767,0.07385,0.06455,0.05595,0.05365,0.048049998,0.025449999,0.031149998,-0.17683028,0.5931208,-0.35650626,-0.21164718,-0.2255488,0.1145,0.120749995,0.0722,0.0779,0.060549997,0.06895,0.0595,0.0464,0.0213,0.0222,-0.09643054,0.70010066,-0.4727665,-0.2534171,-0.30093342,0.0919,0.1162,0.0529,0.0598,0.0428,0.0484,0.0581,0.0536,0.0421,0.0144,0.046846412,0.46809563,-0.15967904,-0.054673247,-0.2244889,0.046846412,-0.22690736,0.27375376,0.1035304,3.0,0.70010066,-17.658184,-30.129917,-12.471733,-19.142128,-27.928478,-8.78635,0.0734965,0.0021518408,0.13188733,0.0028522522,0.3183621,221.86552,16.534733,-0.28244868,0.0348986,435371.78871891147,2638952.285075521
9,0,water,203,252,20002,0.0496,0.0471,0.0548,0.0463,0.0453,0.0345,0.0144,0.0391,0.0336,0.0383,-0.5838066,0.1672842,0.39999166,-0.08430818,0.1601039,0.1074,0.070250005,0.05985,0.072850004,0.03245,0.0327,0.039300002,0.046899997,0.024999999,0.02635,-0.20725961,0.47506067,-0.22239162,-0.21669972,-0.26711178,0.093,0.0762,0.0931,0.0491,0.051,0.0498,0.0441,0.0501,0.0214,0.0249,-0.3571402,0.5614697,-0.34655958,0.0100805275,-0.08982479,0.0868,0.0952,0.0619,0.0592,0.0385,0.0326,0.0408,0.0441,0.0334,0.0227,-0.20545077,0.48055616,-0.09972914,-0.14617476,-0.14490736,-0.20545077,-0.5838066,0.3783558,0.154474,3.0,0.5614697,-26.189104,-27.895779,-1.7066746,-24.923119,-27.182924,-2.2598057,0.031192668,0.00043749803,0.064274125,0.0006962833,0.22121319,169.81271,3.3148954,-0.054072283,0.02048788,435059.24303496466,2635937.6005919864
10,0,water,102,249,20003,0.0666,0.101,0.0594,0.0435,0.0317,0.0716,0.0735,0.0624,0.0715,0.0569,0.10609401,0.17101349,-0.013792984,0.17846857,-0.03394824,0.08925,0.10695,0.07195,0.0766,0.07215,0.0776,0.0641,0.07785,0.0813,0.054250002,-0.057699,0.13625427,0.11829356,0.008093174,-0.0003261137,0.115449995,0.11765,0.090849996,0.0916,0.082949996,0.0977,0.08,0.087249994,0.05815,0.0389,-0.06350561,0.33845088,-0.15816025,-0.024321958,-0.13485228,0.0719,0.0948,0.0605,0.0499,0.0472,0.0535,0.0545,0.0649,0.0412,0.0278,-0.052173473,0.39411476,-0.1389745,0.13066092,-0.10828534,0.10609401,-0.06350561,0.16959962,0.071078055,0.0,0.39411476,-20.221165,-25.959267,-5.738102,-22.914034,-24.558397,-1.6443634,0.07033816,0.0019058441,0.104706645,0.002441203,0.30095935,201.60468,8.321582,0.054913186,0.13390668,434988.9094140372,2637943.870804241
11,0,water,264,231,20002,0.0848,0.1021,0.0936,0.0857,0.0742,0.0901,0.0676,0.0602,0.0552,0.0757,-0.16128933,0.2981545,-0.10097636,-0.17477605,-0.011952107,0.090900004,0.0949,0.0845,0.0888,0.08865,0.075100005,0.078099996,0.078449994,0.07305,0.0718,-0.039360177,0.13009745,-0.033410273,-0.061883066,-0.035063412,0.07245,0.08955,0.069,0.05845,0.0759,0.0788,0.0782,0.085999995,0.0651,0.060000002,0.062499575,0.15809794,-0.091415964,0.19072211,-0.05812097,0.1241,0.1119,0.089,0.0919,0.0895,0.1076,0.0931,0.1079,0.0767,0.0389,0.02251495,0.1866374,-0.09658362,0.08007969,-0.13449949,0.062499575,-0.16128933,0.22378892,0.08460753,2.0,0.2981545,-22.350147,-26.300716,-3.9505692,-20.655388,-27.364838,-6.70945,0.07330868,0.001886097,0.08998294,0.0010661448,0.32867703,188.90738,5.3130565,0.060192663,-0.070364326,434628.25352172466,2634703.084658866
12,0,water,351,204,20001,0.1057,0.0863,0.086,0.0742,0.0429,0.0558,0.0097,0.0659,0.0105,0.0005,-0.7972749,0.7830498,0.03960198,-0.059242968,-0.08919259,0.08415,0.0827,0.0738,0.0542,0.05655,0.0548,0.02235,0.023249999,0.0306,0.0115,-0.5350959,0.45983708,0.15580443,-0.39960754,-0.009957306,0.0816,0.078600004,0.075,0.04235,0.04415,0.02605,0.02595,0.01985,0.0191,0.0045000003,-0.4858793,0.609001,-0.15204991,-0.36173052,-0.06669942,0.1209,0.0923,0.0502,0.0467,0.0567,0.0415,0.045,0.0334,0.0324,0.0241,-0.05462126,0.480349,-0.16278861,-0.16604039,-0.3352099,-0.05462126,-0.7972749,0.7426536,0.266517,3.0,0.7830498,-19.066784,-26.089123,-7.022339,-21.654518,-31.529459,-9.874941,0.024959685,0.001142251,0.082889855,0.0015414075,0.2811775,198.06744,9.365401,0.02204098,0.1612306,434082.81748011033,2632977.5575886373
13,0,water,147,263,20003,0.0546,0.0692,0.0482,0.0548,0.0591,0.0426,0.053,0.0617,0.0823,0.0515,0.047430355,-0.08646806,0.21655421,0.059226967,0.096177675,0.08285,0.10465,0.08505,0.086150005,0.08105,0.0799,0.074149996,0.074650005,0.070700005,0.04365,-0.06846695,0.19361162,-0.023817519,-0.07151697,-0.0039967857,0.0804,0.0774,0.0678,0.0601,0.061,0.0611,0.0872,0.0897,0.0657,0.0292,0.12516049,0.08176042,-0.14061384,0.19759546,-0.11325101,0.0809,0.0739,0.0767,0.0736,0.0638,0.0593,0.0537,0.0659,0.071,0.0459,-0.17637902,0.020013645,0.13873187,-0.055196766,0.046404414,0.12516049,-0.17637902,0.3015395,0.11446273,2.0,0.19361162,-22.23153,-31.429108,-9.197578,-24.932682,-27.115898,-2.183216,0.074960135,0.0018099856,0.08498426,0.001449195,0.25102574,213.65373,10.590744,-0.05140825,0.17645648,435270.74041532114,2637057.4139336557
14,0,water,56,265,20004,0.0733,0.0991,0.0601,0.0556,0.0493,0.0558,0.051,0.0441,0.0513,0.0273,-0.081907466,0.31781706,0.002932536,-0.11534485,-0.054730337,0.10185,0.0969,0.07715,0.07845,0.074149996,0.06315,0.031,0.035499997,0.0328,0.0248,-0.4267182,0.49421358,0.028212735,-0.37691644,-0.09431592,0.1203,0.119200006,0.092700005,0.09565,0.0565,0.06915,0.05345,0.06515,0.026250001,0.02975,-0.26855788,0.6390468,-0.3412755,-0.18967544,-0.18722174,0.0844,0.0973,0.0636,0.0483,0.0722,0.0581,0.0622,0.0462,0.05,0.0265,-0.011128728,0.32111117,-0.108733416,-0.022222007,-0.126825,-0.011128728,-0.4267182,0.41558948,0.16254644,3.0,0.6390468,-24.847387,-31.508701,-6.661314,-17.378283,-25.795662,-8.417379,0.084847905,0.0026581201,0.13702737,0.002877971,0.35140285,204.40494,15.895728,-0.2370481,0.13719536,435310.3917923924,2638862.814863539
15,0,water,165,262,20003,0.0576,0.0651,0.0549,0.0531,0.0677,0.0626,0.0816,0.0733,0.0874,0.0601,0.19560297,-0.14622854,0.03431929,0.15980883,0.011012369,0.094349995,0.1036,0.08315,0.085099995,0.0828,0.0867,0.0818,0.0881,0.08395,0.072699994,-0.008184252,0.104771525,0.01297126,0.017320951,-0.026365537,0.0952,0.0869,0.0786,0.0769,0.0949,0.0713,0.0859,0.0824,0.0636,0.0511,0.044376656,0.15481624,-0.14916286,0.03452586,-0.120321356,0.0578,0.0743,0.0589,0.0542,0.0678,0.0646,0.0701,0.0697,0.0758,0.0498,0.08682106,-0.009993292,0.03906758,0.12509988,0.025894782,0.19560297,-0.008184252,0.20378722,0.07492593,0.0,0.15481624,-20.396536,-27.55745,-7.1609135,-26.613241,-27.806513,-1.1932716,0.07471621,0.0017493939,0.09256139,0.0011420212,0.3176608,202.66815,6.740274,-0.104840726,-0.052762326,435259.5182257266,2636696.9303780315
16,0,water,479,171,10000,0.1423,0.1161,0.1226,0.0831,0.0737,0.0531,0.0151,0.0308,0.0351,0.012,-0.78067696,0.53571075,0.3983985,-0.4591707,0.0009520917,0.0905,0.1003,0.07395,0.06465,0.0362,0.0317,0.04675,0.03475,0.0044,0.0082,-0.22535023,0.9159416,-0.8279408,-0.3008018,-0.27318984,0.09415,0.08675,0.07045,0.0586,0.05275,0.04695,0.03895,0.02105,0.0338,0.00835,-0.28793156,0.4392332,-0.07078943,-0.47143167,-0.12154996,0.0773,0.0675,0.0502,0.0492,0.0698,0.0427,0.009,0.0346,0.0221,0.0219,-0.69593424,0.5066908,0.42120832,-0.17422223,-0.08827182,-0.22535023,-0.78067696,0.5553267,0.24369538,1.0,0.9159416,-22.58677,-27.901447,-5.314678,-19.936134,-28.738615,-8.802481,0.026481297,0.0009854062,0.0815079,0.0014804933,0.2866666,180.40147,5.739047,-0.09932792,0.011555742,433423.49946715875,2630410.9476403045
17,0,water,87,248,20004,0.0781,0.0491,0.0177,0.0508,0.0217,0.0266,0.0102,0.0097,0.0141,0.0051,-0.26880756,0.5537887,0.1604872,-0.6793276,-0.47043738,0.09735,0.08225,0.0839,0.06735,0.056450002,0.03605,0.04745,0.030650001,0.0263,0.02035,-0.27750075,0.515426,-0.28677577,-0.37448594,-0.13568579,0.11305,0.1065,0.07445,0.07175,0.065050006,0.04375,0.0406,0.04405,0.025899999,0.018649999,-0.29421735,0.6087567,-0.22104935,-0.23920345,-0.20984168,0.0782,0.0699,0.0467,0.0462,0.0456,0.0309,0.0449,0.024,0.0005,0.0317,-0.019650448,0.98578143,-0.977952,-0.31623483,-0.44568142,-0.019650448,-0.29421735,0.2745669,0.113179535,3.0,0.98578143,-21.815893,-28.157982,-6.3420887,-16.447382,-26.955288,-10.507906,0.03506825,0.0031257907,0.11682543,0.0024477134,0.33143523,194.98608,2.7015238,0.01605349,0.04431486,434969.7165240329,2638248.3856558166
18,0,water,381,199,10001,0.1094,0.1292,0.1125,0.1479,0.2024,0.2426,0.2632,0.2428,0.1721,0.109,0.40111688,-0.14238252,-0.20928052,0.24289674,-0.13390124,0.0769,0.0941,0.1241,0.12810001,0.15905,0.1544,0.14785,0.15175,0.17625,0.1549,0.08733193,-0.30386424,0.087626964,0.084509216,0.14397229,0.0491,0.099,0.0673,0.086,0.1988,0.2514,0.2771,0.2886,0.1493,0.0844,0.6091736,-0.2025767,-0.29971787,0.5408421,-0.20191562,0.1079,0.1062,0.1271,0.1268,0.1521,0.1518,0.1618,0.157,0.1728,0.1468,0.1201103,-0.23870881,0.032874998,0.106412604,0.05301958,0.6091736,0.08733193,0.52184165,0.2140808,2.0,-0.14238252,-15.128195,-21.039263,-5.911068,-8.324056,-18.40443,-10.080375,0.12506571,0.0046657836,0.14359319,0.002794596,0.37277886,191.97635,5.1627417,0.05471028,-0.07144282,433983.8553926089,2632371.965855077
19,0,water,21,274,20004,0.0765,0.0805,0.0766,0.0503,0.0565,0.071,0.0783,0.0618,0.0536,0.0389,0.010974745,0.2005951,-0.18726167,0.102586076,-0.08631548,0.0855,0.0894,0.083900005,0.07355,0.0561,0.0704,0.0573,0.0696,0.0732,0.056050003,-0.18838395,0.09963037,0.12183815,-0.02759324,0.047682412,0.09385,0.1249,0.088,0.079050004,0.065,0.073699996,0.07305,0.0841,0.0625,0.04575,-0.092827745,0.3329758,-0.077830486,0.030952895,-0.05166968,0.084,0.0876,0.0777,0.0659,0.0662,0.0743,0.0516,0.0835,0.0343,0.0371,-0.20185456,0.43724006,-0.20139466,0.11780377,-0.09531466,0.010974745,-0.20185456,0.2128293,0.08551844,0.0,0.43724006,-19.281738,-28.300491,-9.018753,-17.921375,-34.049614,-16.128239,0.06199723,0.002025293,0.11393959,0.0016099086,0.3568566,316.81302,7.2650833,-0.106857784,0.06762821,435497.28809650225,2639560.494514483
20,0,water,497,181,10000,0.1315,0.1043,0.096,0.0738,0.0921,0.09,0.0868,0.0933,0.0958,0.0589,-0.05032795,0.042478558,0.04928777,0.11669591,-0.06461827,0.09864999,0.102850005,0.0861,0.0719,0.0615,0.06955,0.068399996,0.0723,0.0677,0.057,-0.114562385,0.20609674,-0.0051432173,0.0027739012,-0.041296408,0.10335,0.102699995,0.08215,0.0657,0.07495,0.07265,0.07185,0.0703,0.04695,0.049500003,-0.066882655,0.3725334,-0.2095942,0.033823248,-0.15149474,0.07,0.0912,0.0608,0.0506,0.0593,0.0472,0.0491,0.0384,0.059,0.0434,-0.10645946,0.2143794,0.091581024,-0.1370771,0.0029300712,-0.05032795,-0.114562385,0.064234436,0.026758416,0.0,0.3725334,-22.192932,-28.220566,-6.0276337,-22.05867,-27.758457,-5.699787,0.0723044,0.0023924308,0.104899086,0.0015844048,0.32093853,189.50728,4.3276105,-0.02517206,-0.07113696,433630.8527546222,2630045.2138232267
21,0,water,281,261,20002,0.1076,0.0898,0.0912,0.0666,0.0305,0.0404,0.0172,0.0393,0.0091,0.02,-0.6826505,0.81596756,-0.30797306,-0.25778797,-0.10884005,0.0885,0.08015,0.07015,0.056649998,0.0368,0.042,0.02975,0.01725,0.01915,0.01915,-0.40440035,0.61429393,-0.2167645,-0.53314567,-0.13948375,0.0732,0.0846,0.059,0.0522,0.0182,0.0239,0.0315,0.0135,0.0149,0.0291,-0.30386406,0.7004955,-0.35775095,-0.5890321,-0.17245145,0.1216,0.0907,0.0564,0.0612,0.0603,0.045,0.0291,0.0334,0.0096,0.0033,-0.3192945,0.8085663,-0.503863,-0.29386583,-0.39086115,-0.30386406,-0.6826505,0.37878644,0.15217559,2.0,0.81596756,-19.51147,-28.166481,-8.65501,-19.241903,-27.534075,-8.2921715,0.032079976,0.0030536489,0.09740083,0.0025302556,0.24043836,209.59383,1.577751,-0.012467771,-0.024548866,435237.01447371417,2634370.462998688
22,0,water,230,243,20002,0.0711,0.0887,0.0582,0.0592,0.0598,0.0491,0.0504,0.0188,0.0005,0.0078,-0.071822554,0.9887782,-0.98033434,-0.5179421,-0.34849972,0.0941,0.100549996,0.060500003,0.0661,0.040349998,0.0418,0.023850001,0.0367,0.01585,0.01285,-0.43449396,0.72765696,-0.20150629,-0.28598946,-0.2141008,0.100600004,0.0902,0.065850005,0.04895,0.03765,0.035099998,0.046350002,0.0357,0.02205,0.0109,-0.17379525,0.6071215,-0.355258,-0.15652503,-0.251436,0.0899,0.108,0.0585,0.0583,0.069,0.0595,0.0371,0.0388,0.0199,0.0129,-0.22384706,0.688814,-0.3017491,-0.2008218,-0.23661035,-0.071822554,-0.43449396,0.3626714,0.13225958,0.0,0.9887782,-22.1496,-28.417671,-6.268072,-17.336576,-25.975382,-8.638805,0.038760792,0.00078371423,0.115620755,0.0028803153,0.34146607,182.83044,7.206711,-0.049828585,-0.115128934,434861.57018153,2635388.698741166
23,0,water,446,161,10000,0.1121,0.113,0.0798,0.0799,0.0624,0.0555,0.0406,0.0509,0.0354,0.041,-0.3255787,0.52290756,-0.06842018,-0.22171082,-0.13997711,0.088750005,0.072500005,0.07235,0.057499997,0.05225,0.0428,0.04315,0.03395,0.01395,0.011299999,-0.25281167,0.67726237,-0.51137465,-0.25751492,-0.20898168,0.08945,0.0906,0.057949997,0.06135,0.034050003,0.05885,0.02555,0.0302,0.01395,0.0127,-0.3880193,0.73313504,-0.2936635,-0.3402475,-0.23060341,0.0737,0.0622,0.0549,0.0663,0.0367,0.0483,0.0338,0.0394,0.0271,0.0275,-0.23787786,0.3930527,-0.11001459,-0.25449142,-0.13456392,-0.23787786,-0.3880193,0.15014143,0.060172603,3.0,0.73313504,-23.855377,-30.638088,-6.782711,-18.641766,-29.737665,-11.0959,0.024321098,0.0016347825,0.09292616,0.0016997334,0.3247328,172.94025,1.6930428,-0.02953757,-0.00065670715,433230.17141821294,2631073.901964136
24,0,water,13,271,20004,0.0728,0.0797,0.0447,0.0613,0.0463,0.0692,0.0418,0.0748,0.0671,0.0224,-0.03352563,0.08583045,0.23232113,0.099191055,-0.012367449,0.0774,0.0902,0.052649997,0.08455,0.06115,0.0629,0.0584,0.0639,0.0463,0.029599998,0.051778052,0.32160935,-0.11556719,-0.13910313,-0.15697485,0.0841,0.0852,0.067150004,0.090849996,0.04565,0.0707,0.06245,0.06925,0.0405,0.02135,-0.03626519,0.35560575,-0.21320821,-0.1349148,-0.15302847,0.0811,0.0543,0.0508,0.06,0.0517,0.0646,0.0768,0.0748,0.0368,0.0413,0.20376019,0.19209448,-0.3521096,0.10979148,-0.28635323,0.20376019,-0.03626519,0.24002539,0.097484335,3.0,0.35560575,-16.307112,-29.296804,-12.989693,-26.187632,-27.459051,-1.2714195,0.06669236,0.0019678099,0.09900516,0.0013188141,0.36928588,331.07715,6.3651047,-0.10758014,-0.026781814,435431.808678813,2639731.020119605
25,0,water,183,257,20003,0.08,0.0951,0.0529,0.0316,0.0234,0.036,0.0124,0.0179,0.0168,0.0158,-0.62020487,0.6997256,0.15067974,-0.2767621,-0.14003614,0.08925,0.097550005,0.0589,0.06755,0.048,0.0444,0.0392,0.036349997,0.02295,0.01585,-0.20081343,0.61908203,-0.26146,-0.3002859,-0.22158718,0.0882,0.1065,0.0417,0.045,0.0534,0.0259,0.0204,0.0271,0.0137,0.0136,-0.34298968,0.7720402,-0.19647521,-0.24826288,-0.32438827,0.0793,0.0878,0.0756,0.037,0.0494,0.038,0.0126,0.0108,0.0107,0.0005,-0.7142777,0.78273314,-0.081541546,-0.5481057,-0.031425174,-0.20081343,-0.7142777,0.5134643,0.20665514,1.0,0.78273314,-26.012062,-26.032803,-0.020740509,-21.08288,-25.535387,-4.452507,0.03946339,0.00073706696,0.10272537,0.0020229397,0.31661612,199.3948,12.901157,-0.11635417,0.19055475,435150.26715739485,2636334.906289812
26,0,water,358,204,20001,0.1134,0.0983,0.0794,0.0844,0.1048,0.1074,0.0908,0.1295,0.108,0.0679,0.066979624,-0.047018677,0.08651868,0.21084522,-0.04290077,0.0898,0.0951,0.0801,0.08775,0.0814,0.08885,0.10185,0.09845,0.09595,0.0755,0.119537696,-0.0044490714,-0.029827973,0.057464756,-0.042425763,0.083550006,0.0893,0.06435,0.07595,0.1067,0.103750005,0.11139999,0.11395,0.0731,0.0659,0.26770827,0.09975307,-0.20758691,0.20010428,-0.17298378,0.0905,0.1149,0.0779,0.0815,0.0794,0.0977,0.1114,0.1278,0.1146,0.0693,0.17696685,0.0013071735,0.014159238,0.2212125,-0.023833636,0.26770827,0.066979624,0.20072865,0.074430406,2.0,0.09975307,-20.55201,-30.086317,-9.5343075,-22.457075,-29.416285,-6.9592094,0.08431901,0.0020833882,0.09098685,0.0012678899,0.3183088,203.02145,4.2081985,-0.07298639,0.007598984,434082.35907887534,2632837.270903277
27,0,water,160,261,20003,0.0368,0.0606,0.0544,0.0482,0.0172,0.0251,0.0223,0.0275,0.026,0.0098,-0.41850823,0.39953348,0.076602995,-0.2734442,0.15268709,0.0926,0.07865,0.0612,0.0401,0.03135,0.04995,0.046350002,0.0321,0.01935,0.01425,-0.13807401,0.60509586,-0.4109527,-0.11080181,-0.26605803,0.0751,0.0959,0.068,0.0703,0.0377,0.0388,0.0163,0.0391,0.02,0.0253,-0.6132786,0.6548693,0.10192555,-0.28518936,-0.018951945,0.0801,0.0787,0.059,0.052,0.0179,0.0288,0.0347,0.0255,0.0146,0.0203,-0.25933558,0.6870237,-0.4076996,-0.3419311,-0.21868248,-0.13807401,-0.6132786,0.47520462,0.17813517,1.0,0.6870237,-20.91168,-30.553354,-9.641674,-25.856804,-26.20791,-0.35110664,0.027737103,0.00068453443,0.09249446,0.0017660506,0.3557282,216.47588,8.546245,-0.100535154,0.109439045,435221.21567434864,2636787.1317674085
28,0,water,384,195,10001,0.1102,0.1086,0.0853,0.088,0.0963,0.0643,0.0723,0.0527,0.0352,0.0393,-0.08248676,0.51042765,-0.3451131,-0.25088662,-0.2046198,0.093,0.097049996,0.07265,0.07005,0.067499995,0.06295,0.0632,0.0699,0.0378,0.0573,-0.06956153,0.43937382,-0.25148267,-0.0010718218,-0.17157255,0.0626,0.1055,0.0831,0.0542,0.053,0.0687,0.0757,0.0702,0.0694,0.0254,-0.046599194,0.20640248,-0.04341805,0.12861635,0.048830647,0.0981,0.0964,0.0671,0.0628,0.0389,0.0627,0.0588,0.05,0.0577,0.0448,-0.06592484,0.251134,-0.009441978,-0.113474146,-0.113950595,-0.046599194,-0.08248676,0.03588757,0.012853141,2.0,0.51042765,-21.69131,-29.164577,-7.4732666,-21.920345,-33.46517,-11.5448265,0.07875205,0.002030739,0.10846366,0.0029155393,0.3886356,189.32901,4.0414433,0.06908558,0.013940323,433913.2372389897,2632317.062763484
29,0,water,7,267,20004,0.1014,0.0673,0.0776,0.0498,0.0645,0.0391,0.0428,0.0206,0.0159,0.0247,-0.28903413,0.61778104,-0.45825455,-0.41476685,-0.21329315,0.091800004,0.0884,0.06805,0.0676,0.03965,0.0293,0.0286,0.02495,0.01815,0.01485,-0.4081696,0.6593087,-0.22352463,-0.46082702,-0.1655365,0.11265,0.1132,0.0798,0.06075,0.049500003,0.06105,0.049050003,0.0182,0.0163,0.03505,-0.23864771,0.7482568,-0.50114006,-0.53894186,-0.25445983,0.0772,0.0852,0.0686,0.044,0.015,0.03,0.0244,0.0361,0.0054,0.0313,-0.47526374,0.8807849,-0.63756245,-0.09862548,-0.15717453,-0.23864771,-0.47526374,0.23661603,0.093754984,2.0,0.8807849,-17.621326,-32.63833,-15.017002,-20.64619,-27.705282,-7.0590916,0.026394961,0.0017458834,0.109540336,0.0022136804,0.42072508,348.3542,9.660074,-0.14205956,0.08931263,435341.4031528724,2639854.873647196
30,0,water,203,253,20002,0.0809,0.0718,0.0539,0.0476,0.0181,0.0093,0.0044,0.0068,0.0085,0.0051,-0.84904206,0.78828406,0.31780484,-0.74998623,-0.15504296,0.087950006,0.0864,0.062400002,0.050350003,0.022149999,0.02385,0.0229,0.02455,0.006,0.00625,-0.46306613,0.8701205,-0.5847548,-0.3444547,-0.23681878,0.0884,0.1017,0.0622,0.0515,0.0294,0.0344,0.0465,0.0408,0.0005,0.0144,-0.14443287,0.9902056,-0.97870255,-0.11592506,-0.3653828,0.0795,0.071,0.0529,0.0629,0.0354,0.0377,0.0042,0.0005,0.025,0.0005,-0.85287476,0.4791617,0.71230435,-0.9842116,-0.035890833,-0.14443287,-0.85287476,0.70844185,0.2958921,2.0,0.9902056,-25.360943,-26.108978,-0.74803543,-21.762571,-23.666784,-1.904213,0.011099927,0.00017914972,0.053051945,0.00077200175,0.21229799,169.77173,3.5253274,-0.04863191,-0.03762881,435074.80758407345,2635921.784526428
31,0,water,325,212,20001,0.1144,0.0939,0.0655,0.0758,0.0341,0.0559,0.0416,0.0485,0.0193,0.0005,-0.22315384,0.6590048,-0.36616802,-0.21962816,-0.29567987,0.0828,0.0666,0.04895,0.05415,0.0368,0.04615,0.035949998,0.0204,0.00365,0.01285,-0.15311956,0.8960726,-0.81563604,-0.45271018,-0.38604966,0.0634,0.051,0.0538,0.0079,0.0304,0.0294,0.0292,0.0221,0.0013,0.0161,-0.29638198,0.9502687,-0.9147241,0.47331756,-0.2538913,0.1145,0.1046,0.0918,0.0757,0.0439,0.0437,0.0711,0.0517,0.0109,0.0267,-0.12707104,0.8112484,-0.7341374,-0.18838158,-0.28754672,-0.12707104,-0.29638198,0.16931094,0.06584447,3.0,0.9502687,-20.45818,-29.807957,-9.349777,-23.662067,-29.934923,-6.2728558,0.02251818,0.001738116,0.101183355,0.002357988,0.4660849,189.88116,6.456662,0.048415925,0.10149518,434245.3866505719,2633498.3025923567
32,0,water,396,189,10001,0.1181,0.1061,0.0901,0.0732,0.0571,0.0491,0.0397,0.0696,0.0179,0.0346,-0.38828668,0.71128464,-0.3784657,-0.025209917,-0.18735823,0.088149995,0.08145,0.07785,0.0594,0.02375,0.065400004,0.04145,0.0408,0.02375,0.03005,-0.30511057,0.5484739,-0.27146825,-0.18562688,-0.12110671,0.0908,0.0749,0.0645,0.0563,0.06,0.0422,0.05,0.0299,0.0185,0.0059,-0.12663642,0.6038479,-0.45984733,-0.30626094,-0.25826517,0.0888,0.0824,0.052,0.0617,0.0204,0.0564,0.0413,0.0388,0.0066,0.0185,-0.114682615,0.85167587,-0.7244108,-0.22785842,-0.3789063,-0.114682615,-0.38828668,0.27360407,0.11685917,3.0,0.85167587,-18.196373,-26.907755,-8.711382,-25.882786,-31.67698,-5.7941933,0.04349631,0.0011518812,0.09884178,0.002158359,0.33552295,186.36897,4.7528405,-0.0014154942,0.082845524,433795.6868135123,2632066.511576516
33,0,water,121,257,20003,0.0669,0.0861,0.0442,0.0408,0.0133,0.0172,0.0246,0.0239,0.0005,0.0064,-0.2848796,0.9884412,-0.96012115,-0.26120156,-0.3436098,0.111999996,0.11185001,0.0705,0.05035,0.059100002,0.0524,0.0176,0.0421,0.02695,0.02345,-0.60044724,0.6116671,0.20987183,-0.08923644,-0.14159809,0.1153,0.1013,0.0687,0.059,0.0432,0.0317,0.0163,0.0464,0.0213,0.009,-0.61646336,0.6525232,0.13297516,-0.11954347,-0.18772474,0.0936,0.0608,0.0263,0.0417,0.041,0.0211,0.0365,0.0191,0.0345,0.0231,0.1624178,0.27596775,-0.028168624,-0.37170446,-0.36301538,0.1624178,-0.61646336,0.7788812,0.31607765,3.0,0.9884412,-19.943325,-27.912144,-7.9688187,-19.652758,-31.419605,-11.766848,0.03511461,0.0025695022,0.102376044,0.0024295182,0.3428226,210.72398,4.646809,0.07567488,0.028921582,435152.8327511902,2637569.715002208
34,0,water,197,256,20003,0.0835,0.0917,0.0216,0.0541,0.0367,0.0318,0.0277,0.0401,0.031,0.0034,0.12372972,0.4946985,0.056217104,-0.14861837,-0.35775116,0.091350004,0.09595,0.0739,0.04795,0.042400002,0.04265,0.0365,0.042999998,0.0217,0.0239,-0.33876505,0.6311038,-0.25429115,-0.054424934,-0.14432691,0.0712,0.083,0.0504,0.0521,0.0391,0.0553,0.0414,0.0299,0.0005,0.0295,-0.098038144,0.98801214,-0.97611034,-0.2707284,-0.37736773,0.0844,0.105,0.0628,0.0415,0.0417,0.0462,0.0284,0.0587,0.0377,0.0197,-0.37718886,0.4716154,0.1406938,0.17165498,-0.057664987,0.12372972,-0.37718886,0.50091857,0.20176607,0.0,0.98801214,-19.042564,-28.963247,-9.920683,-26.00359,-28.11704,-2.113451,0.031424824,0.0007037087,0.060204312,0.00055534806,0.21403536,173.29726,4.2554173,0.032697998,-0.066610016,435128.07936295005,2636059.6111836177
35,0,water,377,231,20001,0.1062,0.1138,0.1381,0.1396,0.1668,0.1622,0.1785,0.173,0.2012,0.1641,0.1276054,-0.2774594,0.059783872,0.10684547,0.08749982,0.08715,0.10765,0.12135,0.12529999,0.1516,0.1494,0.17680001,0.17575,0.1749,0.1498,0.18597962,-0.23801014,-0.005402365,0.1675796,0.057657816,0.0907,0.096149996,0.09275,0.1031,0.15380001,0.19105,0.208,0.19440001,0.17645,0.1351,0.38320735,-0.29456973,-0.08206508,0.30688974,-0.051945686,0.0993,0.0839,0.1244,0.1236,0.1456,0.1635,0.1618,0.1756,0.1735,0.1372,0.13067739,-0.348095,0.03489403,0.17379624,0.06583171,0.38320735,0.1276054,0.25560194,0.10442636,2.0,-0.23801014,-23.325352,-28.658354,-5.333002,-23.139381,-30.56672,-7.4273376,0.017541848,0.00034549937,0.014623494,0.00013960862,0.03816567,213.969,1.693229,0.020702498,-0.021083122,434636.55945762026,2632451.0706038796
36,0,water,128,258,20003,0.0582,0.0663,0.0562,0.0457,0.0863,0.0741,0.0703,0.0656,0.0514,0.0604,0.11146155,0.12659195,-0.15529865,0.17879446,-0.08852142,0.0933,0.1052,0.0759,0.07895,0.0805,0.0641,0.08155,0.0847,0.08935,0.0541,0.03588417,0.08146964,0.045640446,0.03513575,-0.028226905,0.0972,0.1171,0.0742,0.0731,0.1028,0.0918,0.0712,0.0892,0.0724,0.0554,-0.020632587,0.23588264,0.008356526,0.09919839,-0.06920607,0.0499,0.0674,0.0418,0.0744,0.0709,0.0684,0.073,0.0775,0.059,0.0347,0.27177465,0.06645518,-0.1060598,0.020408032,-0.09879257,0.27177465,-0.020632587,0.29240724,0.109886736,3.0,0.23588264,-17.579908,-27.05434,-9.474432,-20.18172,-28.95738,-8.77566,0.08720134,0.002499997,0.10118265,0.0020291389,0.378429,209.90457,12.033074,0.025309626,0.20693427,435162.63181340124,2637420.8239732445
37,0,water,403,186,10000,0.1366,0.1309,0.0834,0.1009,0.0739,0.0889,0.0988,0.0885,0.0768,0.0923,0.08452203,0.26047054,-0.12528402,-0.06546956,-0.19009052,0.0781,0.09415,0.065400004,0.0658,0.06395,0.08759999,0.0794,0.0727,0.078700006,0.05705,0.0966844,0.0893833,-0.00442753,0.049819116,-0.04442952,0.0685,0.0738,0.0646,0.075,0.0738,0.0762,0.0802,0.0977,0.095,0.053,0.107734084,-0.12559168,0.084474385,0.13144103,0.035355028,0.0805,0.0831,0.0659,0.0644,0.0677,0.0844,0.0506,0.0877,0.0745,0.0667,-0.13132933,0.05456816,0.19104566,0.15318769,0.034253992,0.107734084,-0.13132933,0.23906341,0.098913535,2.0,0.26047054,-23.455973,-29.25085,-5.794878,-17.75021,-29.689789,-11.939579,0.06576129,0.0019208462,0.08577564,0.0015362635,0.35912624,175.02983,8.974197,-0.015838118,-0.15518354,433727.1305064344,2631933.481928616
38,0,water,287,390,30002,0.0909,0.0719,0.0821,0.068,0.0841,0.0983,0.0966,0.0706,0.0899,0.0521,0.08114117,-0.11124776,-0.035924748,0.018758878,-0.043115344,0.0585,0.0863,0.07005,0.06245,0.069649994,0.074650005,0.06605,0.077999994,0.08705,0.0699,-0.029389944,-0.0043264693,0.13716434,0.11071473,0.11556852,0.0325,0.0758,0.0274,0.0565,0.0817,0.0813,0.0758,0.0593,0.069,0.0434,0.4689877,0.046961024,-0.046961024,0.024179434,-0.058133572,0.0505,0.0929,0.0618,0.065,0.0875,0.0949,0.0884,0.0799,0.0917,0.0727,0.17709602,0.0065004956,0.018323073,0.10282882,0.049931455,0.4689877,-0.029389944,0.49837765,0.18507886,2.0,0.046961024,-20.03926,-32.26342,-12.224159,-23.281248,-27.501719,-4.2204704,0.0653417,0.001564788,0.0532849,0.0008309649,0.1883088,348.91183,1.2218734,-0.02132139,-0.0003397807,437814.046138476,2634259.9956289344
39,0,water,268,230,20002,0.0965,0.099,0.1116,0.1076,0.0967,0.0958,0.1183,0.0857,0.117,0.0693,0.029142985,-0.08333295,-0.005524837,-0.11329483,0.031123057,0.09735,0.09865,0.095,0.0861,0.0907,0.092999995,0.0862,0.0951,0.124850005,0.09445,-0.048564855,-0.11722544,0.18313111,0.04966862,0.08998491,0.06775,0.0868,0.069350004,0.09105,0.0847,0.108449996,0.1035,0.10095,0.095,0.07115,0.19756897,-0.045104247,-0.042820953,0.05156225,-0.020560121,0.0922,0.1308,0.1213,0.1072,0.112,0.1253,0.118,0.0889,0.1033,0.0844,-0.013790148,0.11747066,-0.066425376,-0.093319245,0.033118542,0.19756897,-0.048564855,0.24613382,0.094443396,2.0,0.11747066,-19.861696,-25.588379,-5.7266827,-22.91497,-27.51565,-4.6006794,0.076246224,0.0017485365,0.090686925,0.00091927114,0.3334809,187.49387,5.204631,-0.05235621,-0.07407893,434608.13044257945,2634636.9662568825
40,0,water,425,164,10000,0.1175,0.1234,0.0698,0.0649,0.057,0.0403,0.0393,0.0575,0.0396,0.0332,-0.27955747,0.5141073,0.0038022506,-0.060457043,-0.17806095,0.091350004,0.08155,0.052050002,0.052699998,0.03755,0.05065,0.026999999,0.0174,0.02505,0.015249999,-0.31688407,0.5300138,-0.03746325,-0.5035592,-0.21105032,0.08435,0.092250004,0.0753,0.05525,0.04395,0.0523,0.0482,0.024050001,0.02135,0.019450001,-0.21943142,0.6241143,-0.38604766,-0.39343765,-0.15663107,0.0895,0.0573,0.0755,0.0453,0.0411,0.0401,0.0332,0.0577,0.0027,0.0157,-0.38914087,0.9099848,-0.8495585,0.1203872,-0.22150217,-0.21943142,-0.38914087,0.16970946,0.061510317,2.0,0.9099848,-23.035744,-25.64431,-2.6085663,-21.332062,-27.158909,-5.826847,0.045028266,0.0009139029,0.08064465,0.0014872408,0.3028061,182.84618,1.8266661,-0.0021149078,0.031805698,433292.21618313034,2631495.019871946
41,0,water,110,253,20003,0.0643,0.0631,0.0555,0.0699,0.0329,0.05,0.024,0.0355,0.0005,0.0013,-0.39622143,0.9842613,-0.9591446,-0.3263726,-0.22383767,0.0852,0.08715,0.0758,0.0568,0.039750002,0.056500003,0.024699999,0.0328,0.022950001,0.0084,-0.50845265,0.583101,-0.036725312,-0.26785418,-0.053438496,0.11735,0.08795,0.0802,0.05185,0.0536,0.06365,0.049850002,0.0501,0.0212,0.01615,-0.23336998,0.6115381,-0.4032315,-0.017165108,-0.24497302,0.0838,0.0712,0.033,0.0352,0.0578,0.0399,0.0255,0.0275,0.0087,0.0297,-0.12820294,0.78221804,-0.49121374,-0.12280505,-0.44767922,-0.12820294,-0.50845265,0.3802497,0.14625978,3.0,0.9842613,-20.051794,-29.77722,-9.725426,-19.95607,-26.90427,-6.9482,0.030241387,0.0020025428,0.098690905,0.0021615813,0.2842131,201.15327,4.6590347,0.019805357,0.07877434,435060.7309765557,2637782.946535448
42,0,water,175,260,20003,0.0469,0.0549,0.0463,0.0471,0.0364,0.0437,0.0055,0.0005,0.0117,0.0058,-0.7876296,0.6486389,0.36044413,-0.978971,0.05072419,0.0872,0.082949996,0.072850004,0.044,0.02835,0.0404,0.0268,0.024100002,0.011949999,0.0077,-0.4621128,0.748148,-0.38321593,-0.292213,-0.14688052,0.0956,0.0713,0.0599,0.0372,0.049,0.0601,0.0497,0.0259,0.0152,0.0169,-0.09306486,0.6485474,-0.5315789,-0.17907797,-0.31851032,0.0865,0.0711,0.0585,0.0371,0.0279,0.0506,0.0135,0.006,0.0104,0.0267,-0.62499136,0.7447761,-0.12970169,-0.72156096,-0.18413153,-0.09306486,-0.7876296,0.69456476,0.25745195,2.0,0.748148,-20.889503,-27.381931,-6.492428,-20.82726,-29.789145,-8.961885,0.019489022,0.0017765275,0.08601256,0.0015020496,0.30781195,197.99814,5.24718,-0.042942297,-0.080743656,435201.3048470469,2636499.0620309445
43,0,water,236,5,2,0.1177,0.1179,0.1181,0.0854,0.1363,0.119,0.1301,0.1383,0.1358,0.1059,0.04834789,-0.07055551,0.021436574,0.23647638,0.012158634,0.08355,0.074499995,0.099700004,0.087799996,0.1101,0.11435,0.113450006,0.109050006,0.13425,0.12745,0.06450827,-0.2862262,0.083972186,0.10794972,0.085740626,0.0622,0.077,0.0755,0.1051,0.1004,0.1299,0.1278,0.1347,0.1253,0.1156,0.25725406,-0.23875315,-0.009877469,0.12343569,0.027635558,0.1109,0.1567,0.1124,0.1255,0.1277,0.1362,0.1288,0.143,0.1377,0.1124,0.06799309,0.0645378,0.033395752,0.06517671,0.021233136,0.25725406,0.04834789,0.20890617,0.08561239,2.0,0.0645378,-21.807995,-29.388264,-7.580269,-19.855328,-26.704147,-6.8488197,0.04897686,0.0018471316,0.033289965,0.00058706675,0.08939965,325.2325,1.7879522,-0.019672336,0.024217265,430116.39214244566,2635275.064074742
44,0,water,189,256,20003,0.0895,0.0867,0.0492,0.0271,0.0423,0.0257,0.021,0.0408,0.0181,0.0014,-0.4017037,0.6545739,-0.07416688,0.20176435,-0.24296828,0.09155,0.099199995,0.0581,0.04795,0.03545,0.02355,0.03705,0.043899998,0.0183,0.010249999,-0.2212273,0.6885048,-0.3387473,-0.04409317,-0.25463292,0.0862,0.0969,0.0685,0.0522,0.038,0.0432,0.0299,0.032,0.0146,0.0174,-0.39227244,0.73810995,-0.3438125,-0.23990212,-0.16566181,0.067,0.0684,0.0981,0.0479,0.039,0.0271,0.0506,0.0398,0.0005,0.0305,-0.31943294,0.9854719,-0.98041135,-0.09235927,-0.08788119,-0.2212273,-0.4017037,0.18047638,0.07229952,1.0,0.9854719,-24.77621,-31.020744,-6.2445335,-20.36444,-31.916327,-11.551886,0.024521278,0.0003342503,0.08935475,0.0014167255,0.3067755,184.30534,8.928944,-0.14173108,-0.06326349,435130.1671761275,2636215.611835566
45,0,water,404,146,10000,0.1105,0.1238,0.1215,0.1166,0.1669,0.1471,0.159,0.1472,0.1414,0.1096,0.13368934,-0.06636473,-0.058588352,0.11599654,-0.012396656,0.07965,0.10425,0.1095,0.1127,0.1319,0.15959999,0.1481,0.1609,0.14250001,0.10945,0.14984414,-0.15501462,-0.019270375,0.17616893,0.050547052,0.08575,0.112900004,0.0784,0.09505,0.1455,0.1603,0.18535,0.17504999,0.1356,0.09975,0.40549606,-0.09134771,-0.15500808,0.29618546,-0.11770742,0.0888,0.111,0.0752,0.1022,0.1307,0.1253,0.1673,0.1654,0.1223,0.1001,0.37979224,-0.048435275,-0.1553862,0.23617248,-0.12918845,0.40549606,0.13368934,0.27180672,0.12589708,2.0,-0.048435275,-22.137209,-30.411968,-8.274759,-20.309084,-27.228756,-6.919672,0.06238405,0.0016184952,0.07329669,0.000640095,0.16079983,273.9675,2.2581058,-0.022680983,0.032218408,432922.4507547538,2631907.977357318
46,0,water,246,235,20002,0.0838,0.0954,0.0752,0.0925,0.0988,0.1422,0.1302,0.1184,0.1023,0.0524,0.26776892,-0.034901217,-0.11999946,0.12280642,-0.0932309,0.0988,0.1074,0.087400004,0.1118,0.1047,0.11945,0.1072,0.1095,0.1164,0.1134,0.10174661,-0.04021431,0.041144747,-0.0103930915,-0.005368441,0.08325,0.10065,0.0805,0.08930001,0.11265,0.11,0.1153,0.12635,0.10695,0.07455,0.17773147,-0.030346686,-0.037570134,0.17180534,-0.028756427,0.1103,0.1332,0.1091,0.0975,0.1076,0.1109,0.1138,0.1092,0.1194,0.0998,0.021085583,0.054631617,0.024013642,0.05660352,0.009721619,0.26776892,0.021085583,0.24668333,0.091289595,0.0,0.054631617,-19.801239,-29.228092,-9.426853,-21.89849,-28.418707,-6.520216,0.09236479,0.0026535175,0.105987504,0.0016655741,0.31977025,190.10176,1.3986617,0.02371942,0.005760201,434707.45546154457,2635074.1514257775
47,0,water,234,240,20002,0.0804,0.1043,0.1066,0.114,0.0989,0.1018,0.1079,0.1125,0.1365,0.0977,0.006060576,-0.13372038,0.1170208,-0.0066225007,0.12702799,0.113350004,0.12695,0.10625,0.112399995,0.12145001,0.1257,0.109,0.11885,0.12815,0.11925,0.012775756,-0.00470404,0.08075026,0.027891794,0.026381994,0.08285,0.1029,0.068,0.09225,0.09875,0.1067,0.1109,0.107700005,0.1078,0.081,0.2397974,-0.023255708,-0.014174606,0.077268966,-0.04857245,0.1323,0.1444,0.0997,0.122,0.1253,0.1162,0.1179,0.1297,0.1175,0.1061,0.08363934,0.10271056,-0.0016992253,0.030591864,-0.0706032,0.2397974,0.006060576,0.23373683,0.09408849,2.0,0.10271056,-23.358734,-27.089687,-3.7309532,-17.997581,-26.689663,-8.692081,0.08621819,0.0022539152,0.10619692,0.0017197493,0.29540303,177.31877,4.1757755,-0.056548063,0.045875523,434806.9406320968,2635307.277929168
48,0,water,222,245,20002,0.0939,0.0926,0.0595,0.0442,0.0728,0.0971,0.0821,0.1076,0.0655,0.0506,0.15960336,0.17140943,-0.11246535,0.41765204,-0.16943464,0.1024,0.10165,0.0837,0.0713,0.086500004,0.09265,0.07325,0.0729,0.07575,0.06685,-0.06658128,0.14599693,0.016778395,0.011095605,-0.04834365,0.0815,0.094349995,0.06305,0.0753,0.0744,0.085,0.0856,0.08565,0.0732,0.03615,0.1516976,0.12623018,-0.078085154,0.06430526,-0.101697385,0.093,0.1001,0.0799,0.0926,0.0995,0.0986,0.0973,0.0904,0.0646,0.0394,0.09819361,0.21554214,-0.2019753,-0.012021792,-0.13679771,0.15960336,-0.06658128,0.22618464,0.09105364,0.0,0.21554214,-23.045395,-30.259857,-7.2144623,-20.444485,-31.296383,-10.851898,0.07633213,0.0018619042,0.09784701,0.0015425343,0.33226562,187.25731,11.638865,0.1718627,-0.10565597,434916.7320586067,2635545.7015742953
49,0,water,220,249,20002,0.0776,0.0838,0.0668,0.0697,0.0626,0.0553,0.0554,0.0458,0.0552,0.0758,-0.09328892,0.20575395,-0.001808299,-0.20692463,-0.043137114,0.11094999,0.0808,0.0755,0.075,0.06505,0.0653,0.05725,0.05475,0.048100002,0.05625,-0.13747539,0.25368303,-0.086852506,-0.15606819,-0.15284385,0.1039,0.09095,0.09285,0.066750005,0.06635,0.078999996,0.06155,0.04395,0.0523,0.03135,-0.20271891,0.26980615,-0.08124655,-0.20596024,-0.06535716,0.1006,0.1001,0.0901,0.0823,0.0647,0.0928,0.0716,0.0492,0.0513,0.0474,-0.1144087,0.32232285,-0.16517358,-0.2517091,-0.09821396,-0.09328892,-0.20271891,0.10942999,0.041049432,0.0,0.32232285,-22.448391,-30.405542,-7.9571514,-19.355827,-26.867596,-7.5117683,0.056223363,0.0014882381,0.09857393,0.001098391,0.3086395,179.75633,12.056419,0.20874412,-0.007386596,434982.0302910852,2635588.071500509
50,0,water,53,315,30004,0.1035,0.0823,0.1132,0.1056,0.1146,0.1422,0.1354,0.13,0.1232,0.1547,0.0892997,-0.1990258,-0.047176916,0.10356491,-0.0052598193,0.09594999,0.10505,0.11225,0.11545,0.12900001,0.1137,0.12485,0.11945,0.11825,0.123050004,0.053141896,-0.059113037,-0.027149212,0.017028453,0.02149345,0.14115,0.124249995,0.1218,0.1247,0.1177,0.14635,0.12924999,0.1379,0.113299996,0.12275,0.029675212,0.046095364,-0.065759346,0.05026634,-0.06983169,0.0989,0.1207,0.1112,0.1198,0.1055,0.1323,0.1263,0.1245,0.1417,0.1312,0.06357872,-0.08003017,0.05746244,0.019238552,0.057937562,0.0892997,0.029675212,0.05962449,0.021408375,0.0,0.046095364,-21.720959,-27.565367,-5.844408,-19.705915,-30.128216,-10.4223,0.031383466,0.00089203374,0.04200895,0.00057497196,0.15006672,239.4072,2.1414478,0.030091561,-0.022153143,436315.5739406453,2638932.0452704015
51,0,water,204,250,20002,0.1006,0.1165,0.0985,0.1201,0.1386,0.1456,0.1815,0.1504,0.1544,0.1568,0.29642752,-0.13990353,-0.080678515,0.11201436,-0.054579318,0.12615,0.12845,0.102,0.132,0.12925,0.15355,0.13984999,0.14235,0.17155,0.1594,0.1565013,-0.14366618,0.10179805,0.037725408,0.013993175,0.1149,0.125,0.1298,0.1476,0.1446,0.1684,0.1495,0.1647,0.1561,0.1574,0.070533186,-0.1106364,0.021596812,0.054754887,0.03906951,0.0857,0.0935,0.1092,0.1371,0.1318,0.1493,0.1549,0.1599,0.1911,0.1617,0.17303984,-0.34293622,0.10462397,0.076767415,0.11037142,0.29642752,0.070533186,0.22589433,0.08062404,0.0,-0.1106364,-4.4133472,-11.255399,-6.8420515,-5.185604,-9.761184,-4.5755796,0.05435598,0.0010110202,0.07130913,0.0005410776,0.21762387,171.17216,5.8801003,-0.040966805,0.09389951,435018.410988795,2635906.990631294
52,0,water,390,193,10001,0.101,0.1413,0.1061,0.0591,0.0715,0.0642,0.0373,0.0588,0.0073,0.0353,-0.47977352,0.90174353,-0.67263067,-0.0025444876,-0.09892692,0.095400006,0.1137,0.0808,0.050499998,0.048550002,0.04205,0.02675,0.04025,0.0196,0.0189,-0.5025523,0.7059212,-0.15425773,-0.112946406,-0.09773042,0.0844,0.0981,0.0717,0.0644,0.0624,0.0357,0.0245,0.0528,0.0395,0.0075,-0.49063945,0.42586896,0.23437136,-0.098975286,0.010449789,0.0704,0.0877,0.0474,0.0551,0.0385,0.0376,0.0255,0.0408,0.0412,0.0285,-0.30040744,0.36074197,0.23537882,-0.1491121,-0.039566163,-0.30040744,-0.5025523,0.20214483,0.0829163,3.0,0.90174353,-19.8984,-27.667435,-7.7690353,-25.752394,-30.378977,-4.626583,0.04849368,0.0023270396,0.11082935,0.0027143008,0.37233984,186.67488,5.5782948,-0.09221164,0.030757029,433872.18302408385,2632198.5817994494
53,0,water,404,181,10000,0.1225,0.1088,0.1172,0.1076,0.1065,0.099,0.1109,0.1112,0.1086,0.0681,-0.027619354,0.0009199745,-0.01047832,0.01645328,-0.016550474,0.087349996,0.09515,0.0875,0.0832,0.0987,0.0887,0.078899994,0.0887,0.094,0.07925,-0.051682413,0.006079823,0.08733323,0.031995136,0.043853212,0.0802,0.0655,0.0701,0.0783,0.0987,0.0923,0.0987,0.1007,0.0769,0.0573,0.16943029,-0.08005562,-0.124145105,0.12513897,-0.09788249,0.1116,0.084,0.0778,0.0515,0.0627,0.0863,0.0994,0.0779,0.0675,0.0601,0.121895485,0.10891014,-0.19113123,0.20401697,-0.18439463,0.16943029,-0.051682413,0.2211127,0.09455221,2.0,0.10891014,-21.501232,-27.515717,-6.0144844,-19.68868,-28.841629,-9.152948,0.07477614,0.0017010943,0.09373228,0.0015244484,0.36146778,167.48242,7.8707733,-0.13651596,0.010759128,433635.64854960155,2631915.666087851
54,0,water,25,274,20004,0.075,0.0935,0.0518,0.0592,0.049,0.03,0.0347,0.016,0.0111,0.0066,-0.1976856,0.78775537,-0.51527256,-0.5744605,-0.2711456,0.09075,0.09915,0.080749996,0.052149996,0.0441,0.0376,0.03565,0.0316,0.008699999,0.020550001,-0.3874537,0.8386571,-0.60765266,-0.2453702,-0.1711829,0.1208,0.1092,0.08305,0.068450004,0.0535,0.04965,0.02985,0.0386,0.0181,0.02855,-0.47120932,0.7156268,-0.24504182,-0.27883908,-0.19658384,0.0785,0.0724,0.0482,0.0567,0.0238,0.0406,0.0336,0.0482,0.0393,0.0033,-0.17848195,0.29632685,0.078188226,-0.08102877,-0.1232459,-0.17848195,-0.47120932,0.29272735,0.12439088,3.0,0.8386571,-25.278255,-30.361725,-5.0834694,-20.441835,-26.630495,-6.1886597,0.036146645,0.0037786053,0.124790154,0.0028520522,0.35230038,298.402,15.851804,-0.27077946,0.035909206,435493.16642703,2639482.249771159
55,0,water,157,262,20003,0.0531,0.0469,0.0471,0.0265,0.0352,0.0223,0.0198,0.0005,0.004,0.0325,-0.40806568,0.84281254,-0.6638376,-0.96292734,-0.17580502,0.08575,0.0747,0.0751,0.05475,0.03585,0.0446,0.02715,0.03665,0.020100001,0.0039000001,-0.4689441,0.5759433,-0.14920315,-0.19802849,-0.08505483,0.0769,0.0935,0.0633,0.0478,0.0649,0.052,0.0326,0.0005,0.0377,0.0126,-0.3201218,0.42530164,0.07254521,-0.97927576,-0.040379867,0.0645,0.0623,0.0394,0.0501,0.034,0.0278,0.0385,0.0271,0.0062,0.0005,-0.01155313,0.8189662,-0.72257894,-0.2979236,-0.38626927,-0.01155313,-0.4689441,0.45739096,0.17593175,3.0,0.84281254,-21.05691,-31.205694,-10.148785,-22.532953,-28.419098,-5.8861446,0.022912635,0.001688045,0.08025849,0.0014557294,0.34282553,215.1394,6.317298,0.057062082,0.09408234,435248.1180362521,2636854.176872223
56,0,water,358,202,20001,0.1077,0.1008,0.0967,0.0652,0.0919,0.079,0.0577,0.0279,0.0325,0.0216,-0.25258905,0.5123742,-0.2793761,-0.40064022,-0.12287806,0.0986,0.07835,0.06685,0.045500003,0.047650002,0.0458,0.03795,0.045900002,0.0187,0.0086,-0.2757607,0.61462533,-0.33979985,0.0043763123,-0.22962531,0.0791,0.0655,0.0764,0.0521,0.0425,0.0524,0.0365,0.0326,0.0254,0.0271,-0.35340697,0.44113928,-0.17931859,-0.23022158,-0.06347719,0.118,0.1037,0.0674,0.0657,0.0561,0.0509,0.061,0.0761,0.0573,0.0145,-0.04984385,0.28819695,-0.031276144,0.0733422,-0.17879428,-0.04984385,-0.35340697,0.30356312,0.112089455,3.0,0.61462533,-23.163036,-28.273005,-5.109968,-19.404758,-26.424452,-7.0196934,0.047070507,0.0016971034,0.088725545,0.001749306,0.31279454,204.32092,8.803968,-0.1082688,0.108182624,434051.8798010425,2632835.742100848
57,0,water,331,209,20001,0.092,0.1073,0.0986,0.0844,0.0996,0.1017,0.1016,0.1098,0.0801,0.0659,0.014984934,0.1451433,-0.11832626,0.13079235,-0.040021375,0.08355,0.08765,0.0747,0.0745,0.0759,0.06565,0.078449994,0.06345,0.06415,0.0621,0.024485616,0.15480796,-0.10027978,-0.08010091,-0.076948375,0.0694,0.0773,0.0576,0.0658,0.0593,0.0591,0.0637,0.0803,0.0635,0.03,0.05028812,0.09801064,-0.0015722826,0.0992464,-0.04720674,0.1105,0.1198,0.0921,0.09,0.1128,0.0807,0.0761,0.086,0.0694,0.0731,-0.095124304,0.26638338,-0.046047803,-0.022727147,-0.07210548,0.05028812,-0.095124304,0.14541242,0.055665124,2.0,0.26638338,-17.964487,-27.94807,-9.983583,-22.743683,-27.486763,-4.74308,0.07693606,0.0022206125,0.09785422,0.0016851709,0.3620467,205.96233,8.624413,0.014642064,0.14924006,434192.49413096695,2633368.761257497
58,0,water,96,248,20004,0.0543,0.072,0.0537,0.0383,0.0235,0.0359,0.0298,0.0425,0.0351,0.0172,-0.28622413,0.34453458,0.08166287,0.05197956,0.027183173,0.095800005,0.10690001,0.06275,0.0566,0.03495,0.0611,0.04775,0.04395,0.0021,0.01435,-0.13574536,0.9614591,-0.915729,-0.12580682,-0.3776374,0.112100005,0.10355,0.0753,0.0646,0.0322,0.052050002,0.033150002,0.05815,0.0136,0.0357,-0.38865477,0.7678125,-0.41817293,-0.052545376,-0.2406567,0.1023,0.076,0.0295,0.0475,0.0196,0.0496,0.054,0.0021,0.0284,0.0252,0.29340968,0.45593435,-0.31067586,-0.91530424,-0.45938167,0.29340968,-0.38865477,0.6820644,0.2601034,3.0,0.9614591,-23.595123,-25.111633,-1.51651,-22.400444,-30.048077,-7.6476326,0.029337252,0.0014479822,0.10513424,0.0026187988,0.31455725,196.74786,5.41565,0.06750905,0.06595572,434966.3844444779,2638074.301505652
59,3,built_up,239,1,2,0.1248,0.1362,0.1121,0.1027,0.1292,0.1164,0.118,0.1295,0.1219,0.0727,0.025640927,0.05540465,0.016256703,0.11541724,-0.018456336,0.0767,0.0882,0.09774999,0.0773,0.1017,0.09365,0.095,0.081499994,0.10785,0.0987,-0.014267083,-0.10022901,0.063347,0.026448177,0.08984867,0.09909999,0.09775,0.09,0.07105,0.10515,0.1205,0.118200004,0.110599995,0.0959,0.1017,0.13544603,0.009553276,-0.10415647,0.21772516,-0.07787678,0.1411,0.1425,0.1237,0.1006,0.1034,0.1157,0.1193,0.1126,0.109,0.0836,-0.01810692,0.13320026,-0.04511589,0.056284923,-0.056175116,0.13544603,-0.01810692,0.15355295,0.062033735,2.0,0.13320026,-22.871622,-32.72736,-9.855738,-18.38865,-35.78025,-17.3916,0.07388434,0.0027061247,0.077049725,0.001617226,0.15919873,333.13876,2.9371562,0.02155062,0.04648838,430028.7295297487,2635212.696302881
60,0,water,139,260,20003,0.0698,0.0741,0.0383,0.0406,0.0619,0.085,0.0929,0.0818,0.0411,0.0606,0.41615537,0.2864559,-0.38656428,0.33659855,-0.34407127,0.08685,0.095149994,0.0838,0.06855,0.08005,0.0755,0.0642,0.09025,0.069299996,0.0585,-0.13243157,0.15718968,0.03820194,0.13664903,0.006740065,0.0842,0.0681,0.0686,0.0837,0.0792,0.0869,0.0787,0.088,0.0536,0.0581,0.06856708,0.11914446,-0.18971892,0.025043525,-0.14275645,0.0499,0.0877,0.035,0.0447,0.0526,0.0716,0.0672,0.0648,0.0272,0.0366,0.31506538,0.5265403,-0.42372435,0.18355997,-0.306189,0.41615537,-0.13243157,0.54858696,0.21409692,0.0,0.5265403,-22.724468,-26.257122,-3.5326538,-23.367708,-31.942131,-8.574423,0.08150247,0.0020513786,0.09348698,0.0014413128,0.3610756,224.67998,13.905235,0.07237019,0.22916085,435205.6568216023,2637203.103438947
61,0,water,187,256,20003,0.0512,0.0842,0.0565,0.0483,0.0428,0.0466,0.0517,0.0218,0.0049,0.0189,-0.04436188,0.89000124,-0.8268405,-0.378026,-0.2525852,0.079500005,0.1037,0.061499998,0.07435,0.046,0.051650003,0.0515,0.0472,0.032,0.02025,-0.08849478,0.52836746,-0.23353013,-0.22336301,-0.16703714,0.0977,0.0966,0.0765,0.0782,0.0656,0.0412,0.0558,0.0493,0.0245,0.0086,-0.15646142,0.5953709,-0.38978347,-0.22666487,-0.20628601,0.0881,0.0971,0.0721,0.0613,0.0522,0.0546,0.0321,0.0345,0.0316,0.0224,-0.3838735,0.5089316,-0.007849187,-0.27974656,-0.073693305,-0.04436188,-0.3838735,0.3395116,0.13071114,0.0,0.89000124,-20.664894,-31.797804,-11.13291,-20.616806,-26.077812,-5.461006,0.056825697,0.0011082015,0.10165607,0.001599633,0.31954846,190.38896,9.593218,-0.15216358,0.067964256,435137.7740466339,2636259.1881367597
62,0,water,42,275,20004,0.0945,0.0709,0.0881,0.0762,0.1178,0.091,0.0905,0.1054,0.0753,0.0479,0.013437752,-0.030095553,-0.091676146,0.16079208,-0.061997548,0.105000004,0.0924,0.091350004,0.0864,0.0932,0.10685,0.08315,0.07865,0.07865,0.080249995,-0.046991162,0.080385394,-0.027811954,-0.046955213,-0.050676953,0.11755,0.11215,0.07355,0.091350004,0.10755,0.111200005,0.11175,0.09165,0.056100003,0.053099997,0.20615107,0.33313322,-0.331544,0.0016393224,-0.27761447,0.0842,0.1093,0.0832,0.092,0.0775,0.0715,0.0982,0.1086,0.0844,0.0752,0.08268973,0.12854867,-0.07557463,0.082751326,-0.04228558,0.20615107,-0.046991162,0.25314224,0.09411653,2.0,0.33313322,-20.46128,-32.59674,-12.13546,-20.011621,-37.70587,-17.69425,0.10244091,0.0035332358,0.124305,0.0019378779,0.35428807,245.67136,13.401273,-0.17342617,-0.15375458,435501.35850442515,2639153.913414842
63,0,water,444,161,10000,0.1277,0.1027,0.066,0.0703,0.0759,0.0567,0.044,0.0491,0.0364,0.0219,-0.19999819,0.47663212,-0.094526164,-0.17755294,-0.25282648,0.09365,0.08245,0.07705,0.04115,0.031549998,0.04485,0.0277,0.045100003,0.02305,0.02245,-0.47111723,0.5630278,-0.09162378,0.045796607,-0.095958,0.08665,0.078099996,0.0726,0.0586,0.0249,0.044600002,0.028700002,0.0315,0.01645,0.00745,-0.43336195,0.65202904,-0.27131182,-0.30077356,-0.12866864,0.0786,0.0765,0.0531,0.07,0.0476,0.0544,0.0126,0.0238,0.0285,0.0005,-0.616429,0.45713854,0.38685194,-0.49253207,-0.055555183,-0.19999819,-0.616429,0.41643077,0.14946431,0.0,0.65202904,-19.607254,-28.08704,-8.479786,-25.09653,-35.206562,-10.110031,0.026657442,0.0015588107,0.09313909,0.0017043231,0.32806244,175.83339,6.4106483,-0.09748584,-0.05443382,433227.89959293086,2631119.119378567
64,0,water,336,209,20001,0.0977,0.1128,0.0633,0.0584,0.0385,0.0607,0.0722,0.0678,0.0205,0.033,0.06568219,0.69241786,-0.557707,0.07448434,-0.33937582,0.08445,0.073149994,0.0585,0.0453,0.0546,0.03775,0.03995,0.0255,0.0251,0.0238,-0.18841863,0.48905352,-0.2282824,-0.27965707,-0.1961529,0.0578,0.0587,0.0397,0.026,0.0292,0.0207,0.0271,0.0277,0.0007,0.016,-0.18861996,0.97641456,-0.94960606,0.03165675,-0.35514477,0.0908,0.0796,0.0794,0.0634,0.0445,0.074,0.0449,0.0503,0.0369,0.0058,-0.2775521,0.36652046,-0.09779833,-0.11521448,-0.07698382,0.06568219,-0.2775521,0.3432343,0.12818451,0.0,0.97641456,-18.708378,-28.775084,-10.066706,-22.79521,-26.823107,-4.027897,0.056095447,0.0020030523,0.0975136,0.0019542444,0.38816285,201.46527,5.4091763,-0.06631959,0.06699345,434184.2104346552,2633265.758293004
65,5,shrub_grass,215,248,20002,0.0824,0.0883,0.0422,0.0557,0.0522,0.0529,0.0435,0.0561,0.0437,0.0517,0.015169014,0.33787623,0.0022935478,0.0035777795,-0.18885656,0.08385,0.079150006,0.0589,0.0639,0.06345,0.06935,0.0483,0.0464,0.057499997,0.04055,-0.09887965,0.15843287,0.08695566,-0.15865678,-0.06336727,0.102249995,0.07645,0.07835,0.04205,0.059100002,0.07305,0.06305,0.0627,0.03985,0.05675,-0.1082029,0.31470063,-0.22545944,0.19713418,-0.16613694,0.117,0.0962,0.0848,0.0753,0.0523,0.0701,0.0517,0.0546,0.0501,0.0391,-0.24248905,0.3151038,-0.01571695,-0.15935211,-0.11133029,0.015169014,-0.24248905,0.25765806,0.09129579,0.0,0.33787623,-22.996742,-29.487373,-6.490631,-23.767565,-24.59144,-0.8238754,0.041291308,0.0005523112,0.064994246,0.00062836654,0.21356249,168.58566,1.5876936,-0.010348023,-0.025701996,434979.43718013464,2635695.0120561216
66,0,water,97,249,20004,0.0506,0.0482,0.0456,0.0197,0.0314,0.0168,0.036,0.0358,0.0283,0.0302,-0.11764565,0.26012734,-0.11974928,0.29008484,-0.07912723,0.097600006,0.10185,0.06335,0.0627,0.04975,0.0378,0.026500002,0.029000001,0.0273,0.03145,-0.4101234,0.5772313,0.014869587,-0.36749876,-0.15576182,0.11325,0.12985,0.10025,0.08565,0.0453,0.06215,0.0391,0.04115,0.012700001,0.00785,-0.43881997,0.82181114,-0.50964266,-0.3509436,-0.14851059,0.0721,0.0953,0.0499,0.0401,0.0515,0.0427,0.0393,0.0165,0.0023,0.0277,-0.11883276,0.95285904,-0.8894017,-0.41695377,-0.36185595,-0.11764565,-0.43881997,0.32117432,0.15345259,0.0,0.95285904,-23.194613,-29.838013,-6.6434,-24.018402,-30.732546,-6.7141438,0.04114294,0.0034116877,0.1154614,0.002464712,0.30934042,197.08856,3.136728,0.044951793,0.031200852,434996.7992845801,2638048.028443397
67,0,water,199,84,2,0.0945,0.0939,0.117,0.1505,0.1862,0.2089,0.2447,0.2197,0.2235,0.1683,0.35305405,-0.40831622,-0.0452797,0.18692547,0.0019126161,0.085099995,0.108349994,0.123500004,0.14535,0.1648,0.1706,0.18515,0.1871,0.2371,0.2001,0.19974011,-0.37270123,0.1230311,0.12558241,0.14321925,0.0867,0.09265,0.082,0.1207,0.18665001,0.20895,0.23265,0.23895,0.216,0.16710001,0.47878438,-0.39964232,-0.03711123,0.32879093,-0.034583237,0.1046,0.0974,0.1109,0.1264,0.1934,0.1912,0.213,0.2143,0.2355,0.1809,0.3152198,-0.41483805,0.0501671,0.2579975,0.0433734,0.47878438,0.19974011,0.27904427,0.099592716,2.0,-0.37270123,-13.163542,-15.477903,-2.3143616,-14.985004,-20.593792,-5.6087875,0.028941156,0.00045367866,0.027247395,0.0004583957,0.05654083,332.85358,4.558536,0.03747181,-0.07008955,431691.62416808127,2636013.095942347
68,0,water,103,252,20003,0.0343,0.0462,0.052,0.0581,0.1145,0.1219,0.1515,0.1305,0.0841,0.0584,0.48894107,-0.290865,-0.2860769,0.3838792,-0.15439531,0.07885,0.117599994,0.1118,0.10255,0.10805,0.118750006,0.1091,0.12425,0.1073,0.0965,-0.012222675,0.04579791,-0.008317894,0.095678605,0.07652603,0.103300005,0.10955,0.07335,0.10045,0.12435,0.14265,0.137,0.1464,0.090450004,0.06195,0.30258948,0.0954995,-0.20465943,0.18614468,-0.1893091,0.082,0.1033,0.0828,0.092,0.075,0.1142,0.1058,0.1198,0.1133,0.0665,0.12195058,-0.04616786,0.03423079,0.13125528,0.021620136,0.48894107,-0.012222675,0.5011637,0.18879777,0.0,0.0954995,-23.172947,-31.528648,-8.355701,-23.952173,-29.853647,-5.901474,0.10148776,0.003024569,0.11898615,0.0018172017,0.31772324,198.31422,1.7072724,0.014245158,0.026166873,435052.1051275245,2637932.8060966176
69,0,water,276,225,20002,0.1035,0.0991,0.0553,0.0575,0.043,0.0501,0.0266,0.0387,0.0128,0.0005,-0.3504231,0.7712174,-0.35024494,-0.19542417,-0.3128138,0.0981,0.08135,0.05215,0.05455,0.04005,0.034199998,0.0411,0.02755,0.0150999995,0.0166,-0.1184974,0.68687725,-0.46262527,-0.3288632,-0.34850886,0.086950004,0.076299995,0.06385,0.059100002,0.04075,0.0392,0.02275,0.027,0.013099999,0.00995,-0.47459042,0.70692724,-0.26916966,-0.37281796,-0.17546116,0.1095,0.1128,0.0905,0.0711,0.0619,0.0384,0.022,0.0527,0.0165,0.0027,-0.6088835,0.74477386,-0.14285344,-0.14862558,-0.10272499,-0.1184974,-0.6088835,0.4903861,0.18050696,1.0,0.7712174,-22.677711,-30.191763,-7.5140514,-23.600256,-35.214275,-11.614019,0.018074062,0.0005858614,0.07951476,0.001419091,0.34247696,169.31287,4.9214945,-0.07924279,-0.032872852,434505.7792114156,2634471.0949158263
70,0,water,475,170,10000,0.1255,0.1242,0.0916,0.0908,0.0729,0.0655,0.0641,0.0613,0.0218,0.0158,-0.1766206,0.7013651,-0.49242735,-0.1939501,-0.2514843,0.1053,0.087799996,0.07685,0.05335,0.049450003,0.042549998,0.050499998,0.03875,0.026899999,0.009149999,-0.20690845,0.53094566,-0.30490562,-0.15852164,-0.20053862,0.0982,0.0911,0.0809,0.060900003,0.05075,0.0482,0.057850003,0.041699998,0.012700001,0.0102,-0.1661249,0.7552914,-0.6399626,-0.18713273,-0.2501492,0.0633,0.0745,0.0667,0.0532,0.0239,0.0764,0.0219,0.0082,0.0433,0.0248,-0.50563765,0.26485348,0.3282158,-0.7328871,0.12704855,-0.1661249,-0.50563765,0.33951277,0.14041258,2.0,0.7552914,-18.320038,-31.830147,-13.510109,-20.6894,-30.688597,-9.999197,0.03992322,0.0016027329,0.081702895,0.0014033435,0.266658,184.43408,3.3150294,0.011044143,-0.056761444,433414.4963310201,2630494.8022598
71,0,water,125,258,20003,0.0618,0.0607,0.0412,0.0525,0.0479,0.0569,0.0538,0.0521,0.009,0.001,0.1326302,0.7417397,-0.7133644,-0.003824049,-0.3944488,0.1051,0.0959,0.0706,0.074,0.05555,0.05725,0.042150002,0.0484,0.011949999,0.029350001,-0.25232592,0.7783887,-0.55821526,-0.20914863,-0.2815479,0.1004,0.0919,0.074,0.0582,0.0586,0.0648,0.0537,0.0476,0.0126,0.0027,-0.1589651,0.7588445,-0.61990017,-0.10018809,-0.2804309,0.0672,0.0942,0.0741,0.0351,0.048,0.0339,0.0471,0.0554,0.0262,0.0278,-0.22277045,0.5647794,-0.2851257,0.2243069,-0.06523734,0.1326302,-0.25232592,0.38495612,0.1527231,0.0,0.7783887,-17.337463,-27.090088,-9.7526245,-19.536366,-32.387688,-12.851322,0.050953727,0.0018760655,0.10337573,0.0023441673,0.34012872,210.08046,6.6415477,-0.024064533,0.11312623,435176.0949623657,2637491.340651263
72,0,water,230,465,40002,0.0908,0.103,0.0809,0.0674,0.1094,0.1092,0.1003,0.1064,0.0961,0.0918,0.107063435,0.034655765,-0.021384802,0.22439456,-0.038304705,0.10275,0.11705,0.0952,0.0852,0.089200005,0.10605,0.0879,0.08095001,0.113199994,0.0824,-0.03986873,0.016720908,0.12580742,-0.025579082,0.044480518,0.0643,0.05635,0.057800002,0.0738,0.058399998,0.0706,0.0732,0.08615,0.086950004,0.04925,0.11755634,-0.21353658,0.08585648,0.07721116,0.025686344,0.1069,0.0993,0.0933,0.0868,0.0762,0.1027,0.0913,0.0927,0.0738,0.0812,-0.010834159,0.14731285,-0.10599575,0.032868873,-0.08513528,0.11755634,-0.03986873,0.15742508,0.069690734,2.0,0.14731285,-19.871807,-30.42212,-10.550312,-23.411455,-30.457394,-7.0459385,0.07598845,0.0026609474,0.08156104,0.0020251297,0.12615168,331.7788,2.309583,-0.04028621,-0.0010117263,439301.29811498383,2635384.8721764754
73,0,water,488,176,10000,0.1302,0.1195,0.1065,0.0879,0.053,0.0631,0.0517,0.0342,0.036,0.027,-0.34639478,0.5369741,-0.17901736,-0.43979982,-0.121454604,0.0954,0.09545,0.0782,0.0626,0.04795,0.05235,0.0431,0.046049997,0.02265,0.0067,-0.28936282,0.6164215,-0.31102186,-0.15232262,-0.15730038,0.09855,0.0951,0.0753,0.058349997,0.043250002,0.01235,0.0354,0.04575,0.01425,0.02115,-0.3604304,0.7393622,-0.42597333,-0.12103628,-0.1986568,0.0754,0.0617,0.049,0.0235,0.0276,0.0352,0.0522,0.0296,0.0281,0.0082,0.03162026,0.37416068,-0.3001208,0.11487545,-0.24670129,0.03162026,-0.3604304,0.39205065,0.15971252,3.0,0.7393622,-21.017538,-33.610783,-12.593245,-19.683395,-29.221481,-9.538086,0.029711593,0.0014794182,0.08881637,0.0015207011,0.3123122,181.97508,5.6007586,0.0662943,0.07162445,433533.03309394664,2630234.5645593256
74,0,water,337,209,20001,0.1174,0.1028,0.0619,0.0664,0.0639,0.0878,0.0716,0.0991,0.0433,0.0167,0.07265861,0.40725252,-0.246299,0.1975819,-0.28483924,0.0766,0.07345,0.073750004,0.05085,0.0406,0.048600003,0.053099997,0.0399,0.05035,0.05155,-0.16278946,0.18658978,-0.026582615,-0.12065982,-0.02206455,0.0541,0.063,0.0386,0.0618,0.0651,0.087,0.0724,0.06,0.0392,0.0384,0.30450177,0.23287444,-0.2974884,-0.01477821,-0.23837377,0.1124,0.0949,0.0989,0.0782,0.0514,0.0695,0.0615,0.0471,0.0555,0.0527,-0.2331656,0.26196632,-0.051281624,-0.24820232,-0.059396762,0.30450177,-0.2331656,0.5376674,0.21141127,2.0,0.40725252,-20.691273,-26.410383,-5.7191105,-23.26134,-27.371012,-4.1096725,0.07218646,0.002360244,0.101895474,0.0019185927,0.37674186,200.39108,3.3499818,-0.046327047,0.035615202,434180.5771994688,2633250.90612225
75,0,water,52,267,20004,0.0769,0.1063,0.0505,0.0788,0.1108,0.1632,0.1361,0.1451,0.0869,0.0573,0.45873275,0.10041353,-0.22062679,0.296113,-0.2157528,0.110300004,0.121700004,0.10915001,0.11395,0.12055,0.13585,0.115449995,0.10995,0.13515,0.120450005,0.028049685,-0.052364975,0.078611046,-0.017865043,0.039463818,0.12455,0.13575,0.097200006,0.118650004,0.114649996,0.14774999,0.15125,0.15875,0.11705001,0.077250004,0.21754791,0.07397118,-0.12746876,0.14455603,-0.12559912,0.0869,0.1019,0.0922,0.1211,0.0782,0.1333,0.1098,0.1165,0.117,0.1173,0.08712828,-0.06898097,0.031745873,-0.019360201,0.030795656,0.45873275,0.028049685,0.43068308,0.16548358,0.0,0.10041353,-20.778336,-28.413086,-7.6347504,-17.081238,-25.007236,-7.9259987,0.11819261,0.00415873,0.1481651,0.0029949383,0.33188066,222.87935,16.253649,-0.27516365,0.0512197,435347.57103500643,2638955.9644720587
76,0,water,204,251,20002,0.0837,0.0836,0.0531,0.0443,0.0373,0.0546,0.0574,0.091,0.0573,0.0432,0.03891366,0.18665586,-0.00087181426,0.34515634,-0.122067094,0.085700005,0.0964,0.0872,0.05625,0.0598,0.0582,0.063599996,0.07175,0.07485,0.049450003,-0.15649767,0.12583868,0.08125622,0.121092826,0.040950563,0.0873,0.0988,0.0819,0.0849,0.0743,0.0531,0.0641,0.0656,0.0677,0.0338,-0.121917,0.1867857,0.027313916,-0.12823835,-0.0059800483,0.1022,0.1125,0.0697,0.0665,0.0695,0.081,0.0592,0.0789,0.0535,0.0525,-0.08145788,0.35541955,-0.0505763,0.0852814,-0.134223,0.03891366,-0.15649767,0.19541132,0.07374158,0.0,0.35541955,-24.043917,-29.040314,-4.996397,-26.632517,-27.747072,-1.1145554,0.053859428,0.0009147649,0.070569746,0.00061042845,0.22967544,169.6098,4.035371,-0.039547812,0.058208514,435039.95224575826,2635915.434016703
77,0,water,444,159,10000,0.1219,0.1174,0.128,0.1688,0.179,0.2263,0.2588,0.2304,0.2033,0.1439,0.33815837,-0.26785073,-0.12010361,0.15430823,-0.069381885,0.09445,0.11665,0.11655,0.13599999,0.15474999,0.17394999,0.1749,0.19575,0.2078,0.17375,0.20020516,-0.2809361,0.085967906,0.18010499,0.09263924,0.07924999,0.11399999,0.1081,0.12674999,0.2057,0.23,0.23730001,0.24364999,0.1919,0.1282,0.37405798,-0.2546576,-0.105777964,0.31560388,-0.026842877,0.0625,0.1082,0.1196,0.118,0.1637,0.1721,0.1886,0.1845,0.1984,0.1565,0.22387987,-0.29419345,0.025322935,0.21983394,0.117553845,0.37405798,0.20020516,0.17385282,0.07361988,2.0,-0.2546576,-13.3700485,-21.850006,-8.479958,-9.707992,-19.719608,-10.011617,0.09106654,0.0026071875,0.11658798,0.0016387972,0.35241202,175.73442,1.7677785,-0.029123541,0.010171484,433197.5780217718,2631117.800091657
78,0,water,333,209,20001,0.1204,0.1011,0.0694,0.0817,0.0596,0.0569,0.0444,0.0563,0.0344,0.0327,-0.21968172,0.49224728,-0.12690192,-0.18405662,-0.22710261,0.08975,0.0836,0.06545,0.0536,0.04005,0.0367,0.038999997,0.03395,0.023400001,0.02935,-0.2532288,0.5626116,-0.24999595,-0.22444059,-0.18336312,0.0711,0.0789,0.0666,0.0512,0.0279,0.0702,0.0267,0.0239,0.0107,0.0058,-0.42764822,0.7611522,-0.42779604,-0.36351046,-0.11707523,0.1029,0.1131,0.0801,0.0584,0.0645,0.0502,0.0399,0.0583,0.0427,0.0248,-0.33499718,0.45185846,0.033897884,-0.0008569052,-0.07530093,-0.21968172,-0.42764822,0.20796649,0.080376275,0.0,0.7611522,-20.101051,-27.681908,-7.5808563,-21.047556,-27.322857,-6.275301,0.05505378,0.0020464135,0.09508377,0.0018799624,0.38594273,205.59044,8.098004,-0.03272927,0.13701181,434181.2210016999,2633320.423453212
79,0,water,467,166,10000,0.1105,0.1204,0.0829,0.0817,0.067,0.0541,0.0589,0.0372,0.0222,0.0005,-0.16925131,0.6886347,-0.45252216,-0.3742609,-0.23424321,0.0916,0.09375,0.06985,0.0467,0.0558,0.0382,0.03595,0.0254,0.00865,0.0011,-0.3204128,0.83104664,-0.61209387,-0.29541895,-0.23804791,0.09765001,0.0749,0.0567,0.05605,0.0368,0.04775,0.02385,0.02755,0.0211,0.01895,-0.40781614,0.56041086,-0.061177727,-0.340905,-0.21926638,0.0935,0.0809,0.0615,0.0375,0.0444,0.0554,0.0266,0.0117,0.0213,0.0262,-0.39613628,0.5831645,-0.110644884,-0.5243796,-0.18383352,-0.16925131,-0.40781614,0.23856483,0.095114924,0.0,0.83104664,-25.252094,-29.16634,-3.9142456,-22.755442,-24.747734,-1.9922924,0.023570448,0.0012251263,0.07877511,0.0013423314,0.27331463,173.96577,4.369806,0.033542834,-0.06841301,433327.6260054674,2630653.085469183
80,0,water,221,250,20002,0.1109,0.1099,0.1249,0.1493,0.156,0.1887,0.1774,0.1977,0.2095,0.1811,0.17366795,-0.3118337,0.082966976,0.13948086,0.07403235,0.1166,0.1325,0.13335,0.14405,0.1697,0.187,0.18634999,0.1916,0.21585,0.21575001,0.16577986,-0.23927017,0.07334643,0.14166498,0.07091918,0.0893,0.1249,0.1118,0.13165,0.16765,0.1701,0.19330001,0.2087,0.1972,0.1688,0.26712465,-0.22446376,0.009987148,0.22638392,0.044624664,0.1263,0.1154,0.1314,0.1548,0.1645,0.1921,0.203,0.2124,0.2303,0.1857,0.21411416,-0.3323681,0.0630047,0.15686232,0.046888515,0.26712465,0.16577986,0.101344794,0.040194336,2.0,-0.22446376,-7.8017406,-13.892036,-6.090296,-0.6755315,-11.238696,-10.563165,0.0782303,0.002325978,0.11902385,0.0012467304,0.33276895,183.95744,10.831402,0.18766373,0.00980386,435002.97024338355,2635570.582703067
81,0,water,139,282,20003,0.1082,0.0597,0.0612,0.0516,0.0744,0.0362,0.0492,0.0586,0.0485,0.0573,-0.10869469,0.10351106,-0.0071646855,0.06352029,-0.1785841,0.1053,0.1046,0.090450004,0.0814,0.0636,0.0634,0.06275,0.076,0.056,0.052100003,-0.18080826,0.30261326,-0.056841586,-0.034307294,-0.06868015,0.1057,0.1103,0.1015,0.0495,0.075,0.064,0.0589,0.0638,0.073,0.0422,-0.26558438,0.20349044,0.10689836,0.12621248,0.029194808,0.0896,0.081,0.0951,0.0825,0.0747,0.0567,0.0453,0.0501,0.0731,0.0272,-0.35469836,0.051265076,0.23479533,-0.24434207,0.10986436,-0.10869469,-0.35469836,0.24600367,0.09209323,0.0,0.30261326,-21.25164,-30.314617,-9.062977,-22.398296,-28.154095,-5.7557983,0.039817248,0.0011560663,0.052601364,0.0007794007,0.13425143,194.6036,2.2070978,0.035594836,0.014702062,435644.98183385027,2637211.2169329296
82,0,water,190,257,20003,0.0909,0.0601,0.0507,0.0341,0.0487,0.0283,0.0311,0.0315,0.0039,0.0139,-0.2396059,0.8781113,-0.77712065,-0.03963353,-0.38165128,0.09185,0.08335,0.069800004,0.052649997,0.037600003,0.0378,0.019650001,0.01955,0.019000001,0.01435,-0.5606422,0.6287188,-0.016817154,-0.4584424,-0.11332938,0.1036,0.0919,0.0696,0.05,0.0273,0.037,0.0402,0.0185,0.0191,0.0143,-0.26775715,0.65584993,-0.3558119,-0.45984733,-0.23698826,0.0798,0.0857,0.0428,0.0462,0.0232,0.0546,0.0338,0.0161,0.0139,0.0184,-0.11749198,0.72087634,-0.417182,-0.48313832,-0.33411428,-0.11749198,-0.5606422,0.4431502,0.16269448,3.0,0.8781113,-21.778103,-26.649853,-4.87175,-19.053509,-27.634672,-8.581163,0.019701235,0.00080658,0.064483725,0.0010534349,0.26554483,184.3749,10.376608,-0.08948312,-0.15631732,435143.9191912194,2636187.398222677
83,0,water,359,201,20001,0.1019,0.1283,0.0782,0.1016,0.1163,0.0779,0.0727,0.101,0.0668,0.0647,-0.03644771,0.31522134,-0.042293627,-0.0029614624,-0.09261551,0.0933,0.09475,0.08385,0.074149996,0.0684,0.08145,0.07125001,0.064500004,0.05555,0.0703,-0.08123732,0.26081,-0.123816095,-0.06959915,-0.0827436,0.0727,0.0916,0.0598,0.0481,0.0723,0.0626,0.0933,0.0784,0.0472,0.0351,0.21880981,0.31988242,-0.3281115,0.23952383,-0.21611644,0.0944,0.0757,0.0862,0.0831,0.093,0.0852,0.0953,0.0726,0.0803,0.0604,0.050137457,-0.029487012,-0.08542089,-0.06743694,-0.065131776,0.21880981,-0.08123732,0.30004713,0.114672765,2.0,0.31988242,-21.545078,-27.4899,-5.9448223,-20.139568,-24.182396,-4.0428276,0.079701364,0.0018844812,0.092279285,0.0018474131,0.30149528,204.55742,11.964224,-0.14389537,0.14922392,434021.2571353358,2632810.5023621316
84,0,water,15,270,20004,0.0744,0.0774,0.0439,0.0463,0.0032,0.0323,0.0201,0.0204,0.0049,0.0065,-0.3718692,0.8809127,-0.60797566,-0.38830003,-0.31890914,0.0691,0.08015,0.05785,0.056500003,0.045649998,0.04355,0.02045,0.0199,0.01455,0.0213,-0.47764397,0.6927065,-0.1685666,-0.47905132,-0.10589622,0.096650004,0.0866,0.06795,0.062349997,0.0489,0.045050003,0.01995,0.029749999,0.028,0.0231,-0.54606885,0.5113393,0.16787973,-0.35395926,-0.09715314,0.0681,0.0858,0.0591,0.0361,0.0405,0.0366,0.0215,0.029,0.0146,0.0244,-0.4664954,0.7091563,-0.19113046,-0.10906132,-0.09736622,-0.3718692,-0.54606885,0.17419964,0.062061522,0.0,0.8809127,-18.479439,-28.886501,-10.407063,-25.596779,-29.64564,-4.0488605,0.024858924,0.00061552034,0.088318296,0.0015711073,0.36195904,327.2553,6.232491,-0.08153456,0.07168028,435407.9915842264,2639682.8213749514
85,0,water,64,259,20004,0.0663,0.0623,0.0359,0.0508,0.0284,0.0237,0.0148,0.0163,0.0137,0.0005,-0.41616535,0.6394653,-0.038595136,-0.51415026,-0.24100807,0.081949994,0.0848,0.0678,0.05615,0.05365,0.040650003,0.034450002,0.0441,0.017350001,0.011,-0.32615817,0.660297,-0.33010945,-0.12019829,-0.15504757,0.106199995,0.11355,0.079500005,0.07785,0.0423,0.0731,0.0308,0.04445,0.0413,0.00655,-0.44151914,0.46657753,0.14562903,-0.2730967,-0.062839136,0.0779,0.0476,0.0482,0.0421,0.0222,0.0611,0.0362,0.0328,0.0286,0.0128,-0.1421784,0.24934058,-0.117282175,-0.12416391,-0.19538923,-0.1421784,-0.44151914,0.29934072,0.11741341,3.0,0.660297,-24.388767,-31.702394,-7.3136272,-26.806929,-28.409414,-1.6024857,0.033722248,0.00080755434,0.114285,0.0024138442,0.3271406,196.21051,3.2243397,0.029370032,0.04796847,435183.3333699633,2638718.7216645936
86,0,water,303,217,20001,0.0668,0.1232,0.0867,0.0633,0.0575,0.0579,0.0507,0.0439,0.0297,0.0169,-0.26200682,0.6115068,-0.2611908,-0.18096843,-0.0047028284,0.09205,0.0889,0.0672,0.0484,0.06145,0.040349998,0.019299999,0.035800003,0.03415,0.016649999,-0.5537508,0.44493744,0.27782458,-0.1496419,-0.04701438,0.0836,0.0626,0.0536,0.0598,0.0233,0.048,0.0452,0.0444,0.0347,0.0146,-0.08501935,0.2867391,-0.13141267,-0.1477913,-0.18654916,0.0831,0.1132,0.074,0.075,0.0804,0.0706,0.0346,0.0569,0.0371,0.0296,-0.36279592,0.5063174,0.034866985,-0.13722417,-0.028845996,-0.08501935,-0.5537508,0.46873146,0.16954541,2.0,0.6115068,-24.993721,-26.698578,-1.7048569,-21.717909,-24.706917,-2.989008,0.049906533,0.0010417491,0.08781623,0.0019269141,0.43317825,188.64493,6.2826643,0.087686844,0.06547307,434345.32288506825,2633937.4110719673
87,0,water,10,269,20004,0.0645,0.0823,0.0461,0.0442,0.0661,0.06,0.0306,0.032,0.0074,0.0173,-0.20208344,0.8349963,-0.6105103,-0.16010286,-0.2799443,0.0697,0.0843,0.06865,0.05925,0.0471,0.0581,0.0317,0.035800003,0.020100001,0.00865,-0.3682076,0.61493665,-0.22393388,-0.24670963,-0.06652606,0.1114,0.10085,0.0586,0.072,0.067049995,0.056900002,0.05455,0.07045,0.0187,0.0174,-0.03579289,0.6871544,-0.48941314,-0.010880909,-0.36443838,0.0718,0.0831,0.0536,0.0481,0.0239,0.0517,0.0304,0.0464,0.027,0.0281,-0.27618718,0.5095321,-0.059232414,-0.017989218,-0.11816128,-0.03579289,-0.3682076,0.33241472,0.12183438,2.0,0.8349963,-16.196003,-28.476871,-12.280869,-21.21842,-29.606758,-8.388338,0.065582655,0.0026337223,0.11257533,0.0018928702,0.4114745,337.1818,7.5825815,-0.1319317,0.0024809458,435385.60202070227,2639784.618369021
88,0,water,478,173,10000,0.1322,0.13,0.1234,0.1333,0.1574,0.1666,0.1832,0.1794,0.1585,0.1388,0.19504175,-0.098786496,-0.072285414,0.14742514,-0.05608565,0.10445,0.11445,0.1127,0.121700004,0.12674999,0.12555,0.1259,0.14665,0.1781,0.1423,0.055322483,-0.2175689,0.17170995,0.09297523,0.115993254,0.08805,0.1181,0.092549995,0.12415001,0.1433,0.1722,0.17735001,0.17269999,0.17355001,0.1267,0.3141893,-0.19012451,-0.010829277,0.16354999,0.001316963,0.066,0.0867,0.0708,0.092,0.1504,0.1302,0.1502,0.1626,0.1557,0.142,0.3592744,-0.2846523,0.017979685,0.2772966,0.023266291,0.3592744,0.055322483,0.30395192,0.1178244,3.0,-0.098786496,-12.687134,-20.024084,-7.3369503,-11.065762,-20.043839,-8.978077,0.06786156,0.0014286534,0.08006343,0.00097455014,0.27497756,183.38342,5.0032477,-0.08241426,-0.028528199,433467.8591401622,2630420.3124787477
89,0,water,110,254,20003,0.0469,0.0474,0.0562,0.0724,0.06,0.0596,0.0929,0.1008,0.0344,0.0223,0.24614187,0.15892227,-0.45954078,0.1639713,-0.21354073,0.1005,0.108899996,0.08895,0.068,0.07315,0.0711,0.0716,0.070999995,0.07275,0.069749996,-0.108065374,0.19900796,0.007966724,0.021582516,-0.031156277,0.109699994,0.11825,0.08515,0.09289999,0.086050004,0.115150005,0.085549995,0.088149995,0.05315,0.0378,0.002343231,0.3798111,-0.233596,-0.026235696,-0.17073847,0.0926,0.0945,0.0625,0.0627,0.063,0.0633,0.0611,0.0721,0.0587,0.0632,-0.011326781,0.23367994,-0.020033218,0.06973238,-0.118224375,0.24614187,-0.108065374,0.35420725,0.13060579,0.0,0.3798111,-23.386618,-30.882051,-7.495434,-24.105005,-25.31984,-1.2148342,0.077991284,0.002468289,0.10155891,0.0017901065,0.27775258,200.76245,1.5452979,-0.02346567,0.013288933,435086.1935995021,2637784.2306000884
90,0,water,238,0,2,0.1214,0.111,0.0991,0.1131,0.0855,0.0966,0.0646,0.0907,0.0476,0.0676,-0.2107501,0.3997453,-0.15151379,-0.10991114,-0.11812407,0.087850004,0.0853,0.06715,0.0634,0.0767,0.06165,0.055150002,0.0497,0.05595,0.046099998,-0.098118536,0.20778613,0.007200643,-0.12113068,-0.07478367,0.0912,0.0846,0.066,0.0602,0.0705,0.0607,0.0804,0.0862,0.0559,0.042,0.098359965,0.204269,-0.17974922,0.17759441,-0.16933501,0.1339,0.1383,0.1086,0.0911,0.0765,0.0778,0.0889,0.0784,0.0739,0.0706,-0.099746324,0.30348587,-0.09213703,-0.07492581,-0.09943226,0.098359965,-0.2107501,0.30911008,0.1113579,2.0,0.3997453,-22.792477,-34.37303,-11.580555,-16.111032,-29.34212,-13.231087,0.05535051,0.00277324,0.0747781,0.0017054958,0.16232476,333.64978,2.570822,0.03329903,0.030051269,430008.7891478854,2635224.952600941
91,0,water,472,167,10000,0.1392,0.1409,0.1024,0.1003,0.0648,0.1081,0.1051,0.0909,0.056,0.0847,0.013011991,0.43118113,-0.30477774,-0.04916294,-0.21330963,0.09415,0.10245,0.077,0.0653,0.0556,0.07345,0.06455,0.06235,0.0561,0.0589,-0.08795418,0.29233497,-0.0700367,-0.023109896,-0.087730974,0.10125,0.0889,0.0756,0.0779,0.06255,0.07645,0.0942,0.072,0.07695,0.05325,0.10954001,0.072052635,-0.100788206,-0.039359335,-0.12327554,0.0791,0.0755,0.0569,0.0733,0.0602,0.0834,0.0768,0.0696,0.0507,0.0487,0.14883962,0.1965119,-0.2047043,-0.025892023,-0.18330099,0.14883962,-0.08795418,0.2367938,0.09171309,3.0,0.43118113,-22.8068,-29.28265,-6.475849,-19.01226,-31.516024,-12.503763,0.06939712,0.0015879115,0.090196766,0.0014068483,0.28430143,177.63054,5.149308,0.040515643,-0.08008623,433358.18371360167,2630553.308208641
92,0,water,59,266,20004,0.0711,0.0612,0.0449,0.068,0.1014,0.1234,0.1413,0.1512,0.0894,0.0601,0.5177201,-0.18724975,-0.2249665,0.3795603,-0.22526614,0.091000006,0.10335,0.1028,0.1064,0.11945,0.11105,0.1005,0.1376,0.117300004,0.10935,-0.011313247,-0.063222036,0.07713464,0.12786835,0.06948475,0.105749995,0.108799994,0.0969,0.096650004,0.13620001,0.14035,0.12825,0.15329999,0.10315,0.07925,0.13923989,0.026657064,-0.10846971,0.22664437,-0.07821662,0.0838,0.0951,0.1153,0.1119,0.1339,0.1203,0.091,0.1049,0.1198,0.1219,-0.11778907,-0.11493665,0.13662176,-0.03228767,0.14710866,0.5177201,-0.11778907,0.6355092,0.24071023,0.0,0.026657064,-23.04015,-31.76469,-8.724541,-17.847437,-27.728655,-9.881218,0.0983937,0.0031349151,0.103606366,0.0018027157,0.33928066,194.40544,0.5830998,-0.008318375,0.005862815,435329.20037102845,2638808.739063404
93,0,water,120,257,20003,0.0458,0.0825,0.0528,0.0365,0.0394,0.0285,0.0243,0.0343,0.0116,0.0038,-0.369645,0.75344574,-0.3537506,-0.031073008,-0.042378865,0.0994,0.07105,0.055299997,0.06665,0.05505,0.03915,0.034900002,0.03035,0.00845,0.0175,-0.22616152,0.78741145,-0.6101359,-0.37422296,-0.35622138,0.0817,0.1074,0.0925,0.0692,0.064,0.0463,0.0258,0.0494,0.0167,0.0005,-0.56381595,0.73085636,-0.21411264,-0.1669463,0.007844906,0.0882,0.0766,0.0588,0.008,0.0423,0.03,0.0214,0.012,0.0088,0.0086,-0.46632835,0.79390174,-0.41720474,0.19998999,-0.23701903,-0.22616152,-0.56381595,0.3376544,0.124707654,1.0,0.79390174,-24.720177,-26.971848,-2.2516708,-18.955425,-30.19995,-11.244524,0.035532285,0.0025803628,0.102924876,0.0023427608,0.340859,208.7405,6.4265223,0.1115233,-0.009520466,435158.15466471895,2637586.6744876113
94,3,built_up,38,275,20004,0.0702,0.0456,0.0741,0.0406,0.0518,0.0625,0.0022,0.0303,0.0265,0.0262,-0.9423206,0.2649062,0.8466604,-0.145273,0.16300483,0.09445,0.091800004,0.0557,0.06565,0.03805,0.0328,0.032,0.02095,0.018550001,0.03035,-0.27023634,0.663791,-0.26606792,-0.5161603,-0.2600884,0.1164,0.10155,0.09035,0.0653,0.04935,0.0438,0.0368,0.041050002,0.020650001,0.01915,-0.42115283,0.6620241,-0.2811091,-0.22801854,-0.15972686,0.0983,0.101,0.0805,0.0524,0.0211,0.0492,0.02,0.021,0.0212,0.0005,-0.601984,0.65302247,0.029125506,-0.42778715,-0.07545423,-0.27023634,-0.9423206,0.6720842,0.2505836,1.0,0.663791,-20.37142,-29.49027,-9.118851,-17.931894,-34.321594,-16.3897,0.041681476,0.0043197093,0.13409019,0.003151734,0.35083935,257.81888,8.997665,-0.1391842,-0.07132257,435512.51372146973,2639239.731125218
95,0,water,408,181,10000,0.1251,0.125,0.0915,0.1014,0.1097,0.1078,0.1053,0.0791,0.0772,0.0702,0.07012161,0.23639843,-0.15397175,-0.12354505,-0.15459742,0.0995,0.09325,0.07365,0.08455,0.08275,0.08275,0.07545,0.0881,0.07925,0.068100005,0.012072357,0.08115894,0.024563493,0.020561714,-0.06725614,0.1038,0.0761,0.0767,0.0765,0.0781,0.0843,0.0912,0.0896,0.0667,0.0578,0.08636042,0.06582589,-0.15516055,0.07886767,-0.1524818,0.0667,0.0697,0.0888,0.0676,0.0758,0.0863,0.0839,0.0468,0.0859,0.0669,-0.028372744,-0.104112424,0.011778518,-0.18181658,0.07408525,0.08636042,-0.028372744,0.11473316,0.04586173,2.0,0.23639843,-21.842316,-29.783981,-7.9416656,-21.734945,-33.9581,-12.223154,0.06280049,0.0014432798,0.076785624,0.0012586076,0.32289693,166.23944,7.834532,0.1288165,-0.044580817,433630.3982013349,2631821.8537097727
96,0,water,416,171,10000,0.1124,0.1155,0.0778,0.0795,0.0539,0.0709,0.0387,0.0341,0.0374,0.0136,-0.33561945,0.510788,-0.017082557,-0.39964435,-0.13480988,0.07765,0.0813,0.0625,0.0676,0.048,0.048699997,0.026,0.0196,0.01275,0.02665,-0.4124247,0.7288599,-0.3419267,-0.55045235,-0.15874703,0.0857,0.0768,0.0569,0.0496,0.0285,0.0416,0.0345,0.0199,0.007,0.0205,-0.24507391,0.8329257,-0.6626347,-0.427332,-0.30581036,0.072,0.0678,0.0657,0.0446,0.0351,0.0285,0.0335,0.0215,0.0163,0.0115,-0.3245935,0.612359,-0.3453746,-0.3494652,-0.12533264,-0.24507391,-0.4124247,0.1673508,0.059299607,2.0,0.8329257,-17.921339,-28.344666,-10.4233265,-18.723862,-33.542862,-14.819,0.03269173,0.0021162892,0.10917537,0.0021836902,0.38516748,189.51001,3.3163967,0.050792467,-0.027689636,433425.6195137955,2631673.9855258204
98,0,water,359,203,20001,0.1163,0.0917,0.0901,0.0756,0.0778,0.0597,0.0884,0.101,0.0707,0.0207,-0.00952375,0.12930958,-0.1112501,0.14382707,-0.12010911,0.0899,0.09495,0.078600004,0.08775,0.06195,0.0692,0.06925,0.05535,0.059600003,0.03815,-0.06323935,0.22872706,-0.07489269,-0.22641356,-0.07045541,0.0848,0.068,0.038,0.055,0.0504,0.0602,0.0539,0.0619,0.0438,0.0517,0.17301229,0.21645606,-0.10337663,0.059024315,-0.2580487,0.1012,0.0879,0.0872,0.0536,0.0845,0.0701,0.0774,0.0723,0.059,0.0586,-0.059537925,0.19673112,-0.13489637,0.14852943,-0.09975337,0.17301229,-0.06323935,0.23625164,0.09637632,2.0,0.22872706,-20.749487,-25.265327,-4.5158405,-20.80603,-25.665747,-4.8597164,0.06993896,0.0022156169,0.08879972,0.0017576145,0.307754,200.97565,6.8534684,-0.11815755,0.016690494,434065.72898203216,2632803.7455695756
99,0,water,377,197,10001,0.1097,0.1143,0.0782,0.1007,0.1287,0.1263,0.1305,0.1336,0.0683,0.0372,0.25059777,0.25191537,-0.31287572,0.14041767,-0.24230611,0.0995,0.10525,0.0911,0.0789,0.07015,0.0837,0.06715,0.0731,0.079050004,0.0636,-0.15134187,0.14215873,0.081394844,-0.03815765,0.010391936,0.0771,0.0904,0.0438,0.0555,0.1128,0.1105,0.1029,0.1219,0.0723,0.039,0.40286025,0.11124702,-0.17465653,0.37429327,-0.21580474,0.1103,0.1049,0.0849,0.0905,0.0713,0.0645,0.072,0.0825,0.0697,0.069,-0.08221747,0.2016025,-0.01623132,-0.04624247,-0.08222002,0.40286025,-0.15134187,0.55420214,0.22949998,2.0,0.25191537,-18.211786,-28.395329,-10.183542,-22.61809,-29.65315,-7.035061,0.11946551,0.004511187,0.14309123,0.004503548,0.3542483,193.44064,7.174914,-0.103993595,0.069174066,433949.0693243328,2632446.6840045494
100,1,forest,341,495,40001,0.0765,0.1047,0.0808,0.1012,0.2164,0.2592,0.3088,0.3204,0.1817,0.1279,0.58521414,-0.2688538,-0.2591228,0.51992285,-0.18956442,0.058349997,0.0867,0.0959,0.12035,0.19985,0.23065001,0.26095,0.2681,0.22555,0.1611,0.46251795,-0.4446743,-0.0727645,0.38035682,0.0033554363,0.04215,0.054899998,0.0495,0.08715,0.20165,0.27095002,0.2925,0.32155,0.16084999,0.09115,0.7105242,-0.49107537,-0.2903931,0.57352436,-0.22807297,0.049,0.102,0.0696,0.1215,0.2224,0.2692,0.2769,0.3343,0.1745,0.1215,0.59826666,-0.2622052,-0.22684927,0.46687043,-0.1435085,0.7105242,0.46251795,0.24800625,0.087843575,2.0,-0.2622052,-9.505914,-11.406771,-1.900857,-3.802603,-15.598555,-11.795952,0.009656294,5.9972757e-05,0.022270223,9.530796e-05,0.047859658,424.79398,17.521502,-0.034637257,-0.29906455,439911.45794197224,2633174.568753847
101,1,forest,67,33,4,0.0393,0.0858,0.0625,0.1244,0.1735,0.2281,0.2443,0.2523,0.1836,0.1545,0.59256643,-0.36302757,-0.14185524,0.3395266,-0.07079467,0.057350002,0.07255,0.08505,0.1258,0.17725,0.19165,0.20269999,0.21294999,0.195,0.1588,0.40886036,-0.45766973,-0.01936127,0.25726858,0.037030075,0.03735,0.07955,0.0603,0.106000006,0.19475,0.23570001,0.27964997,0.26275,0.20965,0.1192,0.64524,-0.4498601,-0.14306119,0.42508355,-0.08015997,0.0386,0.0687,0.0733,0.1059,0.1895,0.2354,0.2699,0.2377,0.2205,0.123,0.5728421,-0.5248944,-0.100733854,0.3835844,-0.024406394,0.64524,0.40886036,0.23637965,0.08835946,2.0,-0.36302757,-9.024284,-16.701454,-7.67717,-10.389917,-15.341368,-4.9514503,0.020954357,0.00016825882,0.026050646,0.0001543957,0.04440206,367.30026,16.2598,-0.17111588,0.22162029,430669.1715035996,2638648.5757854013
102,1,forest,493,65,0,0.0796,0.0882,0.0619,0.0917,0.188,0.2501,0.262,0.276,0.1464,0.0873,0.61778134,-0.24808079,-0.2830551,0.50122243,-0.24240725,0.045050003,0.0633,0.04975,0.0775,0.17065,0.21425,0.24605,0.26175,0.1413,0.093150005,0.6636218,-0.3812298,-0.27042657,0.54310817,-0.20750761,0.0634,0.078449994,0.0626,0.0875,0.19999999,0.2374,0.274,0.2697,0.15654999,0.08305,0.62804323,-0.33233902,-0.27278998,0.5100769,-0.2124693,0.1012,0.072,0.0627,0.1084,0.1928,0.2351,0.2746,0.2729,0.1523,0.1012,0.6282222,-0.3580011,-0.28648326,0.43141767,-0.27217284,0.6636218,0.61778134,0.045840442,0.017382927,1.0,-0.24808079,-7.988216,-12.622074,-4.633858,-13.446014,-18.895758,-5.4497433,0.010730737,0.00011820168,0.02169832,0.000136252,0.055482537,481.7061,0.9020737,-0.00050796976,0.015735308,431309.2682983705,2630132.2828942076
103,1,forest,490,465,40000,0.0158,0.0655,0.0385,0.0608,0.1581,0.198,0.2311,0.2146,0.1182,0.0677,0.71438897,-0.2868792,-0.32321692,0.5584584,-0.22348803,0.0788,0.0758,0.0583,0.0989,0.16925001,0.22375,0.255,0.23825,0.12085,0.0661,0.62783074,-0.22908603,-0.35692334,0.41331625,-0.30149075,0.0394,0.0812,0.0274,0.09005,0.1649,0.2107,0.24225,0.24135,0.11845,0.05855,0.79677063,-0.18657556,-0.34322053,0.4565466,-0.31766006,0.0192,0.0329,0.0162,0.0493,0.1371,0.2082,0.2085,0.2365,0.1303,0.067,0.8558039,-0.59681004,-0.23081394,0.6550012,-0.21699564,0.8558039,0.62783074,0.22797316,0.085977696,3.0,-0.18657556,-4.640083,-17.371979,-12.731895,-11.085821,-15.374474,-4.2886524,0.016573714,0.0001197912,0.018261857,8.5381645e-05,0.054662425,1087.5817,31.351519,0.13433573,-0.50264573,439319.8729957408,2630180.220497304
104,1,forest,449,93,0,0.0791,0.1119,0.0712,0.1338,0.272,0.3306,0.3451,0.3779,0.2093,0.1137,0.65793735,-0.30323687,-0.24494904,0.47703636,-0.20391628,0.04005,0.08185,0.05235,0.117750004,0.2202,0.27365,0.31935,0.31225002,0.21315,0.14475,0.71831936,-0.44508323,-0.19943625,0.45232454,-0.1502638,0.0634,0.0862,0.0749,0.124,0.24039999,0.2972,0.35375,0.3547,0.20555,0.1258,0.6505292,-0.4090817,-0.26497358,0.48192924,-0.19595729,0.0695,0.096,0.0801,0.1259,0.2519,0.3023,0.3346,0.3554,0.194,0.1259,0.61369514,-0.33792984,-0.2659851,0.47683257,-0.19168358,0.71831936,0.61369514,0.10462421,0.037547234,1.0,-0.30323687,-7.656968,-14.088287,-6.431319,-5.43987,-13.755522,-8.315652,0.008729521,9.263426e-05,0.011012745,9.5687945e-05,0.034845036,487.172,14.459549,0.04374784,0.24583413,431863.1224666503,2631018.8374856217
105,1,forest,416,131,10000,0.0831,0.1076,0.0662,0.104,0.2227,0.2666,0.2926,0.3091,0.1419,0.1184,0.63099045,-0.13747439,-0.34683463,0.49648872,-0.2870841,0.06015,0.0755,0.06805,0.093449995,0.20725,0.23705,0.24290001,0.26755,0.1733,0.1248,0.56230724,-0.39308524,-0.16722693,0.4822701,-0.11333561,0.070999995,0.05325,0.065,0.0803,0.21135,0.27275002,0.30949998,0.3306,0.14919999,0.08475,0.65286875,-0.47394183,-0.3494651,0.6091491,-0.27963626,0.0601,0.079,0.0501,0.0892,0.2204,0.2814,0.3129,0.302,0.1485,0.0893,0.7239649,-0.30549315,-0.35630614,0.5439659,-0.30510795,0.7239649,0.56230724,0.16165769,0.057678834,3.0,-0.13747439,-11.040441,-15.526738,-4.4862976,-7.131107,-14.394625,-7.263518,0.0047238213,1.4464085e-05,0.012384874,8.217179e-05,0.05076423,287.64392,13.273456,0.019020462,0.22880964,432629.4981955864,2631671.3591510933
106,1,forest,63,417,40004,0.0688,0.0677,0.0684,0.0811,0.189,0.2174,0.2758,0.2701,0.2006,0.1213,0.6025549,-0.49533916,-0.15785019,0.53815335,-0.12320709,0.0734,0.1071,0.1028,0.1221,0.1944,0.21994999,0.2331,0.23945001,0.2122,0.1351,0.3879119,-0.3291565,-0.046934538,0.32457384,0.013676582,0.0655,0.095750004,0.07545,0.122600004,0.21585,0.25230002,0.27754998,0.2885,0.1812,0.10325,0.57251954,-0.3085383,-0.21002676,0.40355045,-0.14407176,0.0757,0.0916,0.0822,0.1085,0.1951,0.2328,0.2751,0.2878,0.1791,0.1079,0.53988093,-0.32323486,-0.21136013,0.45243388,-0.14621766,0.6025549,0.3879119,0.21464303,0.08259148,0.0,-0.3085383,-7.246548,-12.451536,-5.204988,-7.7432456,-9.6319895,-1.8887439,0.0063141156,4.530188e-05,0.009420792,6.119272e-05,0.04059751,362.11725,8.263593,0.06554493,-0.12791178,438353.0996289145,2638736.3053120063
107,1,forest,80,473,40004,0.0454,0.0833,0.042,0.1057,0.2235,0.2819,0.3055,0.3225,0.1965,0.0886,0.7582712,-0.40457323,-0.21713105,0.5063042,-0.19070208,0.091350004,0.102,0.1047,0.14750001,0.21835,0.26325,0.29795,0.31605,0.198,0.12975,0.47994417,-0.31999892,-0.201532,0.36360613,-0.12514433,0.0498,0.1,0.056199998,0.116799995,0.24219999,0.2952,0.31594998,0.3427,0.17954999,0.098299995,0.6979693,-0.28456342,-0.27527693,0.49162024,-0.216126,0.0696,0.0573,0.0716,0.0972,0.2173,0.2795,0.3111,0.3202,0.1715,0.0892,0.625815,-0.4991237,-0.28926587,0.53425837,-0.22058317,0.7582712,0.47994417,0.27832705,0.10388287,0.0,-0.28456342,-5.061492,-11.235014,-6.173522,-7.7346954,-17.991947,-10.257252,0.008685884,8.214221e-05,0.017686721,7.768768e-05,0.061716173,433.54755,11.527669,-0.17672911,0.09329148,439467.4229858819,2638388.4774862584
108,1,forest,165,487,40003,0.0435,0.0722,0.0716,0.1351,0.2353,0.2612,0.2954,0.339,0.2069,0.1069,0.6098076,-0.48262095,-0.17618915,0.43007708,-0.09782946,0.09515,0.118200004,0.11185,0.14535,0.23015,0.2685,0.2924,0.29675,0.22205001,0.164,0.44662848,-0.30521587,-0.13674769,0.34245571,-0.074364014,0.03175,0.0673,0.037699997,0.11265,0.22135,0.27315003,0.2996,0.32495,0.1956,0.12985,0.7764578,-0.48801643,-0.21001573,0.48514512,-0.17364708,0.0157,0.0749,0.0688,0.097,0.2112,0.2731,0.2953,0.3154,0.2111,0.1164,0.6220801,-0.47622204,-0.16627142,0.5295816,-0.05263149,0.7764578,0.44662848,0.3298293,0.11671371,2.0,-0.30521587,-7.7375083,-13.866811,-6.1293025,-4.82465,-10.806677,-5.982027,0.012558419,0.0001032701,0.019652752,0.00021744474,0.05089556,378.66013,9.465461,-0.08501678,-0.14077266,439752.66608706466,2636693.5396951796
109,1,forest,94,432,40004,0.0601,0.084,0.0469,0.1125,0.2407,0.2594,0.3005,0.2907,0.2028,0.1214,0.7299921,-0.4142245,-0.19411843,0.4419632,-0.18171358,0.0941,0.1214,0.1025,0.15595,0.23574999,0.24540001,0.27695,0.2961,0.21375,0.1573,0.45974317,-0.27554744,-0.12879533,0.31003138,-0.07973218,0.056,0.1001,0.0838,0.1466,0.2456,0.2957,0.3112,0.3335,0.2382,0.1166,0.57569474,-0.40821636,-0.13287199,0.3892931,-0.06558318,0.0492,0.0862,0.0549,0.1262,0.2015,0.2894,0.3251,0.3292,0.2115,0.1013,0.7110508,-0.42089212,-0.21170293,0.44576097,-0.16840927,0.7299921,0.45974317,0.27024892,0.10957945,0.0,-0.27554744,-9.24917,-15.819866,-6.570696,-4.7156005,-10.759982,-6.0443816,0.012114825,0.00012043299,0.018846327,0.00016274735,0.052816257,393.1096,3.9491498,0.029040983,-0.06244878,438652.4360633891,2638103.9197244328
110,1,forest,321,357,30001,0.0703,0.1105,0.0938,0.1081,0.1924,0.2322,0.2491,0.2736,0.2033,0.1399,0.45290035,-0.2957288,-0.10123762,0.43358546,-0.036171887,0.06025,0.08825,0.0982,0.14305,0.18565,0.20675,0.2535,0.23745,0.22715,0.17465,0.4415683,-0.44039172,-0.054821525,0.24809395,0.018150428,0.0388,0.0593,0.0356,0.0851,0.1668,0.2089,0.2685,0.2639,0.1918,0.1127,0.7658639,-0.52767605,-0.16663009,0.51231945,-0.14942929,0.0667,0.0831,0.0468,0.1134,0.2006,0.2362,0.2486,0.2576,0.1919,0.1033,0.6831392,-0.3956349,-0.12871708,0.38867822,-0.13826686,0.7658639,0.4415683,0.3242956,0.14174186,2.0,-0.2957288,-9.927862,-15.65221,-5.724348,-11.8365,-16.797628,-4.961128,0.011577389,0.00016287506,0.015682353,0.00017084646,0.09138966,385.94174,6.2700834,0.08849177,-0.064009294,437141.00681166595,2633567.8557491954
111,1,forest,51,16,4,0.0257,0.0812,0.0477,0.0938,0.2493,0.3196,0.349,0.372,0.1908,0.0919,0.75951415,-0.40293962,-0.29307097,0.5972507,-0.22211315,0.06315,0.0755,0.061499998,0.105450004,0.20030001,0.262,0.30265,0.32085,0.1908,0.12855,0.6622253,-0.4329687,-0.22666892,0.5052768,-0.18362698,0.0091,0.023,0.0012,0.0561,0.2296,0.2978,0.3462,0.3403,0.1868,0.1101,0.9930887,-0.78073984,-0.29906133,0.7169507,-0.30793238,0.0492,0.0651,0.0621,0.1408,0.2662,0.3088,0.3646,0.3654,0.2018,0.0888,0.70892733,-0.5121749,-0.28742886,0.44369727,-0.22118896,0.9930887,0.6622253,0.33086342,0.12722534,2.0,-0.40293962,-4.171512,-16.757816,-12.586304,-9.460552,-9.4057255,0.054826736,0.00999375,0.00011765559,0.015011175,0.00016766269,0.062646694,550.46014,31.16726,-0.42196494,0.29965198,430322.48616034345,2638973.3690262954
112,1,forest,387,318,30001,0.0678,0.0718,0.0692,0.0901,0.2385,0.2998,0.3474,0.3197,0.1523,0.1098,0.66778517,-0.35921305,-0.3904335,0.560272,-0.3042244,0.074949995,0.077800006,0.0782,0.1063,0.2299,0.2653,0.31260002,0.3174,0.1992,0.1345,0.5997938,-0.43826553,-0.22157049,0.4982287,-0.16565126,0.0441,0.0693,0.0532,0.0992,0.2363,0.2855,0.331,0.3349,0.1655,0.108,0.723059,-0.40970862,-0.33333266,0.5429611,-0.26338795,0.0411,0.0418,0.0495,0.0971,0.227,0.2817,0.2979,0.3282,0.1878,0.0969,0.7150238,-0.6358857,-0.22668263,0.5433799,-0.17647023,0.723059,0.5997938,0.12326521,0.049019348,2.0,-0.35921305,-9.223337,-14.35437,-5.131033,-9.620028,-20.301865,-10.681837,0.011907332,0.00018441174,0.01326332,0.000180704,0.05567584,423.1482,15.25641,0.04798486,-0.25872698,436365.1966252872,2632252.6350406553
113,1,forest,123,218,20003,0.0228,0.0644,0.064,0.091,0.173,0.2107,0.2308,0.2499,0.2102,0.1319,0.5658053,-0.53095216,-0.046711925,0.46611768,0.039029848,0.10259999,0.11795001,0.1168,0.14815,0.20245,0.24180001,0.22534999,0.269,0.25384998,0.18385,0.31725755,-0.36551803,0.05947398,0.28970325,0.061122146,0.1044,0.0952,0.0638,0.1396,0.2069,0.2154,0.2627,0.2716,0.1958,0.1107,0.6091864,-0.34570327,-0.14591022,0.32101092,-0.17153312,0.0552,0.0778,0.0793,0.1026,0.1786,0.2144,0.2421,0.271,0.2154,0.1374,0.5065323,-0.46930265,-0.05836054,0.4507482,-0.004391908,0.6091864,0.31725755,0.29192886,0.11145528,2.0,-0.34570327,-8.605639,-15.139732,-6.534093,-11.889724,-15.836548,-3.946824,0.012697366,0.00019125138,0.021052971,0.00020431494,0.060725287,341.75183,10.159991,0.16427669,0.06425904,434368.5039662731,2637528.3195010964
114,1,forest,163,486,40003,0.0582,0.0863,0.0857,0.1168,0.2125,0.2733,0.3079,0.3159,0.2016,0.1264,0.5645311,-0.40048486,-0.20863551,0.46013293,-0.120599784,0.10955,0.116,0.1064,0.13405001,0.24790001,0.25395,0.29659998,0.28845,0.23005,0.16465,0.47195908,-0.3295757,-0.1263645,0.36544287,-0.09385929,0.02595,0.056500003,0.0374,0.0975,0.2217,0.2722,0.3201,0.33805,0.18415,0.1101,0.79076695,-0.53043616,-0.2696078,0.55228895,-0.21934427,0.0362,0.0637,0.0381,0.1196,0.224,0.2669,0.3244,0.3324,0.198,0.1115,0.78979087,-0.51318103,-0.24195972,0.4707954,-0.20864719,0.79076695,0.47195908,0.31880787,0.13989966,2.0,-0.3295757,-7.7389207,-16.20936,-8.47044,-9.892747,-11.151681,-1.258934,0.012807206,0.00011926663,0.019675864,7.7511075e-05,0.05867812,378.5407,7.0561223,-0.04917051,-0.11257129,439724.5527337597,2636720.810657745
115,1,forest,457,417,40000,0.0577,0.0857,0.0827,0.1034,0.208,0.258,0.2946,0.2963,0.2192,0.1022,0.56162053,-0.43784708,-0.14674944,0.48261076,-0.07704057,0.0838,0.10565,0.0851,0.13080001,0.2304,0.28890002,0.3175,0.3161,0.2055,0.13175,0.5772464,-0.32090527,-0.2141487,0.41463318,-0.15999399,0.06995,0.0864,0.0445,0.1263,0.2203,0.25665,0.3157,0.30900002,0.2127,0.12115,0.75291294,-0.42226538,-0.1949277,0.41970956,-0.19981298,0.0358,0.0809,0.049,0.0739,0.1979,0.2494,0.2884,0.2706,0.2074,0.1141,0.70954144,-0.43877754,-0.163372,0.5709707,-0.116775565,0.75291294,0.56162053,0.1912924,0.08252247,2.0,-0.32090527,-8.282166,-15.54567,-7.263504,-7.8376207,-15.253054,-7.415433,0.010776465,0.00012337344,0.017541211,0.0001244598,0.050392423,963.5219,17.013235,-0.022398785,0.29173398,438352.78842189105,2630858.8614765652
116,1,forest,429,29,0,0.0846,0.1069,0.0865,0.1267,0.2357,0.2573,0.3293,0.3328,0.2003,0.1443,0.5839332,-0.30403545,-0.2435796,0.44853002,-0.18138976,0.0497,0.0897,0.06815,0.114,0.21885,0.2606,0.30835,0.3196,0.22565001,0.1566,0.6379797,-0.43110695,-0.15486857,0.47416863,-0.09856546,0.066300005,0.075399995,0.0723,0.1181,0.24405,0.29685003,0.33625,0.34210002,0.18775001,0.10795,0.6460637,-0.42694122,-0.28339636,0.48674387,-0.21506156,0.1034,0.1083,0.0826,0.1231,0.2491,0.2975,0.3725,0.3343,0.206,0.1209,0.63700145,-0.3108485,-0.2878128,0.46173924,-0.2449964,0.6460637,0.5839332,0.06213051,0.024680331,2.0,-0.30403545,-8.888838,-15.904889,-7.0160513,-7.650001,-20.75757,-13.107569,0.010213865,0.00010898367,0.015443704,9.113163e-05,0.036446117,458.81577,3.667859,0.058609143,-0.025640775,430583.6138391955,2631414.108960847
117,1,forest,480,56,0,0.0797,0.1258,0.0726,0.1346,0.2283,0.2786,0.294,0.3153,0.1573,0.1145,0.6039263,-0.11126769,-0.30290207,0.4016439,-0.23823681,0.04665,0.07695,0.066,0.1026,0.2078,0.23539999,0.26265,0.27899998,0.1785,0.115600005,0.5983551,-0.39753217,-0.19075105,0.46226287,-0.11700956,0.0818,0.09365,0.08045,0.1137,0.2388,0.28065,0.2994,0.3135,0.18085,0.10525,0.57641023,-0.3176673,-0.24685009,0.4676955,-0.18661451,0.0893,0.0961,0.0773,0.1355,0.209,0.274,0.3045,0.3249,0.1641,0.1001,0.5950744,-0.26133642,-0.29961523,0.41138053,-0.23992407,0.6039263,0.57641023,0.027516067,0.010329631,0.0,-0.11126769,-14.983461,-15.854934,-0.87147236,-11.7837305,-12.808812,-1.0250816,0.006507619,0.00011682873,0.015232888,0.00010137166,0.04818083,496.76556,9.257228,0.044072263,-0.15471216,431127.3888699007,2630383.7172667948
118,1,forest,477,118,10000,0.1004,0.115,0.0666,0.104,0.205,0.2586,0.2801,0.2796,0.1719,0.0967,0.6158044,-0.19832624,-0.23937996,0.45776728,-0.22940189,0.0504,0.069,0.056450002,0.09035,0.15875,0.19815001,0.2282,0.2514,0.17750001,0.12465,0.6033704,-0.4401605,-0.12496886,0.4712495,-0.08711326,0.05325,0.080850005,0.05825,0.095149994,0.20895,0.26625,0.28875,0.30135,0.17215,0.082049996,0.6642632,-0.36086807,-0.2529827,0.52004915,-0.19496824,0.0669,0.0664,0.0691,0.1132,0.2034,0.2561,0.2883,0.282,0.1688,0.0971,0.6133167,-0.43537232,-0.2614302,0.42712438,-0.1977741,0.6642632,0.6033704,0.06089276,0.023600116,2.0,-0.19832624,-6.374304,-12.563934,-6.1896305,-10.49468,-17.109224,-6.614544,0.008500337,6.187297e-05,0.009676719,9.679672e-05,0.053907003,294.30298,23.185678,-0.13366193,0.37032926,432361.3253183894,2630453.514675039
119,1,forest,432,469,40000,0.0478,0.0727,0.042,0.1082,0.2008,0.2383,0.2877,0.3104,0.1896,0.07,0.74522066,-0.44567117,-0.20553066,0.48303753,-0.18321252,0.07224999,0.08,0.0709,0.11495,0.2155,0.25865,0.2954,0.2933,0.19060001,0.115,0.6128839,-0.40871984,-0.21563739,0.43686357,-0.1687194,0.0512,0.0624,0.0445,0.0903,0.2211,0.2552,0.3015,0.28,0.1825,0.0815,0.7427724,-0.49040228,-0.24586724,0.51228595,-0.21683592,0.0281,0.0472,0.0225,0.0896,0.1977,0.2507,0.2806,0.309,0.1701,0.1158,0.85153127,-0.56557494,-0.24517363,0.5504251,-0.2315974,0.85153127,0.6128839,0.23864734,0.08458465,3.0,-0.40871984,-10.404808,-15.31264,-4.907832,-9.9905205,-14.192044,-4.201524,0.009964258,8.462103e-05,0.009685954,9.5369636e-05,0.048154842,726.08386,26.85576,0.38927796,0.22920974,439391.8325274046,2631352.753286597
120,1,forest,333,478,40001,0.0785,0.0993,0.0963,0.1483,0.2102,0.2175,0.2525,0.2629,0.2205,0.164,0.44781977,-0.37898567,-0.06765311,0.2786958,-0.021920316,0.06985,0.09425,0.1116,0.123399995,0.18315,0.20985001,0.20365,0.2405,0.24235001,0.1923,0.29198956,-0.43998682,0.08677113,0.3217908,0.12821724,0.03425,0.06565,0.06415,0.100099996,0.18305,0.21435,0.24245,0.25465,0.2031,0.13049999,0.5815375,-0.5114399,-0.08831762,0.4356577,-0.017372869,0.0551,0.0871,0.0638,0.1007,0.1751,0.2201,0.2471,0.2582,0.2282,0.146,0.58957666,-0.4475089,-0.039764255,0.43883967,-0.017165897,0.58957666,0.29198956,0.2975871,0.121119566,3.0,-0.37898567,-6.3847747,-14.494663,-8.109888,-6.9267073,-15.487691,-8.560984,0.0066966442,4.7201538e-05,0.009596699,7.1226794e-05,0.0493937,396.97702,5.0076547,-0.0053416207,-0.08712524,439577.94504521106,2633327.6009353693
121,1,forest,498,473,40000,0.0396,0.0302,0.0356,0.0433,0.1775,0.2372,0.2784,0.2718,0.128,0.0564,0.7732459,-0.6182009,-0.3700778,0.7251643,-0.32059735,0.0743,0.07865,0.0453,0.09585,0.1947,0.24665001,0.2824,0.29465002,0.13960001,0.0699,0.72352535,-0.27926567,-0.33838782,0.50908965,-0.31720766,0.0579,0.0515,0.0638,0.0824,0.2053,0.2572,0.2489,0.2896,0.1323,0.0697,0.5919392,-0.4396059,-0.30587533,0.55698776,-0.22012286,0.0005,0.0024,0.0141,0.0505,0.1866,0.2336,0.262,0.2893,0.1181,0.0644,0.8978599,-0.960158,-0.37858355,0.7027642,-0.33012328,0.8978599,0.5919392,0.30592066,0.10959236,3.0,-0.27926567,-6.595892,-13.998285,-7.4023933,-8.540089,-12.220728,-3.6806393,0.019238375,0.00027669323,0.02994196,0.00017106961,0.07260095,1178.182,24.877996,-0.00033439416,-0.42068732,439472.3527209854,2630027.7572015533
122,1,forest,473,394,30000,0.0525,0.072,0.052,0.0984,0.2317,0.3086,0.3185,0.3311,0.171,0.1021,0.7192962,-0.40740576,-0.30132726,0.5417915,-0.24915783,0.0712,0.0924,0.05305,0.11625,0.25235,0.28205,0.32924998,0.3161,0.18695,0.0845,0.7224673,-0.33846307,-0.2756678,0.46224013,-0.25052658,0.066149995,0.0932,0.0656,0.10565,0.23805001,0.27170002,0.32020003,0.32265002,0.19870001,0.09565,0.6599257,-0.3614239,-0.23414871,0.506653,-0.18758138,0.0273,0.0339,0.0291,0.0677,0.2149,0.2714,0.3242,0.2896,0.1659,0.0862,0.8352651,-0.6606573,-0.32299462,0.621045,-0.28636724,0.8352651,0.6599257,0.1753394,0.063424364,3.0,-0.33846307,-6.759069,-14.316472,-7.557403,-3.781761,-10.122206,-6.3404446,0.011897316,0.00013002279,0.017458402,0.00011051898,0.053431947,1155.9397,28.313044,0.009856217,0.4741862,437891.8315030111,2630527.449980521
123,1,forest,470,18,0,0.0899,0.102,0.0812,0.115,0.2479,0.2719,0.3271,0.3436,0.1858,0.1199,0.60225177,-0.2911734,-0.27549177,0.49847248,-0.21929789,0.0343,0.08265,0.0725,0.09855,0.2047,0.2514,0.295,0.2931,0.21855,0.13455,0.60544056,-0.45119366,-0.14886543,0.4967433,-0.06165864,0.06985,0.0987,0.060050003,0.111200005,0.25435,0.2829,0.3199,0.33865,0.1782,0.11185,0.68390393,-0.28710625,-0.28448045,0.50561184,-0.24124162,0.0825,0.1022,0.0979,0.1261,0.2451,0.3027,0.3373,0.3515,0.1857,0.1152,0.5500906,-0.29003024,-0.2898656,0.47194204,-0.19363067,0.68390393,0.5500906,0.13381332,0.047778234,2.0,-0.28710625,-10.450531,-14.4438305,-3.9932995,-8.736549,-13.134654,-4.3981047,0.009703246,7.925709e-05,0.021248477,0.00016523965,0.04949044,483.91452,5.42282,-0.06392476,-0.0696045,430376.82882008626,2630591.9680732405
124,1,forest,493,361,30000,0.0576,0.0494,0.0381,0.1037,0.2065,0.2744,0.317,0.3287,0.1455,0.0589,0.7854103,-0.49307084,-0.37081,0.52035034,-0.34217063,0.057099998,0.0677,0.04815,0.0999,0.2047,0.2752,0.3054,0.313,0.15375,0.0773,0.72761774,-0.38857356,-0.3302835,0.5161043,-0.28454944,0.0494,0.055,0.03215,0.10155,0.1959,0.26415,0.3219,0.3206,0.1411,0.08155,0.8183849,-0.4390595,-0.39049593,0.51889014,-0.36369413,0.0408,0.0255,0.01,0.0692,0.2097,0.2564,0.307,0.3076,0.1617,0.0693,0.93690556,-0.7275602,-0.31000578,0.63269466,-0.33897915,0.93690556,0.72761774,0.20928782,0.07643025,3.0,-0.38857356,-6.418442,-16.42915,-10.010708,-10.50303,-9.070561,1.4324684,0.010223707,0.00011316251,0.015340358,7.045123e-05,0.050600167,1437.2338,2.0152957,-0.016912218,-0.03083253,437220.2932744453,2630135.336232872
125,1,forest,275,60,2,0.1076,0.1016,0.1018,0.1526,0.216,0.2469,0.2974,0.2865,0.2281,0.1652,0.48997873,-0.383681,-0.13187414,0.3049412,-0.10219064,0.0747,0.086899996,0.102400005,0.13755,0.19645,0.22639999,0.2392,0.25555,0.2492,0.19135,0.40046716,-0.48289058,0.020474989,0.3001773,0.056649048,0.059550002,0.0947,0.0853,0.11840001,0.22385,0.2773,0.31755,0.31975,0.22165,0.15385,0.57651585,-0.4012947,-0.17785574,0.45954475,-0.10255082,0.1013,0.1289,0.1205,0.1472,0.2425,0.2808,0.3219,0.3345,0.2308,0.1647,0.4552431,-0.2832908,-0.16482691,0.38883042,-0.09283397,0.57651585,0.40046716,0.1760487,0.06393756,2.0,-0.2832908,-13.752053,-12.673874,1.0781794,-7.1841474,-14.723649,-7.5395017,0.010657584,0.00012094927,0.014302036,0.0001485398,0.06372748,311.48697,9.130497,-0.12201459,0.10145407,431209.7954802185,2634493.280221801
126,1,forest,147,207,20003,0.0201,0.039,0.0307,0.0751,0.2211,0.2655,0.3043,0.2982,0.187,0.104,0.816714,-0.6548643,-0.23875383,0.597641,-0.19682679,0.11005,0.1179,0.0973,0.13285,0.234,0.26685,0.29405,0.308,0.23245001,0.15200001,0.5027456,-0.32695782,-0.11699883,0.3972997,-0.10131484,0.0596,0.0902,0.0834,0.1245,0.2619,0.309,0.3404,0.3321,0.1687,0.1012,0.60641664,-0.3032047,-0.33726117,0.4546639,-0.22680539,0.0536,0.0429,0.0352,0.0792,0.2025,0.2929,0.3268,0.3193,0.1733,0.0846,0.8055226,-0.6031425,-0.30693796,0.6025079,-0.29189968,0.816714,0.5027456,0.31396836,0.1334614,0.0,-0.3032047,-6.2831,-15.650236,-9.367136,-7.07339,-13.667516,-6.5941257,0.012691791,0.00012760916,0.020218212,0.00013686996,0.06274034,335.34506,7.634485,-0.10488125,-0.08154651,434144.0190754859,2637054.071816244
127,1,forest,463,414,40000,0.0404,0.0435,0.055,0.1006,0.2387,0.2761,0.3019,0.3127,0.1779,0.1185,0.69178843,-0.6070434,-0.25844046,0.51318526,-0.1901944,0.0857,0.08815,0.0756,0.11945,0.25325,0.27485,0.3398,0.32455,0.19330001,0.1208,0.63601196,-0.37359968,-0.27480718,0.46193588,-0.22551809,0.069199994,0.0873,0.06135,0.118,0.2233,0.2821,0.3121,0.3215,0.22964999,0.12635,0.6714402,-0.449123,-0.1521917,0.4630251,-0.13431484,0.0175,0.0568,0.0492,0.1014,0.1994,0.2667,0.3187,0.325,0.2106,0.1275,0.732534,-0.57516617,-0.20423159,0.52438897,-0.12818767,0.732534,0.63601196,0.09652203,0.034901094,3.0,-0.37359968,-6.505252,-12.692221,-6.186969,-8.698102,-21.274143,-12.576041,0.008172331,4.912831e-05,0.015359773,9.108751e-05,0.047811996,975.4205,20.368126,-0.1186681,0.3271958,438283.2867310858,2630733.190003539
128,1,forest,140,218,20003,0.0405,0.0478,0.0639,0.1087,0.2109,0.2874,0.2947,0.3172,0.207,0.1312,0.64361227,-0.6248013,-0.1748053,0.48955035,-0.10608792,0.08415,0.123900004,0.1025,0.1527,0.2393,0.2897,0.3208,0.31440002,0.24595001,0.19424999,0.5157087,-0.32999775,-0.13206856,0.34617782,-0.07499328,0.0877,0.1146,0.0723,0.152,0.2529,0.2935,0.3341,0.346,0.2086,0.1011,0.64419127,-0.2908407,-0.23125073,0.38955745,-0.20051204,0.0464,0.0195,0.0624,0.1318,0.2108,0.2707,0.3344,0.3391,0.1814,0.1069,0.6854822,-0.8058695,-0.296626,0.4402199,-0.21934004,0.6854822,0.5157087,0.16977352,0.06381052,3.0,-0.2908407,-8.227195,-17.032873,-8.805678,-7.7555103,-12.760051,-5.0045404,0.013327764,0.000255632,0.013745518,0.0001836863,0.044801965,350.46878,3.5023985,-0.060116056,-0.010866803,434364.85730650777,2637180.1638137437
129,1,forest,143,171,10003,0.0131,0.0474,0.0473,0.0703,0.1913,0.246,0.2804,0.2687,0.1822,0.109,0.71131915,-0.58710545,-0.21227798,0.585249,-0.12237072,0.0837,0.11355,0.118149996,0.13885,0.2171,0.25715,0.2778,0.28525,0.23615,0.17295,0.40320644,-0.3505852,-0.08103885,0.34520078,-0.010058666,0.05055,0.07965,0.0703,0.08755,0.21615,0.28079998,0.3152,0.31965,0.16499999,0.086449996,0.63527715,-0.3488643,-0.3127857,0.5699888,-0.21703652,0.0549,0.0497,0.0459,0.0741,0.1839,0.2546,0.3047,0.3221,0.1741,0.0853,0.7381611,-0.5558509,-0.27276465,0.6259449,-0.24085532,0.7381611,0.40320644,0.33495465,0.13183154,3.0,-0.3488643,-6.850663,-13.941278,-7.0906153,-11.809767,-11.732145,0.07762146,0.012687387,8.32111e-05,0.015551633,9.037182e-05,0.055696443,366.11063,9.252321,-0.15713653,0.034046117,433422.9963791275,2637125.7171671423
130,1,forest,444,340,30000,0.0493,0.0661,0.0384,0.085,0.1435,0.1956,0.2219,0.2415,0.1278,0.0603,0.704953,-0.31820363,-0.26908702,0.47932473,-0.24005428,0.0471,0.042549998,0.048,0.0692,0.15599999,0.2047,0.23210001,0.23215,0.09765,0.05125,0.65726286,-0.39300722,-0.40773192,0.5407316,-0.3143455,0.03075,0.0407,0.01725,0.0718,0.14680001,0.1884,0.2304,0.2116,0.10285,0.065699995,0.860687,-0.4329472,-0.38274455,0.49329397,-0.36996627,0.0137,0.0352,0.022,0.0339,0.15,0.173,0.2036,0.2026,0.1126,0.0645,0.80496097,-0.5236771,-0.2877916,0.71331626,-0.23500928,0.860687,0.65726286,0.20342416,0.080168,2.0,-0.31820363,-7.186985,-20.60149,-13.414505,-7.4201713,-8.06419,-0.64401865,0.012899661,0.0001378285,0.02111393,0.0001037974,0.07534498,916.7556,41.141026,0.36229855,-0.5491734,436810.3539092648,2631100.301012988
131,1,forest,355,432,40001,0.0513,0.0848,0.073,0.1191,0.2351,0.266,0.3013,0.3062,0.1978,0.1186,0.6099369,-0.39985704,-0.20737284,0.4399237,-0.13121568,0.065,0.0896,0.0845,0.11305,0.19615,0.2319,0.2647,0.26410002,0.20629999,0.1525,0.51603514,-0.39438865,-0.12399126,0.40050274,-0.06269131,0.0546,0.05545,0.05855,0.099700004,0.22655,0.2653,0.3038,0.31440002,0.1822,0.1053,0.6768299,-0.53334504,-0.25020522,0.51847255,-0.19636115,0.0562,0.0544,0.0726,0.1066,0.2182,0.2672,0.2958,0.3041,0.213,0.0997,0.6058615,-0.5931167,-0.16273552,0.4808851,-0.10414035,0.6768299,0.51603514,0.16079473,0.057156064,2.0,-0.39438865,-6.8516173,-13.364967,-6.51335,-8.709292,-20.1011,-11.3918085,0.006867472,6.1824314e-05,0.016361065,0.00010319524,0.047205396,401.75677,10.65277,0.11277014,0.14647472,438655.9768401236,2632893.380170215
132,1,forest,29,495,40004,0.0503,0.0696,0.0545,0.1287,0.226,0.2884,0.3276,0.3181,0.2104,0.1044,0.7147325,-0.5028553,-0.21784346,0.42390236,-0.17579314,0.07785,0.095699996,0.0799,0.1153,0.23215,0.2646,0.3057,0.31385,0.1879,0.1206,0.5855794,-0.32510465,-0.23865429,0.46265763,-0.17770754,0.056050003,0.1076,0.07455,0.1073,0.239,0.27345002,0.29465002,0.33205,0.20109999,0.1078,0.59615225,-0.30288202,-0.18870364,0.51154995,-0.11982103,0.1039,0.1057,0.0653,0.1157,0.2387,0.2718,0.3081,0.334,0.1868,0.1281,0.6502393,-0.277264,-0.24509948,0.4854336,-0.24077664,0.7147325,0.5855794,0.12915313,0.05130746,0.0,-0.277264,-5.143568,-11.930902,-6.7873335,-3.3809376,-12.9992285,-9.618291,0.0104578715,0.00014251721,0.011176935,8.6558284e-05,0.037955426,929.22705,33.584717,-0.5530511,0.011436937,439904.8798673873,2639411.2814621576
133,1,forest,364,290,20001,0.0913,0.079,0.0677,0.096,0.1933,0.2702,0.3075,0.2641,0.1668,0.1114,0.6391241,-0.35719952,-0.29664704,0.46681345,-0.2594343,0.07195,0.082200006,0.077099994,0.10520001,0.19435,0.21815,0.2335,0.25190002,0.19395,0.11645,0.50354,-0.40466988,-0.09252524,0.41080815,-0.0596704,0.03235,0.04755,0.041699998,0.0782,0.204,0.2558,0.2881,0.3002,0.14505,0.0697,0.74711716,-0.5062279,-0.33025435,0.5866792,-0.2636036,0.0466,0.0616,0.0406,0.0924,0.2212,0.2537,0.2968,0.2913,0.1786,0.0813,0.7593338,-0.48709205,-0.2486322,0.51837236,-0.22076035,0.7593338,0.50354,0.2557938,0.10289724,3.0,-0.35719952,-8.327028,-14.660566,-6.333538,-6.071117,-10.787797,-4.71668,0.009156087,7.172498e-05,0.012330914,6.546092e-05,0.042643618,304.8635,16.649668,-0.076769456,-0.2760427,435809.3269972039,2632712.565154985
134,1,forest,452,104,10000,0.0986,0.1131,0.0923,0.117,0.1984,0.2406,0.2572,0.2789,0.224,0.1446,0.47181553,-0.32898152,-0.06899402,0.40894058,-0.058770925,0.0642,0.0831,0.086950004,0.1137,0.1758,0.20615,0.20879999,0.24335,0.19575,0.14245,0.41200194,-0.40397918,-0.03225796,0.36311337,0.01745543,0.07439999,0.0881,0.07225,0.12125,0.21145001,0.24785,0.27125,0.2732,0.18445,0.1297,0.57932866,-0.3535118,-0.19047578,0.38521892,-0.14767139,0.1016,0.0622,0.0707,0.1098,0.1961,0.2265,0.2458,0.2652,0.2057,0.1333,0.5532368,-0.5356456,-0.08881488,0.41439882,-0.113818355,0.57932866,0.41200194,0.16732672,0.06632894,2.0,-0.32898152,-5.932743,-14.6546135,-8.72187,-10.645282,-15.218608,-4.573326,0.005957106,3.2092943e-05,0.012500739,5.515925e-05,0.049805883,416.54935,19.363607,-0.061795518,0.32575244,432095.8223172748,2630952.418871994
135,1,forest,471,392,30000,0.062,0.0826,0.0528,0.1326,0.2195,0.2979,0.3012,0.3206,0.188,0.1274,0.70169294,-0.38950333,-0.23139775,0.414827,-0.2026487,0.07525,0.1008,0.06615,0.12055,0.2378,0.28605002,0.33560002,0.3323,0.1916,0.1294,0.670689,-0.31053242,-0.27314064,0.46759307,-0.22898561,0.0632,0.082949996,0.06935,0.11715,0.2439,0.26725,0.3014,0.3344,0.21305001,0.1116,0.62589175,-0.43952554,-0.17173646,0.48111948,-0.1270477,0.0071,0.0511,0.0566,0.1073,0.2279,0.2699,0.3101,0.3127,0.1987,0.1082,0.69129884,-0.5908703,-0.2189461,0.48904642,-0.108122066,0.70169294,0.62589175,0.07580119,0.029073989,0.0,-0.31053242,-7.669753,-12.552256,-4.8825026,-8.307928,-10.875554,-2.567626,0.010078381,0.00016501818,0.016390411,0.0001037673,0.05185963,1173.9518,26.30377,0.09425552,0.43298993,437854.7858549424,2630571.0562985595
136,1,forest,39,417,40004,0.0379,0.0541,0.0419,0.0689,0.1943,0.245,0.2995,0.3165,0.1401,0.0756,0.7545378,-0.44284016,-0.36260152,0.64244777,-0.29919076,0.07195,0.083749995,0.06295,0.11974999,0.21195,0.24105,0.27915,0.2807,0.18215,0.1065,0.6319771,-0.37006256,-0.21027485,0.40192184,-0.1777924,0.09255,0.0856,0.0615,0.11525,0.23414999,0.2919,0.31965,0.33380002,0.16115001,0.0919,0.67729056,-0.3061791,-0.32965818,0.48669308,-0.29857397,0.0667,0.0869,0.041,0.1093,0.2281,0.2948,0.3006,0.3441,0.1539,0.0747,0.7599509,-0.27823803,-0.32277155,0.5178638,-0.30665186,0.7599509,0.6319771,0.1279738,0.053782497,3.0,-0.27823803,-10.855812,-13.908062,-3.05225,-7.827743,-18.505062,-10.677319,0.011264914,0.00015599032,0.014912327,8.849063e-05,0.04176803,382.18268,16.085638,0.057198264,-0.27110562,438343.8809152656,2639208.717975675
137,1,forest,445,281,20000,0.0915,0.0787,0.0782,0.1216,0.2162,0.2514,0.2683,0.295,0.1658,0.1082,0.54862756,-0.35623577,-0.23612013,0.41622555,-0.19178501,0.066300005,0.07745001,0.109400004,0.11985,0.2049,0.21245,0.2352,0.23875001,0.19485,0.13805,0.36505985,-0.43114048,-0.093826085,0.33156627,0.004539785,0.027150001,0.056,0.04925,0.09095,0.1735,0.23035,0.2601,0.26745,0.16055,0.08075,0.6815882,-0.4827962,-0.23665701,0.49246517,-0.15581903,0.0272,0.0427,0.0377,0.0797,0.1617,0.1919,0.2251,0.2253,0.1607,0.0928,0.713087,-0.5801348,-0.16692543,0.47737542,-0.11959149,0.713087,0.36505985,0.34802717,0.13709663,3.0,-0.35623577,-10.743633,-14.483835,-3.740202,-6.4964275,-17.020721,-10.524294,0.009829124,0.000104259205,0.011216196,8.258125e-05,0.051992495,322.6376,18.559261,0.22608948,-0.22402927,435638.4564776095,2631089.722760485
138,1,forest,17,496,40004,0.0607,0.0293,0.0499,0.0743,0.1782,0.2549,0.2762,0.3011,0.1571,0.0789,0.6939568,-0.68561864,-0.2748666,0.60415393,-0.23883021,0.07705,0.08635,0.05545,0.096300006,0.21125,0.23895,0.28675002,0.30124998,0.16194999,0.091350004,0.6759186,-0.30446917,-0.27813625,0.5155313,-0.25189227,0.0732,0.0799,0.05125,0.10175,0.21755,0.27265,0.28579998,0.2846,0.1422,0.0692,0.6958887,-0.280503,-0.3355132,0.4732743,-0.29966456,0.0784,0.0831,0.0371,0.1087,0.2102,0.2616,0.2788,0.3092,0.1611,0.0724,0.7651131,-0.31940904,-0.2675602,0.47977865,-0.28627968,0.7651131,0.6759186,0.089194536,0.034039333,3.0,-0.280503,-8.206717,-13.484357,-5.2776403,-9.059244,-13.100968,-4.041724,0.0060168407,3.624964e-05,0.01276817,6.127206e-05,0.031998724,1080.7838,27.757357,-0.42171836,-0.19762672,439937.98410505516,2639640.125308498
139,1,forest,481,283,20000,0.0911,0.1004,0.0671,0.1087,0.2115,0.2578,0.2858,0.3087,0.1843,0.0895,0.6197205,-0.29469514,-0.21591105,0.47915548,-0.19974506,0.0715,0.0671,0.07395,0.11715,0.1958,0.2517,0.2714,0.3028,0.17605,0.09895,0.5717372,-0.44807547,-0.21309595,0.44207534,-0.1566872,0.0551,0.0585,0.0341,0.1037,0.1783,0.2407,0.2705,0.2812,0.1412,0.0686,0.77609724,-0.41411915,-0.31406286,0.46115756,-0.30005926,0.0256,0.0554,0.0272,0.0614,0.1732,0.2195,0.2281,0.2675,0.1623,0.085,0.78691417,-0.4910405,-0.16854464,0.62663233,-0.14485523,0.78691417,0.5717372,0.215177,0.09450231,3.0,-0.29469514,-10.084531,-10.78528,-0.7007494,-4.1454387,-15.508029,-11.362591,0.009605623,8.522971e-05,0.011157253,7.634817e-05,0.099963285,634.1906,29.557035,0.2342667,-0.43411273,435674.64659428835,2630365.007430994
140,1,forest,447,466,40000,0.0594,0.08,0.0683,0.1106,0.2167,0.291,0.3214,0.3237,0.2143,0.0987,0.64947224,-0.45633548,-0.19992493,0.49067354,-0.14802505,0.0901,0.0867,0.06685,0.13275,0.24290001,0.29255,0.3104,0.3286,0.2138,0.12629999,0.6455914,-0.42296025,-0.18428047,0.42451406,-0.1759522,0.0603,0.1006,0.0518,0.1066,0.2387,0.2668,0.3088,0.3252,0.2184,0.1304,0.712699,-0.36927783,-0.17147163,0.5062517,-0.15470019,0.0194,0.0653,0.0517,0.1122,0.2327,0.2531,0.3115,0.3235,0.2001,0.1209,0.7153064,-0.50791067,-0.21774782,0.48496562,-0.13574716,0.7153064,0.6455914,0.06971502,0.033276528,3.0,-0.36927783,-9.888982,-17.028137,-7.1391554,-3.2354958,-19.802744,-16.567247,0.01296189,0.00012637327,0.023960011,0.00021313413,0.063268706,840.85736,10.693767,0.15133084,0.107384294,439327.28801316326,2631052.8635593136
141,1,forest,345,307,30001,0.0685,0.0869,0.0756,0.1028,0.2023,0.2274,0.2513,0.2912,0.1442,0.0743,0.5374716,-0.24794352,-0.2707958,0.4781714,-0.18532215,0.06525,0.07635,0.0908,0.107,0.19425,0.2039,0.2385,0.2389,0.18705,0.114250004,0.44852582,-0.4202717,-0.12090208,0.381323,-0.044532258,0.0353,0.0306,0.0179,0.0713,0.1774,0.2425,0.2589,0.2763,0.1564,0.0814,0.87066156,-0.6727237,-0.24680893,0.58975667,-0.25592262,0.0354,0.0644,0.0441,0.098,0.2151,0.2284,0.2752,0.2801,0.1472,0.0892,0.7237685,-0.3913025,-0.3030296,0.48161736,-0.23769628,0.87066156,0.44852582,0.42213574,0.1637773,2.0,-0.24794352,-7.637471,-13.7987995,-6.1613283,-8.785367,-17.502563,-8.717196,0.01211667,0.00014679894,0.013533574,0.00015385832,0.082433894,359.2324,17.391865,0.14041841,-0.26386935,436145.7304401764,2633096.1678718184
142,1,forest,477,16,0,0.0781,0.0948,0.0581,0.1122,0.2283,0.3064,0.2999,0.3136,0.1832,0.0933,0.6754171,-0.31798446,-0.24156438,0.47299093,-0.2207327,0.0528,0.07865,0.07095,0.10075,0.22635,0.2567,0.25415,0.301,0.19150001,0.12375,0.56351715,-0.41772935,-0.14058083,0.49844304,-0.07815229,0.07695,0.100700006,0.0679,0.12064999,0.2294,0.2748,0.3146,0.32615,0.1773,0.105399996,0.6449656,-0.27553856,-0.27912116,0.45993632,-0.22983865,0.0884,0.115,0.1004,0.1087,0.2369,0.2709,0.3423,0.3262,0.2004,0.1003,0.5464184,-0.27076638,-0.26146996,0.5001138,-0.17758007,0.6754171,0.5464184,0.1289987,0.05404126,0.0,-0.27076638,-12.144716,-12.797676,-0.6529598,-10.586316,-16.375008,-5.7886915,0.0057935193,4.7797323e-05,0.011814994,7.67026e-05,0.04102035,479.53314,5.212084,-0.02451417,-0.08747248,430338.7565235667,2630450.526553208
143,1,forest,266,428,40002,0.0701,0.1013,0.0774,0.1403,0.2231,0.2804,0.335,0.3261,0.1974,0.1292,0.62463474,-0.3217264,-0.2584518,0.3983696,-0.19164555,0.07175,0.1022,0.104049996,0.14885,0.22795,0.2746,0.28474998,0.30830002,0.25559998,0.1768,0.46476218,-0.42872986,-0.053946435,0.3487907,0.004398495,0.0284,0.0524,0.0385,0.081,0.22049999,0.27175,0.31745,0.33435,0.1848,0.097849995,0.7836752,-0.55817646,-0.26411095,0.609966,-0.2153207,0.053,0.0918,0.0605,0.1106,0.2299,0.298,0.3174,0.3324,0.2153,0.0998,0.67980766,-0.4021478,-0.19166477,0.5006761,-0.1463941,0.7836752,0.46476218,0.318913,0.11528109,2.0,-0.3217264,-5.88066,-11.866192,-5.985532,-7.893019,-15.112925,-7.2199054,0.006592927,4.682278e-05,0.011136198,6.805157e-05,0.057217002,337.49414,9.8886595,0.16957039,-0.027175086,438578.74632847076,2634673.1121130534
144,1,forest,373,499,40001,0.0926,0.1169,0.0832,0.1316,0.2217,0.2701,0.3198,0.3085,0.2261,0.1529,0.58709526,-0.3183664,-0.17164283,0.40195313,-0.14285694,0.0771,0.1002,0.10925,0.15595001,0.21505,0.24465,0.27135003,0.28315,0.25345,0.19685,0.42590535,-0.43333682,-0.0341082,0.28968272,0.02003791,0.0357,0.0662,0.0575,0.1211,0.2219,0.2734,0.3084,0.3167,0.1978,0.1378,0.6857046,-0.4984829,-0.21849029,0.4467783,-0.14814793,0.0658,0.0948,0.0789,0.117,0.221,0.2659,0.3171,0.3125,0.2081,0.1158,0.60151356,-0.37404957,-0.20753954,0.4551794,-0.14315547,0.6857046,0.42590535,0.25979924,0.09398667,2.0,-0.3183664,-7.4586496,-22.439865,-14.9812155,-5.182244,-8.379222,-3.196978,0.017191991,0.00023844404,0.013044971,0.00014371486,0.077169105,446.37628,2.4506228,0.03095991,-0.029491773,439984.64726401813,2632522.296000591
145,1,forest,115,450,40003,0.0608,0.0842,0.0379,0.1029,0.217,0.2709,0.272,0.2834,0.1822,0.1054,0.7554025,-0.36786646,-0.19770984,0.4672522,-0.203834,0.08655,0.10735,0.10705,0.1454,0.22745001,0.23995,0.282,0.29885,0.2327,0.15815,0.44968396,-0.36862114,-0.09578376,0.34541282,-0.040660694,0.0574,0.1111,0.061,0.1074,0.257,0.2926,0.3111,0.3286,0.2121,0.1227,0.6721294,-0.31249902,-0.18921982,0.5073383,-0.14869054,0.0598,0.0764,0.0796,0.1334,0.2254,0.2454,0.2909,0.302,0.1957,0.1378,0.5703088,-0.43844014,-0.19564281,0.38722923,-0.120447084,0.7554025,0.44968396,0.30571854,0.11430706,0.0,-0.31249902,-9.3514595,-16.356321,-7.004862,-7.4444895,-13.2020235,-5.757534,0.011820983,0.00011052634,0.0136950165,0.0001362149,0.058623243,381.2851,8.165708,-0.1385932,0.031085223,439018.5530159077,2637682.360148963
146,1,forest,481,380,30000,0.0383,0.0527,0.0329,0.0479,0.2091,0.2463,0.2798,0.3089,0.1401,0.0902,0.78957206,-0.45331717,-0.33269745,0.7315002,-0.29545856,0.07355,0.081650004,0.0558,0.11145,0.1918,0.2605,0.2986,0.2978,0.16795,0.07945,0.68509966,-0.34575182,-0.28003365,0.455344,-0.24903466,0.04365,0.0711,0.0396,0.091350004,0.21485001,0.25035,0.28015,0.29830003,0.15755,0.07215,0.7523041,-0.37808716,-0.28009984,0.5311163,-0.24311304,0.0158,0.0291,0.024,0.041,0.1934,0.2124,0.2776,0.3024,0.1328,0.0662,0.84084606,-0.64051485,-0.35282564,0.76120913,-0.30342,0.84084606,0.68509966,0.1557464,0.056759067,3.0,-0.34575182,-8.887778,-15.28787,-6.400092,-9.749931,-16.31954,-6.5696087,0.008372724,9.7025506e-05,0.010002692,9.829986e-05,0.042663183,1313.9442,23.313051,0.11386441,0.37902066,437608.81710328505,2630368.42297634
147,1,forest,32,475,40004,0.054,0.0435,0.0415,0.1012,0.1832,0.2281,0.2494,0.2833,0.1484,0.0859,0.71467614,-0.54663604,-0.25389582,0.47360083,-0.23008266,0.07125,0.098,0.0597,0.0943,0.17425,0.23885,0.2555,0.27415,0.1525,0.07945,0.62119085,-0.21756402,-0.25245032,0.4881246,-0.21254249,0.06285,0.07585,0.0633,0.1101,0.1943,0.23665,0.26595002,0.27845,0.15555,0.07285,0.6154879,-0.34442374,-0.2619211,0.43327644,-0.20076656,0.0535,0.0695,0.0614,0.0963,0.1883,0.2393,0.2715,0.2652,0.1502,0.0828,0.63111854,-0.36731738,-0.28764454,0.46721858,-0.2113302,0.71467614,0.6154879,0.09918827,0.040260937,0.0,-0.21756402,-4.1780586,-16.986168,-12.808109,-7.4529686,-18.233957,-10.780989,0.011703481,0.0001199124,0.017934369,9.5591386e-05,0.045103617,854.6166,34.036697,-0.5166422,-0.21534052,439508.71318496735,2639359.0812567724
148,1,forest,278,424,40002,0.0894,0.0949,0.0872,0.1305,0.2757,0.3233,0.3501,0.3694,0.2134,0.1386,0.60118765,-0.38436463,-0.2425905,0.4778946,-0.1876771,0.0722,0.116950005,0.1199,0.13675,0.24305001,0.30470002,0.33165002,0.3165,0.26045,0.1884,0.4689393,-0.38023216,-0.12024977,0.39657938,-0.029966839,0.0431,0.0576,0.047,0.0907,0.2495,0.3215,0.3608,0.3703,0.188,0.0985,0.769493,-0.5309425,-0.31486824,0.6065062,-0.26436022,0.0461,0.0791,0.0687,0.1243,0.2625,0.325,0.3575,0.3789,0.2102,0.1035,0.67761457,-0.4531612,-0.25946757,0.5059608,-0.18271032,0.769493,0.4689393,0.30055368,0.11010703,2.0,-0.38023216,-5.78218,-10.9262295,-5.1440496,-7.4803185,-12.886697,-5.4063783,0.012115748,0.0001312787,0.022468068,0.0001649181,0.062090486,338.46002,8.142274,-0.008873167,0.14135343,438482.80985109694,2634437.0016556554
149,1,forest,391,4,1,0.0604,0.0559,0.0853,0.1219,0.2036,0.2276,0.2423,0.281,0.1914,0.1144,0.47924152,-0.54791534,-0.11736195,0.39488608,-0.044873912,0.04005,0.1018,0.0875,0.10365,0.1928,0.2087,0.2311,0.2301,0.2227,0.16825,0.45072043,-0.37257203,-0.0185103,0.37887526,0.06717115,0.0373,0.0605,0.051,0.0855,0.1786,0.2107,0.2813,0.2711,0.1706,0.1046,0.69304633,-0.4764151,-0.24496517,0.52046967,-0.17956279,0.0772,0.1077,0.0797,0.1377,0.237,0.2433,0.2635,0.2884,0.1951,0.127,0.53554624,-0.28863838,-0.14914928,0.35367197,-0.10706725,0.69304633,0.45072043,0.2423259,0.09368155,2.0,-0.28863838,-7.998745,-14.917213,-6.9184685,-6.511474,-14.985267,-8.473793,0.013411078,0.0002272603,0.024584215,0.0001735747,0.061910473,357.1468,11.661321,0.16688263,-0.11404028,430091.723731142,2632165.329190733
150,1,forest,444,45,0,0.0854,0.0773,0.0526,0.0819,0.1934,0.2629,0.2717,0.2979,0.1419,0.0947,0.6756069,-0.2947067,-0.313829,0.56871885,-0.29477832,0.04055,0.0651,0.047849998,0.09025,0.17155,0.2305,0.2686,0.27125,0.16435,0.0886,0.6975803,-0.43255424,-0.24078934,0.50069016,-0.18595915,0.0619,0.0854,0.05325,0.105849996,0.2225,0.25855,0.26410002,0.31379998,0.1497,0.081949994,0.66440624,-0.2734995,-0.27646142,0.49553078,-0.23263025,0.0794,0.0867,0.0433,0.095,0.2342,0.2606,0.2876,0.3292,0.1632,0.084,0.73828727,-0.30612123,-0.27595326,0.5520967,-0.27986,0.73828727,0.66440624,0.07388103,0.0282324,3.0,-0.2734995,-7.2091765,-13.466629,-6.2574525,-10.55611,-12.514765,-1.9586544,0.015212332,0.00019141065,0.018375333,0.00013109995,0.03814966,505.81567,15.680827,-0.12510726,-0.23957987,430901.3647662666,2631101.213221408
151,1,forest,387,48,1,0.0728,0.1025,0.0767,0.1325,0.2376,0.3072,0.3335,0.3367,0.2065,0.1053,0.6260345,-0.33656847,-0.23518477,0.43520793,-0.17853494,0.0564,0.09015,0.0958,0.13350001,0.22235,0.2601,0.30105,0.3008,0.2481,0.17565,0.51719666,-0.46696094,-0.096421584,0.38521665,-0.019319875,0.0462,0.0651,0.0403,0.1152,0.2285,0.2756,0.3324,0.3395,0.2001,0.1003,0.7837381,-0.5090478,-0.2484502,0.49329123,-0.22326295,0.097,0.1309,0.0814,0.1241,0.249,0.3262,0.3414,0.3292,0.2098,0.1215,0.6149465,-0.23158138,-0.23875135,0.45245874,-0.2017541,0.7837381,0.51719666,0.26654142,0.09550164,2.0,-0.23158138,-9.697557,-12.398599,-2.7010412,-6.215763,-13.787568,-7.571805,0.013558325,0.00024309552,0.01737434,0.0002344616,0.07413237,348.31207,8.1287985,0.1260853,0.06400101,430967.029675159,2632254.585999433
152,1,forest,72,404,40004,0.0636,0.0926,0.0825,0.0943,0.1998,0.2436,0.2534,0.2748,0.2077,0.1478,0.5087808,-0.38328207,-0.0991106,0.489026,-0.044136956,0.09895,0.1073,0.10805,0.15905,0.2046,0.21525,0.24045,0.23585,0.2227,0.15565,0.37991276,-0.34969592,-0.038324423,0.19447911,-0.012907546,0.0767,0.0891,0.0642,0.1189,0.2094,0.2677,0.3049,0.2829,0.1977,0.1172,0.652125,-0.37865973,-0.21329047,0.40816224,-0.18601368,0.0764,0.0944,0.0768,0.1018,0.2283,0.2461,0.2903,0.2745,0.2066,0.1209,0.5815838,-0.37275618,-0.16844404,0.45894113,-0.12813392,0.652125,0.37991276,0.27221224,0.10068564,2.0,-0.34969592,-8.013475,-13.831569,-5.8180933,-7.5982275,-14.611424,-7.013197,0.006663183,5.035695e-05,0.021528546,0.00019615458,0.07668095,315.02023,12.637071,-0.11132012,-0.18833524,438089.8798390404,2638559.1656690887
153,1,forest,291,497,40002,0.1038,0.1049,0.0673,0.1338,0.2543,0.315,0.3163,0.3647,0.2432,0.1665,0.649112,-0.39729846,-0.13065214,0.46318862,-0.15001349,0.07135,0.11615001,0.09505,0.15815,0.23315,0.28995,0.32005,0.32515,0.30115,0.2214,0.5420367,-0.44332504,-0.030424947,0.34554034,0.0060944455,0.0356,0.0414,0.0233,0.0806,0.216,0.2759,0.3128,0.3594,0.189,0.1155,0.8613482,-0.6406222,-0.24671133,0.6336349,-0.24273185,0.0811,0.0998,0.1056,0.1387,0.2895,0.3017,0.355,0.3974,0.2201,0.1213,0.5414665,-0.37605384,-0.23456746,0.48255837,-0.14491977,0.8613482,0.5414665,0.31988174,0.13047542,2.0,-0.37605384,-8.934533,-14.085845,-5.151312,-5.876341,-13.155427,-7.279086,0.013121565,0.00016810736,0.02477411,0.00020174739,0.090903625,377.46976,11.322581,-0.19326228,0.034585867,439940.27340022725,2634179.0276838415
154,1,forest,445,463,40000,0.0467,0.0958,0.0631,0.1126,0.2275,0.2529,0.3076,0.308,0.2326,0.1351,0.65956116,-0.41656387,-0.13883719,0.4645733,-0.09015368,0.09505,0.117850006,0.08415,0.13679999,0.23555,0.27225,0.30195,0.31615,0.22835,0.14525,0.5641011,-0.31917873,-0.13878912,0.39595896,-0.11909781,0.0681,0.1026,0.0648,0.1253,0.2295,0.2829,0.3025,0.3125,0.232,0.0991,0.64715314,-0.3867292,-0.13189875,0.4275915,-0.11057824,0.0401,0.0527,0.0645,0.0869,0.202,0.2664,0.3154,0.2847,0.2299,0.1148,0.6604352,-0.6270324,-0.15679413,0.53229135,-0.094014324,0.6604352,0.5641011,0.0963341,0.040016916,3.0,-0.31917873,-7.96901,-17.47911,-9.510101,-4.7914205,-16.158579,-11.367159,0.024429774,0.00026838208,0.030877395,0.00023090314,0.060398534,842.2473,9.602366,0.15577073,0.05967308,439277.4266745135,2631090.11219659
155,1,forest,134,393,30003,0.0698,0.0622,0.0657,0.094,0.1788,0.1723,0.2093,0.2283,0.1576,0.1281,0.52217984,-0.434029,-0.14090993,0.4166912,-0.111066625,0.05285,0.0879,0.08545,0.1039,0.1764,0.17225,0.2044,0.2228,0.18555,0.14325,0.41038325,-0.35710236,-0.0483394,0.36394134,0.026029268,0.0702,0.0704,0.0464,0.0764,0.2121,0.2018,0.2594,0.2595,0.159,0.0775,0.69653136,-0.38622323,-0.23996122,0.54510105,-0.23214914,0.0108,0.0552,0.0453,0.0966,0.1549,0.2086,0.21,0.2434,0.1488,0.0869,0.64512086,-0.45882133,-0.17056806,0.43176335,-0.06435271,0.69653136,0.41038325,0.2861481,0.11114094,2.0,-0.35710236,-9.750351,-13.0237875,-3.2734365,-6.0884624,-19.47452,-13.386057,0.010290173,0.00016040087,0.01836783,0.00012596998,0.09532245,306.31946,11.064663,0.049429536,-0.18544203,437862.22361624526,2637302.3864692445
156,1,forest,365,361,30001,0.0352,0.0788,0.0576,0.0671,0.1997,0.2506,0.3177,0.2913,0.162,0.0821,0.6930437,-0.34551352,-0.32457718,0.6255563,-0.23283803,0.05895,0.0559,0.0638,0.09845,0.18465,0.2274,0.27214998,0.27894998,0.1646,0.10955,0.62017965,-0.4929683,-0.24625011,0.47827107,-0.18355641,0.0446,0.06855,0.0251,0.091000006,0.1873,0.252,0.2942,0.288,0.14725,0.065349996,0.84277844,-0.36468786,-0.33287954,0.5197875,-0.32563767,0.0072,0.0571,0.0098,0.0917,0.1929,0.2429,0.2599,0.2972,0.1384,0.0805,0.9273233,-0.4158547,-0.30504566,0.5284121,-0.28629836,0.9273233,0.62017965,0.30714363,0.120843865,3.0,-0.34551352,-10.840973,-15.195188,-4.3542147,-10.783613,-15.048204,-4.264591,0.009329399,0.000107450534,0.018289987,0.00013326616,0.051083766,549.9192,10.781101,0.17956172,-0.05242162,437222.1393730687,2632682.9076614883
157,1,forest,344,473,40001,0.0622,0.0996,0.067,0.1164,0.2149,0.2373,0.2928,0.3123,0.2244,0.1401,0.6275691,-0.38518396,-0.13225034,0.4569618,-0.09839094,0.059600003,0.10115,0.07655,0.1499,0.20625,0.25730002,0.26709998,0.27894998,0.2356,0.17765,0.5544869,-0.39925638,-0.06266147,0.3009203,-0.022775218,0.03375,0.07045,0.05985,0.08665,0.20045,0.25825,0.31059998,0.31125,0.18715,0.11235,0.67687756,-0.45302615,-0.24801554,0.564462,-0.164623,0.0475,0.0637,0.057,0.0926,0.2267,0.262,0.289,0.3155,0.177,0.1228,0.6705183,-0.4707085,-0.24034283,0.54618824,-0.17966662,0.67687756,0.5544869,0.12239069,0.048798166,2.0,-0.38518396,-8.287237,-12.097204,-3.809967,-6.99464,-16.304697,-9.310057,0.014856764,0.00015289462,0.020341288,0.00013740665,0.09323327,390.30582,6.9358215,0.11894476,0.020845063,439461.768531599,2633117.1423579943
158,1,forest,391,38,1,0.0621,0.0836,0.0737,0.0874,0.2218,0.2984,0.3114,0.2998,0.1596,0.1071,0.6172406,-0.31249872,-0.32229227,0.54855233,-0.23104773,0.0636,0.07095,0.07075,0.1028,0.2122,0.24375,0.26845002,0.2773,0.2022,0.14145,0.58284026,-0.4805034,-0.14076252,0.45908847,-0.097685836,0.0328,0.0523,0.0476,0.0873,0.2341,0.2894,0.2872,0.3019,0.1544,0.0795,0.71564895,-0.49395025,-0.30072394,0.551386,-0.22605316,0.0985,0.077,0.082,0.1156,0.2249,0.2947,0.3157,0.3289,0.1549,0.0889,0.58762735,-0.3359192,-0.34169072,0.47986397,-0.27230796,0.71564895,0.58284026,0.13280869,0.05349949,2.0,-0.31249872,-6.63527,-14.213371,-7.578101,-4.1909904,-13.3167095,-9.125719,0.014430652,0.00020812592,0.023405053,0.000208613,0.06905253,351.77466,10.4395,0.12797585,-0.1282755,430771.51188080624,2632179.91569032
159,1,forest,450,453,40000,0.0248,0.0542,0.0555,0.0994,0.2123,0.2507,0.2591,0.2762,0.1997,0.1172,0.64716893,-0.573058,-0.12946787,0.47071227,-0.053236768,0.083749995,0.09915,0.09015,0.1269,0.19745,0.2566,0.26485002,0.29070002,0.19665,0.13885,0.4921113,-0.32961348,-0.1477787,0.39224043,-0.09726146,0.0753,0.072,0.078,0.0971,0.2135,0.2654,0.2824,0.2999,0.2044,0.0997,0.567146,-0.4790142,-0.16022976,0.51083,-0.117637694,0.0289,0.0655,0.0372,0.1085,0.1678,0.2163,0.2739,0.2786,0.2186,0.1144,0.7608461,-0.53889287,-0.11228403,0.4394202,-0.08413875,0.7608461,0.4921113,0.26873478,0.09960464,3.0,-0.32961348,-4.653015,-12.336414,-7.683399,-10.089874,-12.988754,-2.89888,0.008540125,0.00015050138,0.011717479,0.00010769724,0.065208405,853.66907,15.724576,0.2582515,-0.08218518,439064.5876460337,2630995.2062975224
160,1,forest,365,416,40001,0.061,0.0859,0.0552,0.0821,0.1673,0.2117,0.2331,0.236,0.1513,0.0908,0.6170634,-0.27571553,-0.2127986,0.48380858,-0.17498966,0.040299997,0.0838,0.060549997,0.08525,0.15834999,0.20025,0.20875001,0.20629999,0.16615,0.1097,0.55031353,-0.32946458,-0.113630004,0.4151932,-0.046978347,0.06415,0.0436,0.03395,0.0708,0.1752,0.204,0.2325,0.235,0.14455,0.0843,0.74516517,-0.5365372,-0.23325759,0.5369505,-0.24865778,0.0508,0.0531,0.0333,0.0942,0.1533,0.2035,0.1967,0.2238,0.1369,0.083,0.71043175,-0.44105026,-0.1792561,0.40754586,-0.18506064,0.74516517,0.55031353,0.19485164,0.07680929,2.0,-0.27571553,-5.4118557,-13.130611,-7.7187557,-12.570645,-17.929176,-5.358531,0.006017769,4.657476e-05,0.014464817,9.02642e-05,0.06347116,483.43536,23.17254,0.3424896,0.19376326,438337.2340835908,2632691.4697208004
161,2,cropland,234,406,40002,0.0676,0.0912,0.0841,0.1115,0.1862,0.2378,0.2557,0.2581,0.2068,0.1417,0.50500137,-0.3879181,-0.10572949,0.39664397,-0.052751478,0.0824,0.0969,0.103949994,0.13245001,0.19049999,0.2195,0.22205,0.2489,0.229,0.1775,0.36226884,-0.40533778,0.01540847,0.30536166,0.044712808,0.03215,0.052950002,0.04625,0.08025,0.17969999,0.2146,0.2231,0.2523,0.16624999,0.114999995,0.65657824,-0.5168772,-0.14601225,0.51736426,-0.09139481,0.0435,0.0527,0.0775,0.1007,0.1775,0.2089,0.228,0.2641,0.1898,0.1216,0.4926334,-0.5653585,-0.091431096,0.44791543,-0.0077950517,0.65657824,0.36226884,0.2943094,0.10428086,2.0,-0.3879181,-9.792988,-13.081007,-3.2880192,-9.544353,-18.992197,-9.4478445,0.007110792,5.5790428e-05,0.013091863,0.00010096607,0.06524381,307.35635,14.892924,0.17406768,-0.18909349,438121.7839225766,2635317.4011784988
162,1,forest,481,471,40000,0.0445,0.0628,0.0401,0.0689,0.1514,0.2048,0.2357,0.2209,0.1875,0.1056,0.709207,-0.49820018,-0.11389386,0.52449787,-0.10358388,0.07895,0.086500004,0.0776,0.114250004,0.1737,0.20435,0.2386,0.24375,0.18560001,0.1277,0.50916976,-0.36420298,-0.12494074,0.3617308,-0.0935857,0.063250005,0.0857,0.07035,0.11505,0.17109999,0.20865,0.22514999,0.2567,0.18294999,0.1009,0.5238561,-0.36199376,-0.10340577,0.3810346,-0.06479591,0.0143,0.0491,0.0342,0.0762,0.1523,0.155,0.1871,0.2087,0.1653,0.1033,0.6909142,-0.5419751,-0.061861333,0.46507376,-0.00473933,0.709207,0.50916976,0.20003724,0.09214785,0.0,-0.36199376,-7.8127475,-13.98126,-6.168513,-8.335734,-9.544467,-1.2087326,0.0068386616,6.1584185e-05,0.016862832,8.0622536e-05,0.040961456,1097.5292,26.89237,0.20082414,-0.40528926,439438.0391296791,2630367.244602951
163,1,forest,64,34,4,0.05,0.0867,0.0547,0.0923,0.1978,0.2112,0.2644,0.2726,0.209,0.1258,0.65715873,-0.41359344,-0.11702552,0.4941066,-0.08770095,0.069450006,0.0823,0.083900005,0.1093,0.18765,0.20715001,0.22645,0.22905001,0.22915,0.15755,0.4593186,-0.4715027,0.0059262402,0.35392243,0.028163208,0.075,0.1018,0.0669,0.1281,0.2296,0.2944,0.2996,0.3347,0.1943,0.1502,0.6349232,-0.31239337,-0.21320063,0.44641218,-0.17835766,0.0628,0.0791,0.0709,0.1127,0.2134,0.2524,0.2682,0.2823,0.2003,0.1462,0.5818326,-0.4337851,-0.14493035,0.429366,-0.09930238,0.65715873,0.4593186,0.19784012,0.076638125,0.0,-0.31239337,-5.70335,-15.452145,-9.748795,-8.477723,-14.712604,-6.2348804,0.015926784,0.00019038981,0.02723919,0.00017697245,0.056429237,374.09833,18.258175,-0.19751562,0.24319544,430693.9687061022,2638707.783236888
164,1,forest,427,331,30000,0.0761,0.0712,0.0346,0.0803,0.196,0.2376,0.2618,0.2499,0.1529,0.0767,0.7665291,-0.36456776,-0.26259884,0.5136265,-0.2862575,0.05965,0.062800005,0.048699997,0.09165,0.2022,0.22334999,0.2505,0.27465,0.15135,0.09855,0.6744629,-0.41349328,-0.2467332,0.4995891,-0.21579729,0.05405,0.0676,0.03855,0.0901,0.17300001,0.2228,0.25405002,0.25975,0.1454,0.08995,0.7364978,-0.36525652,-0.27199835,0.48492077,-0.25231123,0.0258,0.0473,0.0243,0.0882,0.1743,0.2208,0.2321,0.2412,0.1435,0.0767,0.81044924,-0.50419027,-0.2358886,0.46447945,-0.21165091,0.81044924,0.6744629,0.13598633,0.049444705,3.0,-0.36456776,-10.028709,-13.7911,-3.7623901,-4.181601,-11.815036,-7.633435,0.012066143,8.4740204e-05,0.015363411,9.525601e-05,0.054415982,648.4778,31.13486,0.27719498,-0.43647215,436636.6281460332,2631441.683671128
165,1,forest,140,445,40003,0.0599,0.045,0.0431,0.1047,0.1856,0.256,0.2902,0.3194,0.172,0.1278,0.74137187,-0.58525074,-0.25573286,0.50624734,-0.23885304,0.0835,0.098000005,0.09285,0.1154,0.19185,0.24775,0.2613,0.27495,0.19325,0.13095,0.47564456,-0.32703748,-0.14970817,0.4087347,-0.093041524,0.05,0.06955,0.0419,0.09345,0.2183,0.2684,0.29365,0.31655002,0.1859,0.0977,0.75025845,-0.45546892,-0.22468933,0.544145,-0.20272954,0.0228,0.0457,0.0303,0.093,0.2257,0.2543,0.2697,0.2864,0.1822,0.1171,0.7979973,-0.5989443,-0.19362645,0.5097509,-0.1584155,0.7979973,0.47564456,0.32235274,0.12636739,3.0,-0.32703748,-7.437748,-13.901264,-6.463516,-7.5108786,-17.793287,-10.282409,0.01119259,5.75041e-05,0.015557621,6.967825e-05,0.047208868,385.58707,7.6655545,-0.12559286,-0.044938095,438903.8367468757,2637198.6495568496
166,1,forest,37,33,4,0.0138,0.0559,0.0344,0.0821,0.2378,0.3021,0.342,0.3542,0.1485,0.0824,0.8172136,-0.45303103,-0.39449462,0.623652,-0.32095727,0.05155,0.06735,0.0523,0.081300005,0.20365,0.25555,0.29659998,0.3001,0.19495001,0.111499995,0.70019853,-0.48646402,-0.20679435,0.5736744,-0.16946557,0.0669,0.0833,0.0621,0.1094,0.246,0.3143,0.3616,0.3612,0.1734,0.0864,0.7068664,-0.35099196,-0.35177505,0.53506047,-0.29066217,0.0715,0.0678,0.0383,0.1015,0.2477,0.3054,0.357,0.3549,0.195,0.0912,0.806221,-0.48401642,-0.29347774,0.55521345,-0.2949527,0.8172136,0.70019853,0.117015064,0.054283075,0.0,-0.35099196,-5.9252405,-16.98567,-11.06043,-4.817962,-14.596106,-9.778143,0.010273506,7.063865e-05,0.013849199,0.00016372635,0.050513517,514.01776,29.152006,-0.31805268,0.36896676,430664.7276754087,2639247.551459305
167,1,forest,71,436,40004,0.0309,0.072,0.0504,0.0946,0.2232,0.2131,0.2342,0.2741,0.154,0.1149,0.6458164,-0.36283028,-0.206594,0.4868444,-0.1292862,0.069800004,0.1013,0.08865,0.12645,0.1888,0.2391,0.2422,0.2479,0.1762,0.12275,0.46410617,-0.26990893,-0.15774341,0.3244281,-0.08173685,0.0764,0.08955,0.0545,0.1028,0.2139,0.2343,0.27875,0.28845,0.1562,0.0875,0.67291623,-0.27120948,-0.28175586,0.47450355,-0.25527915,0.0828,0.0717,0.0519,0.1089,0.1904,0.2518,0.2779,0.289,0.1856,0.1087,0.6852617,-0.4426722,-0.19913658,0.4526251,-0.20595086,0.6852617,0.46410617,0.22115555,0.0894332,3.0,-0.26990893,-6.45917,-15.800735,-9.341566,-16.796936,-14.6284485,2.1684875,0.007932692,7.500012e-05,0.00964201,6.9806745e-05,0.035389867,430.2715,11.429307,-0.18236013,-0.07753492,438735.1164210518,2638562.247986966
168,1,forest,453,14,0,0.0776,0.0788,0.0721,0.1166,0.242,0.2961,0.3361,0.3347,0.1944,0.0971,0.64674014,-0.42313164,-0.26710603,0.48326942,-0.21640664,0.0488,0.0713,0.05585,0.1043,0.20684999,0.26784998,0.2998,0.30455,0.19375,0.1201,0.68592525,-0.4619865,-0.21487144,0.48978722,-0.16549623,0.0706,0.092,0.0779,0.1279,0.2495,0.2953,0.3478,0.3435,0.1923,0.0904,0.63401306,-0.3527951,-0.2879091,0.45736003,-0.21521893,0.1245,0.1032,0.1086,0.1406,0.2462,0.2869,0.325,0.3502,0.1837,0.1068,0.49907634,-0.28058457,-0.2777663,0.427057,-0.2119167,0.68592525,0.49907634,0.18684891,0.070408344,1.0,-0.28058457,-11.071333,-16.094563,-5.0232296,-6.5763702,-12.6857395,-6.1093693,0.011269543,9.710219e-05,0.016732763,0.00015869172,0.0526535,490.119,5.7076817,0.074634835,-0.06573106,430286.49032879126,2630929.3639030065
169,1,forest,328,471,40001,0.0849,0.0921,0.0994,0.1321,0.2023,0.2475,0.2505,0.273,0.2583,0.1945,0.4318364,-0.47431374,0.015330182,0.3478145,0.032174252,0.0859,0.102,0.11225,0.15685,0.2034,0.21555,0.23445,0.24219999,0.25095,0.21335,0.35246506,-0.42201325,0.033992533,0.21388242,0.062687375,0.0489,0.0805,0.07075,0.1311,0.20245,0.2304,0.2594,0.28815,0.22305,0.1509,0.57140523,-0.469608,-0.07534446,0.37459663,-0.024082374,0.0826,0.0909,0.0801,0.1511,0.2086,0.2371,0.2636,0.2749,0.2186,0.1667,0.53389424,-0.41259962,-0.09332205,0.29060963,-0.0736547,0.57140523,0.35246506,0.21894017,0.08604268,2.0,-0.41259962,-10.397434,-19.26386,-8.866426,-15.3666525,-14.776937,0.58971596,0.013783949,0.00018696091,0.021435421,0.00016085236,0.058950987,387.0069,4.857226,0.0072126496,-0.08436532,439436.83292887476,2633420.1421713536
170,1,forest,396,21,1,0.0827,0.0977,0.099,0.1191,0.244,0.2823,0.3147,0.3114,0.2104,0.1197,0.52139103,-0.36578915,-0.19862847,0.44668883,-0.12450468,0.0469,0.07615,0.1013,0.120850004,0.2228,0.23895,0.285,0.3001,0.23875,0.16775,0.4755359,-0.5163528,-0.08830532,0.42582154,0.012128833,0.0391,0.0614,0.0539,0.1242,0.2097,0.279,0.2997,0.2994,0.1859,0.0862,0.69513375,-0.50343513,-0.23434874,0.41359672,-0.17110233,0.1057,0.1005,0.0803,0.1499,0.2574,0.3134,0.3312,0.3319,0.2198,0.1027,0.60971904,-0.37246212,-0.2021775,0.3777493,-0.18561715,0.69513375,0.4755359,0.21959785,0.08426709,2.0,-0.36578915,-10.25582,-16.777164,-6.521344,-6.5218596,-15.767188,-9.245329,0.011217193,7.093221e-05,0.01750209,0.00014611038,0.053495217,366.28757,8.070499,0.13785602,0.026560875,430426.966408909,2632071.0255043283
171,1,forest,150,133,10003,0.0194,0.0707,0.057,0.0752,0.2053,0.2222,0.2654,0.2329,0.1941,0.124,0.6463999,-0.46601033,-0.15516828,0.5118452,-0.062884726,0.0879,0.09305,0.099,0.12725,0.19895,0.2227,0.25535,0.2844,0.24265,0.17185,0.44122913,-0.44563463,-0.025501939,0.38175538,-0.0023360567,0.0896,0.0794,0.0959,0.0944,0.223,0.2741,0.3059,0.3123,0.1621,0.0993,0.5226468,-0.34244165,-0.3072643,0.5357744,-0.21040516,0.0518,0.0738,0.0585,0.0964,0.2069,0.2384,0.2849,0.2666,0.1537,0.1149,0.6592876,-0.35120726,-0.29913294,0.46886927,-0.22681691,0.6592876,0.44122913,0.21805844,0.09028601,3.0,-0.34244165,-7.1949806,-15.046169,-7.8511887,-8.29593,-13.633809,-5.337879,0.011966004,0.0001311126,0.013390785,0.00012331599,0.07157464,338.94165,7.1713223,-0.12426227,-0.011961332,432661.85019624,2636989.0459207315
172,1,forest,151,60,3,0.0913,0.1115,0.0945,0.1196,0.2189,0.2767,0.2882,0.3098,0.2649,0.1684,0.5061392,-0.40754408,-0.042126108,0.4429426,-0.027202558,0.087850004,0.117850006,0.132,0.16385001,0.21509999,0.24004999,0.26215,0.27775002,0.2684,0.22775,0.33020338,-0.38977244,0.011780251,0.25792512,0.067164116,0.064050004,0.104100004,0.0697,0.1198,0.24605,0.2867,0.30505002,0.31435,0.2272,0.1562,0.628017,-0.3715654,-0.14626558,0.44811597,-0.10840829,0.0625,0.0908,0.0902,0.1118,0.249,0.2572,0.3049,0.3037,0.2275,0.1456,0.5434053,-0.42946768,-0.14537911,0.46185207,-0.07254404,0.628017,0.33020338,0.29781362,0.10854248,2.0,-0.3715654,-7.8841696,-15.108356,-7.224187,-7.216363,-11.268547,-4.052184,0.011890112,9.06262e-05,0.026755268,0.0001244334,0.05362264,329.80084,11.08324,0.04463749,0.18698062,431210.0700393104,2636971.3426151737
173,1,forest,33,456,40004,0.0497,0.0585,0.0508,0.0825,0.1484,0.183,0.2153,0.2061,0.15,0.091,0.6181863,-0.43884686,-0.17875665,0.42827293,-0.13782707,0.07495,0.0851,0.078,0.11235,0.14795,0.18505001,0.19600001,0.20355,0.18005,0.117300004,0.43065533,-0.3580978,-0.042414483,0.28869802,-0.024385631,0.07475,0.07275,0.07295,0.10565,0.16865,0.19865,0.2186,0.24610001,0.18455,0.11395,0.4995695,-0.4345105,-0.08445967,0.3992881,-0.06508115,0.0877,0.0819,0.0733,0.1095,0.1734,0.1757,0.2218,0.2198,0.1833,0.113,0.5032175,-0.38235146,-0.09503802,0.3349519,-0.09344625,0.6181863,0.43065533,0.18753096,0.06730683,0.0,-0.3580978,-8.531664,-12.8679695,-4.3363056,-8.787444,-15.750324,-6.96288,0.00924879,7.683761e-05,0.015683185,9.129913e-05,0.056909647,741.9123,23.926231,-0.22685012,-0.33618152,439127.9743231683,2639328.3361682254
174,1,forest,435,432,40000,0.053,0.0798,0.0698,0.1234,0.2271,0.2891,0.3164,0.3303,0.2096,0.1057,0.63852763,-0.44851255,-0.2030414,0.45602718,-0.13871741,0.08525,0.120799996,0.07835,0.12025,0.2306,0.2728,0.31985,0.31865,0.22845,0.134,0.60647756,-0.30823106,-0.16669674,0.45203817,-0.13808097,0.079,0.1082,0.0676,0.141,0.2326,0.2834,0.3072,0.3216,0.208,0.1338,0.6392726,-0.315622,-0.19254622,0.39040118,-0.16711971,0.0256,0.0514,0.0345,0.0961,0.2198,0.2331,0.3015,0.3112,0.1935,0.093,0.7946404,-0.5802345,-0.21818136,0.5281106,-0.17852604,0.7946404,0.60647756,0.18816286,0.07332245,3.0,-0.30823106,-11.538739,-10.686962,0.8517771,-5.783647,-15.939383,-10.155735,0.012446085,0.0001048411,0.015680691,0.0001742039,0.06297361,893.16046,8.759834,0.045033753,0.14548239,438653.4842061367,2631281.8123696633
175,1,forest,399,387,30000,0.0317,0.0596,0.0535,0.0768,0.2233,0.246,0.2697,0.285,0.1665,0.0743,0.6689336,-0.4727976,-0.23658815,0.5754544,-0.15611786,0.038500004,0.06285,0.041050002,0.0884,0.199,0.24295,0.29320002,0.27595,0.15685001,0.08755,0.75437313,-0.42785427,-0.30296564,0.51475084,-0.25264305,0.043300003,0.068399996,0.033150002,0.0775,0.1888,0.25265,0.27815002,0.27905,0.14685,0.0737,0.78701955,-0.3644583,-0.30894047,0.56527674,-0.2820814,0.0389,0.0248,0.008,0.0647,0.1946,0.2126,0.2649,0.2754,0.1267,0.0718,0.9413671,-0.6726028,-0.35291022,0.6195218,-0.38563192,0.9413671,0.6689336,0.27243352,0.09852663,3.0,-0.3644583,-5.063485,-12.553427,-7.4899416,-5.2614717,-12.407108,-7.1456366,0.01077923,0.0001137587,0.011632282,9.054402e-05,0.041570634,805.211,19.642378,0.3341365,0.03672142,437748.06093835924,2632012.3034313675
176,1,forest,234,64,2,0.0844,0.1095,0.1331,0.1615,0.2238,0.2349,0.2486,0.2788,0.2504,0.2032,0.30259284,-0.39149657,0.0036072084,0.26640865,0.07048141,0.06645,0.11975,0.131,0.1347,0.18955001,0.21925,0.20455,0.23715,0.2787,0.22835001,0.2191917,-0.39891982,0.15343992,0.27551356,0.20376052,0.0385,0.0778,0.1044,0.1451,0.2114,0.2554,0.2728,0.3045,0.2657,0.1666,0.44644627,-0.5470144,-0.013184722,0.3545366,0.08629281,0.1161,0.1088,0.1176,0.1553,0.2064,0.2339,0.268,0.2853,0.2662,0.2122,0.3900405,-0.41973224,-0.0033695193,0.2950515,-0.00039070137,0.44644627,0.2191917,0.22725457,0.086354,2.0,-0.39149657,-8.126094,-13.779871,-5.653777,-7.3758535,-19.812983,-12.437129,0.0058121365,7.508962e-05,0.038043562,0.00041404212,0.081437275,347.08044,8.582117,-0.11392913,-0.096378274,431289.95123899536,2635305.0389452386
177,1,forest,428,100,10000,0.0736,0.1072,0.0523,0.0894,0.2394,0.3154,0.3341,0.3524,0.1538,0.0841,0.7292941,-0.17854337,-0.36954218,0.59529066,-0.32844523,0.04455,0.078600004,0.062300004,0.110300004,0.21725,0.2631,0.30159998,0.30984998,0.186,0.10905,0.6575964,-0.40589413,-0.23707904,0.47494823,-0.1646056,0.0723,0.0784,0.0603,0.09605,0.22395,0.2986,0.32165,0.35385,0.16929999,0.0846,0.68425006,-0.36697468,-0.31031612,0.573015,-0.26357108,0.068,0.079,0.0608,0.112,0.2285,0.2873,0.3175,0.3461,0.1775,0.0815,0.6785601,-0.38401404,-0.2828277,0.5110226,-0.2359727,0.7292941,0.6575964,0.07169771,0.026131567,0.0,-0.17854337,-8.865269,-15.779014,-6.913745,-9.2170515,-19.60034,-10.383288,0.012140014,7.1181785e-05,0.01354458,6.883424e-05,0.046339795,430.47943,15.094198,0.08471397,0.24624217,432011.09871492436,2631429.826889108
178,1,forest,436,80,0,0.0744,0.0885,0.0652,0.1131,0.2241,0.2662,0.2728,0.3116,0.164,0.0932,0.61419934,-0.29900873,-0.24908365,0.46738765,-0.20471857,0.048499998,0.07515,0.04875,0.0912,0.19174999,0.2368,0.25625,0.27405,0.17485,0.11035,0.68032557,-0.3987984,-0.18881883,0.50061464,-0.15359107,0.07685,0.0725,0.0628,0.09025,0.21365,0.25245,0.273,0.305,0.1776,0.09655,0.625966,-0.4202302,-0.21171725,0.5433256,-0.1854296,0.0647,0.088,0.0772,0.1228,0.2226,0.254,0.3021,0.2879,0.1696,0.0949,0.5929328,-0.3167689,-0.28089827,0.40199563,-0.19556682,0.68032557,0.5929328,0.08739275,0.032255854,1.0,-0.29900873,-6.678255,-14.161451,-7.4831963,-8.606705,-15.191496,-6.584791,0.012321243,0.00017620382,0.020857956,0.00014040421,0.047673732,501.97025,13.762262,0.1739732,0.16225526,431615.75365625386,2631276.992404944
179,1,forest,473,289,20000,0.0769,0.0747,0.0876,0.1181,0.1802,0.2156,0.2425,0.2472,0.1391,0.079,0.46925035,-0.3012147,-0.27096364,0.35340717,-0.16974881,0.0616,0.06465,0.0583,0.10445,0.17559999,0.21065,0.23505,0.24035,0.17715001,0.112900004,0.6025205,-0.46525866,-0.14046541,0.39414036,-0.11501571,0.0529,0.0763,0.0568,0.0889,0.1578,0.2142,0.2159,0.2481,0.1457,0.0704,0.5834228,-0.31261116,-0.19413666,0.47240213,-0.1406745,0.0309,0.0305,0.0408,0.0737,0.1742,0.186,0.225,0.2214,0.1559,0.0754,0.6929996,-0.6727432,-0.18141194,0.5005065,-0.1307995,0.6929996,0.46925035,0.22374925,0.07961559,3.0,-0.3012147,-15.069951,-13.1553135,1.9146376,-6.6478825,-10.272056,-3.6241732,0.014486949,0.00028106524,0.018358093,0.00016410947,0.081600696,626.31525,33.913868,0.36127615,-0.4251861,435780.3292373338,2630538.5640957593
180,0,water,168,71,3,0.0859,0.1245,0.1201,0.1644,0.2396,0.2577,0.278,0.3018,0.2616,0.2257,0.39663303,-0.35508838,-0.030392842,0.2947227,0.023873324,0.0873,0.1264,0.1388,0.182,0.2225,0.228,0.2512,0.24544999,0.29855,0.2505,0.28820437,-0.40510556,0.08612994,0.14843805,0.1274085,0.0409,0.0975,0.1171,0.1409,0.2277,0.2538,0.2633,0.2674,0.2816,0.2223,0.38433126,-0.48562256,0.033584077,0.30982044,0.13444284,0.1065,0.1289,0.1205,0.1561,0.2184,0.2329,0.2707,0.2549,0.2817,0.2437,0.38394585,-0.37213737,0.019913029,0.2403887,0.032075886,0.39663303,0.28820437,0.10842866,0.043643463,0.0,-0.35508838,-16.256386,-22.325155,-6.0687695,-9.674031,-15.9213505,-6.247319,0.0123523455,0.0001794111,0.013937949,0.00021626803,0.06566906,337.343,1.9154342,-0.02298427,0.024267558,431428.304432115,2636622.6595026096
181,1,forest,33,455,40004,0.0532,0.0783,0.071,0.0987,0.1651,0.2187,0.191,0.2176,0.1526,0.1188,0.4580135,-0.32178295,-0.11175751,0.37590775,-0.0440358,0.08555,0.09465,0.07605,0.11745,0.15065,0.18375,0.19440001,0.20750001,0.16915,0.10235,0.4376024,-0.28240982,-0.06945385,0.2771187,-0.0661715,0.07135,0.08825,0.0838,0.11105,0.18325,0.20175001,0.22175,0.23805,0.17864999,0.1191,0.45147943,-0.33870232,-0.10764213,0.36379158,-0.055170488,0.0958,0.0676,0.0681,0.1168,0.162,0.2074,0.2248,0.2234,0.1645,0.1059,0.5349931,-0.4174907,-0.15489303,0.31334412,-0.15907419,0.5349931,0.4376024,0.09739071,0.037945047,3.0,-0.28240982,-10.131763,-14.106785,-3.9750214,-8.811702,-10.084971,-1.2732697,0.008897955,9.624374e-05,0.010425583,8.833155e-05,0.046526566,734.59015,22.750172,-0.19910899,-0.33151636,439106.5831847679,2639339.291700846
182,1,forest,359,352,30001,0.0494,0.0779,0.0633,0.1071,0.221,0.286,0.3171,0.3322,0.1531,0.095,0.6671906,-0.3255397,-0.34878698,0.51240486,-0.25750512,0.054899998,0.0849,0.0567,0.10615,0.2097,0.2613,0.29955,0.3107,0.18165,0.1164,0.6816823,-0.3629699,-0.24501196,0.4907029,-0.19584984,0.06855,0.0919,0.0822,0.1236,0.2122,0.2478,0.2758,0.2855,0.2182,0.14385,0.5382376,-0.40263322,-0.10751698,0.38783917,-0.059463184,0.0243,0.0495,0.0135,0.0902,0.2238,0.2508,0.3301,0.3131,0.1443,0.0885,0.92141753,-0.48916155,-0.39165178,0.5526889,-0.3838337,0.92141753,0.5382376,0.38317996,0.13837144,3.0,-0.3255397,-6.722421,-16.909319,-10.186897,-5.614604,-8.057175,-2.4425707,0.016877297,0.00021431221,0.018824374,0.00011731337,0.123281226,512.44434,18.24399,0.25878546,-0.17617963,437044.8043060964,2632811.644364051
183,1,forest,60,476,40004,0.0588,0.0706,0.0553,0.0661,0.2242,0.291,0.3237,0.3187,0.188,0.1073,0.70817757,-0.45398116,-0.26519394,0.6564432,-0.22243497,0.0664,0.107549995,0.07435,0.1118,0.22784999,0.26950002,0.31115,0.3098,0.20055,0.1158,0.61426556,-0.3018491,-0.21614185,0.46963835,-0.1573298,0.0537,0.065,0.0585,0.0976,0.2184,0.262,0.3074,0.3138,0.1658,0.1238,0.68023866,-0.4367399,-0.29923856,0.5255213,-0.23368596,0.0645,0.0691,0.0524,0.1106,0.2248,0.2864,0.311,0.3266,0.2109,0.0722,0.7116106,-0.5064267,-0.19179882,0.49405193,-0.17564154,0.7116106,0.61426556,0.097345054,0.039070886,3.0,-0.3018491,-8.4714985,-16.902826,-8.431328,-11.672659,-15.835836,-4.1631775,0.016057234,0.00037284574,0.015975595,0.0002560087,0.061683085,552.00684,23.397112,-0.38795978,0.08471675,439532.56885725626,2638784.6859922325
184,1,forest,427,73,0,0.0672,0.1023,0.077,0.1085,0.2255,0.2414,0.2936,0.3094,0.1793,0.0883,0.5844561,-0.2734365,-0.24169964,0.48073584,-0.16934018,0.03795,0.06725,0.04625,0.08575,0.19,0.22850001,0.2565,0.27585,0.17605,0.115899995,0.6944651,-0.44718274,-0.18598962,0.52571756,-0.13962238,0.0924,0.0984,0.0806,0.1003,0.1923,0.2753,0.2813,0.2868,0.1716,0.0906,0.55457157,-0.27111012,-0.2422163,0.4817864,-0.19412017,0.0691,0.1004,0.0459,0.0826,0.2069,0.2468,0.2728,0.3053,0.1789,0.0873,0.71195257,-0.2810588,-0.20788085,0.5741156,-0.20663452,0.71195257,0.55457157,0.157381,0.06795918,3.0,-0.27111012,-11.040487,-14.194364,-3.1538763,-10.164843,-9.284307,0.8805361,0.008414444,0.0001136936,0.012272772,0.0001371617,0.046142254,494.36453,8.240325,0.1173949,0.0822231,431469.1668135494,2631458.8254035227
185,1,forest,112,433,40003,0.0309,0.0661,0.0548,0.0602,0.1781,0.2531,0.28,0.2789,0.1696,0.0913,0.67263836,-0.43911564,-0.24555106,0.64494056,-0.16159132,0.06295,0.0969,0.099,0.10415,0.20155,0.22479999,0.23715,0.2566,0.18900001,0.10965,0.41097602,-0.3221395,-0.112988085,0.42259064,-0.020574665,0.0571,0.102,0.0335,0.109,0.2147,0.2662,0.2778,0.3016,0.1602,0.0823,0.784771,-0.22196712,-0.26849252,0.46906853,-0.26712018,0.0608,0.0622,0.0575,0.0804,0.1896,0.2446,0.2655,0.2848,0.1696,0.0871,0.64396083,-0.46332848,-0.2204086,0.5596918,-0.17925522,0.784771,0.41097602,0.373795,0.13594471,2.0,-0.22196712,-9.732594,-14.57342,-4.840826,-7.4436355,-10.336332,-2.8926969,0.016438752,0.00013909023,0.019767476,0.00011823802,0.072888345,376.71658,10.312332,0.16400151,-0.07176009,438661.37940226746,2637754.768861553
186,1,forest,166,498,40003,0.0597,0.082,0.0785,0.1303,0.2246,0.2698,0.2813,0.3182,0.1925,0.1514,0.5636449,-0.40254855,-0.18742047,0.41895112,-0.11437894,0.106350005,0.112399995,0.1225,0.15725,0.2384,0.26005,0.2745,0.2904,0.23475,0.16784999,0.38287058,-0.3524403,-0.07805582,0.2974415,-0.031973958,0.0326,0.0639,0.043700002,0.0973,0.22495,0.2741,0.31059998,0.3046,0.17995,0.12295,0.7533142,-0.4759054,-0.26633313,0.5157987,-0.21090193,0.0546,0.0513,0.0527,0.1178,0.238,0.2842,0.2996,0.3085,0.1958,0.1289,0.7008211,-0.5847811,-0.20952722,0.4473365,-0.17537718,0.7533142,0.38287058,0.3704436,0.14329769,2.0,-0.3524403,-7.2698627,-20.153618,-12.883755,-10.911895,-12.207604,-1.2957096,0.010910109,6.6940964e-05,0.016425377,7.764785e-05,0.045076188,385.009,3.7078218,-0.06331916,-0.013141719,439971.152108505,2636678.9928924255
187,1,forest,392,456,40001,0.0454,0.0444,0.0796,0.0954,0.2075,0.2396,0.297,0.321,0.1584,0.0714,0.5772687,-0.5621274,-0.30434713,0.5417854,-0.1798756,0.0515,0.05895,0.0591,0.080249995,0.2114,0.23550001,0.26534998,0.2809,0.15020001,0.096599996,0.63568914,-0.43628767,-0.2771019,0.5555848,-0.20440893,0.0382,0.0671,0.0277,0.0745,0.2016,0.2632,0.3169,0.2752,0.1453,0.0771,0.8392314,-0.3681715,-0.37126705,0.5739189,-0.34482038,0.014,0.0384,0.0317,0.0872,0.1638,0.2272,0.2945,0.3072,0.1473,0.0738,0.80563813,-0.5864266,-0.33318165,0.5578079,-0.26564044,0.8392314,0.5772687,0.26196265,0.11057536,2.0,-0.3681715,-10.645149,-14.078149,-3.4329996,-9.55747,-17.585907,-8.028437,0.015517821,0.000169939,0.012803716,0.000117193835,0.061870746,541.0919,17.89582,0.22667813,0.2074667,439125.52500973194,2632140.1783404425
188,1,forest,120,135,10003,0.0324,0.0293,0.0404,0.1011,0.2005,0.2658,0.2987,0.3033,0.1714,0.1216,0.76171994,-0.70801836,-0.2707929,0.49999875,-0.21974543,0.08415,0.10185,0.11115,0.1185,0.23975,0.25765002,0.2811,0.28435,0.2092,0.16705,0.4332685,-0.34512022,-0.14664462,0.41169068,-0.065489985,0.0572,0.0822,0.0569,0.1023,0.2625,0.2962,0.3298,0.3252,0.1627,0.0897,0.7057132,-0.32870427,-0.33928865,0.52140224,-0.27596396,0.0662,0.0575,0.044,0.0879,0.221,0.2504,0.3396,0.3214,0.1689,0.0917,0.77059233,-0.49204725,-0.33569255,0.5704848,-0.31178224,0.77059233,0.4332685,0.33732384,0.13768592,3.0,-0.32870427,-7.6625223,-17.335537,-9.673015,-6.008749,-12.197423,-6.188674,0.012642384,0.00013609222,0.018495163,0.00018564855,0.054394618,323.16302,6.9894557,0.12165808,-0.0026376343,432717.44354113843,2637595.687705052
189,1,forest,143,457,40003,0.0297,0.0711,0.0358,0.0855,0.1882,0.2254,0.2477,0.2809,0.1437,0.077,0.74744,-0.33798727,-0.26571214,0.53329545,-0.21426964,0.09685,0.09965,0.0739,0.11415,0.1842,0.2234,0.2402,0.25840002,0.1676,0.115899995,0.5294475,-0.25425535,-0.17802797,0.38719535,-0.16515395,0.0382,0.05335,0.046400003,0.07565,0.18145,0.23640001,0.26700002,0.2684,0.1623,0.06785,0.7038905,-0.50521445,-0.24388485,0.5602367,-0.18777935,0.0344,0.0487,0.0472,0.0887,0.165,0.2498,0.2455,0.2665,0.1296,0.0823,0.67748314,-0.4537271,-0.30898342,0.50056165,-0.22574943,0.74744,0.5294475,0.21799248,0.08191211,0.0,-0.25425535,-11.18425,-12.853551,-1.669301,-13.341547,-13.7513075,-0.40976048,0.009114902,7.290304e-05,0.017072178,0.00010517508,0.042866673,391.4074,9.866294,-0.070913225,-0.15598711,439143.3952598996,2637129.609148593
190,1,forest,432,313,30000,0.059,0.088,0.0516,0.0944,0.1882,0.2347,0.252,0.2647,0.1594,0.0745,0.6600768,-0.2886003,-0.22508451,0.47423983,-0.19157052,0.07095,0.0846,0.0509,0.09995,0.1876,0.22534999,0.2475,0.25925,0.14750001,0.09555,0.65884495,-0.27100274,-0.25316387,0.44348422,-0.23227197,0.0593,0.0392,0.0623,0.0818,0.207,0.2263,0.2551,0.2647,0.1528,0.074,0.6074335,-0.59166354,-0.25079617,0.5278484,-0.1875351,0.0432,0.0203,0.0177,0.0549,0.1709,0.2183,0.2537,0.2443,0.1481,0.0703,0.86956203,-0.75890285,-0.26281664,0.6330192,-0.28333625,0.86956203,0.6074335,0.26212853,0.100751266,3.0,-0.27100274,-4.1858897,-11.700354,-7.514464,-3.1072836,-11.909705,-8.802422,0.0065281945,8.1729726e-05,0.02173143,0.00011728864,0.07689577,494.21347,29.517641,0.19825923,-0.45104122,436269.5386093443,2631357.8981355615
191,1,forest,495,359,30000,0.0457,0.0626,0.0395,0.0965,0.2071,0.2621,0.2939,0.3053,0.1699,0.0843,0.7630451,-0.4615034,-0.26735607,0.5196602,-0.23715807,0.0685,0.0688,0.06115,0.09565,0.22365,0.27545,0.30425,0.31395,0.15619999,0.08335,0.66529644,-0.3884427,-0.3215326,0.5329576,-0.26334473,0.0611,0.0741,0.0598,0.1093,0.2304,0.2784,0.3086,0.3283,0.1639,0.0608,0.675351,-0.37730932,-0.30624273,0.50045586,-0.24603938,0.0326,0.0337,0.0455,0.0675,0.1964,0.2557,0.2974,0.3118,0.1636,0.0727,0.73461425,-0.65838486,-0.29023796,0.6440795,-0.22426222,0.7630451,0.66529644,0.09774864,0.040675193,0.0,-0.37730932,-2.1953037,-14.7686615,-12.573358,-8.672778,-13.01309,-4.340312,0.010315844,9.8155295e-05,0.012136331,9.666708e-05,0.07223881,1435.633,2.0476024,-0.034835517,-0.007943873,437197.6629059455,2630088.9227431444
192,1,forest,100,12,3,0.0688,0.0579,0.0757,0.1133,0.1974,0.2544,0.2439,0.2622,0.1976,0.1657,0.52628124,-0.54676884,-0.10486951,0.3965369,-0.0672354,0.054500002,0.0932,0.107700005,0.12019999,0.184,0.19465,0.23854999,0.2356,0.2256,0.17505,0.377905,-0.4153061,-0.027900375,0.32433861,0.0642611,0.03815,0.07595,0.071899995,0.0943,0.2116,0.2539,0.2733,0.27490002,0.19825,0.1328,0.58342814,-0.44602317,-0.15915562,0.48916444,-0.07101088,0.0391,0.0846,0.0536,0.0931,0.2073,0.2388,0.2835,0.2909,0.1831,0.1385,0.68199146,-0.3679478,-0.2151731,0.5151028,-0.15358454,0.68199146,0.377905,0.30408645,0.11009938,3.0,-0.3679478,-8.286614,-14.627474,-6.3408594,-15.004997,-15.759262,-0.75426483,0.013182181,8.2293e-05,0.019912807,0.00010201272,0.045916613,377.2385,7.8352575,-0.050327316,0.1266954,430248.8363954862,2637988.1595350453
193,1,forest,482,252,20000,0.1066,0.1092,0.0867,0.1135,0.213,0.2399,0.2656,0.2893,0.1647,0.1194,0.5078044,-0.20262794,-0.234487,0.43644378,-0.19371364,0.0832,0.10835,0.10375,0.14525,0.2102,0.21790001,0.24075,0.24505001,0.22635001,0.16125,0.39767662,-0.35255346,-0.030828428,0.25570014,0.0094029475,0.034900002,0.0705,0.0472,0.07095,0.1761,0.22305,0.25779998,0.25665,0.1704,0.1021,0.69048953,-0.41469315,-0.20410973,0.56684804,-0.14716806,0.0263,0.045,0.0527,0.0841,0.1821,0.2208,0.2234,0.2204,0.1682,0.1244,0.618252,-0.57785845,-0.14095978,0.44761753,-0.061198328,0.69048953,0.39767662,0.2928129,0.11104948,2.0,-0.20262794,-6.6607094,-13.7655525,-7.104843,-6.043944,-10.635378,-4.591434,0.011001915,0.0001341551,0.011318689,0.00010577423,0.05188606,330.1752,27.124071,0.12813798,-0.4375416,435059.5246277069,2630350.0892543304
194,1,forest,80,429,40004,0.0638,0.0733,0.0095,0.1095,0.2154,0.2796,0.3245,0.3203,0.175,0.0826,0.94311094,-0.40958357,-0.2992987,0.49045956,-0.35579547,0.06415,0.0856,0.0739,0.108449996,0.20705,0.26295,0.29610002,0.3079,0.19264999,0.12355,0.60053897,-0.38472456,-0.21166202,0.47904295,-0.14948925,0.07325,0.10535,0.05185,0.098450005,0.24105,0.2927,0.3391,0.3421,0.16505,0.1052,0.7347468,-0.2207832,-0.34523386,0.5530574,-0.31060737,0.0764,0.0604,0.0474,0.1033,0.203,0.2726,0.3457,0.3087,0.1543,0.0707,0.75883806,-0.4373524,-0.3827992,0.49854243,-0.3533178,0.94311094,0.60053897,0.34257197,0.12206002,0.0,-0.2207832,-9.261724,-14.349124,-5.0873995,-11.1355505,-12.469612,-1.3340616,0.0104870405,8.1319726e-05,0.0134157995,9.67854e-05,0.042656545,384.46497,9.628977,-0.025195725,-0.16535886,438583.82628626307,2638389.246156049
195,1,forest,419,316,30000,0.062,0.0933,0.0519,0.0996,0.1813,0.2396,0.2452,0.2679,0.1715,0.096,0.6506204,-0.29531607,-0.17686541,0.4579579,-0.1579341,0.0535,0.0792,0.07105,0.0956,0.19145,0.23050001,0.2609,0.25225002,0.16775,0.1043,0.5719217,-0.35857317,-0.21730962,0.45033646,-0.13665916,0.0515,0.0671,0.0656,0.0806,0.201,0.2177,0.2711,0.2553,0.162,0.0727,0.61033374,-0.41422778,-0.2519043,0.5200937,-0.17266417,0.0374,0.0478,0.046,0.092,0.1805,0.209,0.2695,0.2544,0.1497,0.0889,0.70839703,-0.51594675,-0.2857817,0.46882078,-0.22124903,0.70839703,0.5719217,0.13647532,0.05054209,3.0,-0.29531607,-10.63517,-14.300535,-3.6653652,-9.3219385,-17.745394,-8.423455,0.01126789,7.844172e-05,0.013353455,0.0001172222,0.062144462,460.95325,22.549328,0.15832652,-0.3492687,436331.7566542118,2631617.9714876334
196,1,forest,390,490,40001,0.0577,0.0836,0.0714,0.0952,0.1955,0.2388,0.2571,0.2866,0.197,0.1151,0.56529504,-0.40413252,-0.13234939,0.50130826,-0.079560876,0.0814,0.10115,0.09145,0.1351,0.1884,0.22505,0.23144999,0.24625,0.21365,0.14325,0.43356937,-0.35736862,-0.039990894,0.29146373,-0.012541455,0.043,0.0477,0.0459,0.1224,0.1883,0.2186,0.2741,0.279,0.2027,0.0973,0.7131228,-0.61900705,-0.149748,0.39013356,-0.121088706,0.024,0.0701,0.0449,0.1071,0.1927,0.2109,0.2366,0.2699,0.183,0.1108,0.68099225,-0.44606695,-0.12774038,0.43182904,-0.06693947,0.7131228,0.43356937,0.2795534,0.10982688,2.0,-0.35736862,-8.473396,-13.714497,-5.2411003,-8.733156,-18.059114,-9.325958,0.014302817,0.00026205237,0.015892833,0.00016307028,0.057214655,486.12805,11.912243,0.18955159,-0.08171067,439806.10245895834,2632182.1513577914
197,1,forest,155,496,40003,0.0634,0.0906,0.0887,0.1289,0.2207,0.2566,0.2837,0.2802,0.2515,0.1502,0.52362907,-0.47032893,-0.060164273,0.36983532,-0.010039245,0.1117,0.1264,0.1379,0.1689,0.21135,0.24864998,0.2656,0.2806,0.262,0.21765,0.31648,-0.34912372,-0.0068233404,0.24849778,0.029078702,0.04675,0.082550004,0.07095,0.12685,0.21655,0.2626,0.28140002,0.30685002,0.23895,0.1585,0.59727377,-0.4864681,-0.08157959,0.41503248,-0.028602803,0.0904,0.073,0.0874,0.1305,0.2399,0.2825,0.2889,0.2931,0.2591,0.1407,0.5354756,-0.5603717,-0.05437946,0.38385174,-0.045191478,0.59727377,0.31648,0.28079376,0.105799876,2.0,-0.34912372,-9.742121,-13.328871,-3.58675,-9.885458,-17.060732,-7.175274,0.010616258,0.00014563385,0.014587785,0.00011310916,0.042691115,393.26758,1.5189375,-0.024453608,0.010230394,439935.34035371925,2636889.7893312145
198,1,forest,410,367,30000,0.0554,0.0612,0.045,0.0822,0.1866,0.2529,0.2702,0.2955,0.1399,0.1078,0.71446466,-0.39134565,-0.3177266,0.56473243,-0.27561164,0.0471,0.07835,0.043700002,0.0902,0.188,0.24204999,0.27495,0.28329998,0.16264999,0.0843,0.7257155,-0.34979105,-0.2566265,0.5169999,-0.21896249,0.047650002,0.062200002,0.03485,0.0832,0.19029999,0.26545,0.27975,0.28460002,0.15415001,0.08665,0.7784463,-0.4250038,-0.2894669,0.5475787,-0.26800877,0.0094,0.0558,0.0226,0.0692,0.1865,0.2503,0.2619,0.2668,0.1628,0.0882,0.8411218,-0.48947626,-0.23334064,0.5880934,-0.18808809,0.8411218,0.71446466,0.12665713,0.05018069,3.0,-0.34979105,-8.224923,-12.493845,-4.268922,-8.53648,-9.509202,-0.97272205,0.013806633,5.942785e-05,0.026123617,0.00015764205,0.07548033,856.1971,30.570059,0.43474853,-0.26393005,437353.8427511006,2631798.6336203106
199,1,forest,379,496,40001,0.0752,0.0764,0.0847,0.1468,0.2048,0.2513,0.2823,0.2908,0.1948,0.1435,0.5384181,-0.43657658,-0.18339929,0.32906687,-0.12244876,0.07445,0.0858,0.09265,0.13,0.21215001,0.24905,0.26255,0.25305,0.2323,0.17105001,0.47832072,-0.4605455,-0.061129507,0.3212366,-0.018203814,0.0652,0.0693,0.0508,0.1124,0.2037,0.2419,0.2886,0.2981,0.2263,0.1277,0.7006461,-0.5311213,-0.12099413,0.45237404,-0.12157216,0.067,0.0844,0.0869,0.1235,0.2003,0.2358,0.2747,0.2697,0.2068,0.1368,0.51935697,-0.42032823,-0.14101733,0.37182003,-0.07554281,0.7006461,0.47832072,0.22232538,0.08451007,2.0,-0.42032823,-11.087982,-16.665405,-5.577423,-9.028969,-10.832494,-1.803525,0.0077819224,9.5603325e-05,0.013992368,0.00014126794,0.05964556,456.7886,13.047345,0.21728992,-0.06124472,439921.36409729137,2632400.436474733
200,2,cropland,276,468,40002,0.0645,0.1305,0.0672,0.1236,0.2514,0.3219,0.3508,0.352,0.2202,0.1473,0.6784672,-0.2557734,-0.22872116,0.48023444,-0.18201198,0.0996,0.12709999,0.172,0.19215,0.2342,0.2481,0.25785,0.26835,0.3403,0.2732,0.19972034,-0.4561394,0.13784145,0.16547197,0.17803946,0.04255,0.0773,0.089,0.13215,0.2272,0.28065002,0.31120002,0.30295,0.2367,0.1679,0.555221,-0.5076417,-0.1359735,0.39255252,-0.04128338,0.1206,0.1308,0.1547,0.1838,0.2389,0.2722,0.2663,0.2827,0.3385,0.2563,0.26508248,-0.44257313,0.11937811,0.21200384,0.120781586,0.6784672,0.19972034,0.4787469,0.19844843,0.0,-0.2557734,-14.412782,-19.647509,-5.234727,-13.310942,-17.375612,-4.0646706,0.022620916,0.00020618759,0.022064863,0.00012298937,0.13729258,361.2841,3.3783545,0.03957947,-0.043659154,439379.7066097911,2634468.214564192
201,2,cropland,261,98,2,0.0881,0.1081,0.1104,0.1452,0.1925,0.2013,0.2286,0.2386,0.2332,0.1612,0.34867153,-0.3665386,0.009961008,0.24335527,0.04073903,0.073,0.08775,0.106800005,0.124749996,0.17934999,0.1735,0.18425,0.21110001,0.21415001,0.17725,0.26610452,-0.41868028,0.07505004,0.2571081,0.11016933,0.0894,0.1048,0.1175,0.1517,0.2084,0.2341,0.2302,0.2879,0.2197,0.1571,0.32412905,-0.35408208,-0.023338467,0.3098264,0.02679655,0.1107,0.1377,0.1197,0.1851,0.1963,0.2276,0.2291,0.2448,0.2217,0.1821,0.3136459,-0.23372218,-0.016415238,0.13886918,0.0023487885,0.34867153,0.26610452,0.08256701,0.029982666,0.0,-0.23372218,-17.846054,-21.823185,-3.977131,-9.6357565,-16.486176,-6.850419,0.013464859,0.00018339968,0.018902184,0.00021967899,0.058829278,296.29868,2.8987513,-0.04935096,-0.011042041,431964.1235750219,2634766.1574240513
202,2,cropland,459,147,10000,0.1137,0.1376,0.1271,0.176,0.3362,0.3885,0.4639,0.4308,0.2868,0.1687,0.56988055,-0.35155427,-0.23591283,0.41990703,-0.1651032,0.0867,0.11825,0.15709999,0.18005,0.20140001,0.22805,0.21095,0.22005,0.27495,0.24175,0.14631127,-0.39852393,0.13171406,0.099974774,0.18418501,0.0916,0.1299,0.09370001,0.1628,0.29645,0.3238,0.3705,0.36475003,0.27824998,0.1765,0.59629333,-0.3634684,-0.14219636,0.3828066,-0.10808696,0.0884,0.1299,0.1304,0.1831,0.2067,0.2028,0.2203,0.2461,0.2933,0.2262,0.2563437,-0.38610494,0.14213368,0.14678435,0.15701781,0.59629333,0.14631127,0.44998205,0.19502734,2.0,-0.35155427,-17.52743,-20.5299,-3.00247,-10.203864,-19.50181,-9.297946,0.0066424645,7.4241354e-05,0.018239405,0.00011544199,0.038016625,195.12454,6.531746,-0.11008623,0.028651807,432953.1433756967,2630802.69013851
203,2,cropland,333,14,1,0.072,0.1151,0.107,0.1538,0.2787,0.3193,0.3322,0.3705,0.2718,0.1874,0.5127493,-0.40501317,-0.0999998,0.4133122,-0.032439273,0.07305,0.1022,0.1405,0.17235,0.2129,0.21880001,0.25315,0.2603,0.32975,0.2587,0.28616717,-0.52679586,0.1314117,0.20328163,0.1808649,0.0226,0.0982,0.0359,0.1394,0.2605,0.3521,0.3783,0.3912,0.2391,0.1265,0.8266518,-0.41772774,-0.22546127,0.47455618,-0.18626988,0.1341,0.1647,0.2212,0.229,0.238,0.2671,0.2646,0.2841,0.3124,0.287,0.08933699,-0.30957806,0.08284215,0.10738625,0.14469579,0.8266518,0.08933699,0.7373148,0.2742776,2.0,-0.30957806,-16.378471,-20.472126,-4.0936546,-12.794182,-18.389616,-5.595434,0.016586296,0.00023706659,0.041446783,0.00056672085,0.09811219,304.22537,1.1993098,0.009047798,0.018873738,430284.9155154664,2633328.5840013004
204,2,cropland,138,316,30003,0.0814,0.099,0.1224,0.1597,0.2231,0.2754,0.2938,0.2837,0.2954,0.2249,0.41182023,-0.49797028,0.002715537,0.27965653,0.05371999,0.11715001,0.1494,0.18185,0.2041,0.23005,0.2412,0.26795,0.27595,0.31475002,0.2783,0.19141796,-0.35624185,0.08031566,0.14967161,0.12646012,0.0857,0.121249996,0.12235,0.1725,0.2594,0.2681,0.28995,0.30769998,0.2648,0.19749999,0.40649912,-0.37184206,-0.045335654,0.2815487,0.015076016,0.0905,0.1419,0.1632,0.1752,0.21,0.2424,0.2676,0.2545,0.3135,0.2347,0.24233924,-0.37681073,0.07898797,0.18454692,0.1420698,0.41182023,0.19141796,0.22040227,0.097829774,0.0,-0.35624185,-17.108202,-21.572514,-4.4643116,-10.732749,-19.34076,-8.60801,0.014791175,0.000100026,0.017650032,0.00010753393,0.033516694,234.28723,3.8993354,-0.048815314,0.047345225,436327.56003341073,2637236.814688371
205,2,cropland,253,443,40002,0.0925,0.1121,0.1362,0.1537,0.2553,0.2782,0.29,0.2817,0.341,0.2218,0.3608626,-0.50518537,0.08082396,0.29398185,0.110154554,0.096149996,0.1259,0.1473,0.16679999,0.2435,0.2633,0.27775002,0.3101,0.2901,0.23324999,0.30690435,-0.3947106,0.02174865,0.30048165,0.07826936,0.0389,0.0942,0.1048,0.1366,0.2248,0.2546,0.2975,0.3003,0.2276,0.2021,0.4789946,-0.41454187,-0.13311729,0.3746844,-0.005980864,0.0934,0.1105,0.1278,0.1774,0.231,0.2941,0.301,0.3124,0.274,0.219,0.40391695,-0.4252264,-0.046956457,0.27562216,0.009294106,0.4789946,0.30690435,0.17209026,0.062940195,2.0,-0.3947106,-14.34209,-20.523666,-6.1815767,-19.075136,-14.101692,4.973444,0.024464669,0.00037291148,0.024459643,0.00019725545,0.071086645,318.62915,3.632714,-0.015398691,-0.06146067,438873.55781599646,2634932.8381240997
206,2,cropland,253,77,2,0.1057,0.1226,0.1176,0.1489,0.1842,0.2153,0.2252,0.243,0.2621,0.2127,0.3138847,-0.3626193,0.075723246,0.24011165,0.06867425,0.0812,0.090849996,0.11115,0.13475001,0.18365,0.20225,0.21625,0.22835,0.24625,0.22225,0.32101306,-0.46098945,0.064864725,0.25777948,0.091547534,0.06855,0.0919,0.0822,0.1236,0.2122,0.2478,0.2758,0.2855,0.2182,0.14385,0.5382376,-0.40263322,-0.10751698,0.38783917,-0.059463184,0.1358,0.1631,0.1236,0.1757,0.2059,0.2341,0.2559,0.259,0.2485,0.1911,0.34861565,-0.20748249,-0.014670849,0.19162598,-0.025661139,0.5382376,0.3138847,0.22435287,0.0920245,2.0,-0.20748249,-13.75037,-18.348974,-4.598604,-9.8889265,-19.8261,-9.937173,0.0,0.0,0.0,0.0,0.0,322.79904,3.6216693,-0.06310274,-0.00287006,431556.6717268727,2634920.569276512
207,2,cropland,137,482,40003,0.0641,0.0753,0.0584,0.1152,0.2625,0.3226,0.3442,0.3921,0.2058,0.1014,0.7098839,-0.4642459,-0.2516359,0.5458298,-0.21427473,0.1049,0.1237,0.1206,0.1612,0.2186,0.2333,0.2405,0.27095,0.2398,0.18385,0.33204004,-0.3193939,-0.001457413,0.25396213,0.02125247,0.07225,0.075399995,0.06305,0.11745,0.2462,0.27995002,0.3244,0.32630002,0.20735,0.12035,0.6745369,-0.466665,-0.22012182,0.47064686,-0.18926592,0.0597,0.0766,0.0533,0.1016,0.2095,0.2374,0.2553,0.2634,0.2157,0.1549,0.6545669,-0.4758793,-0.084076226,0.44328645,-0.078766994,0.7098839,0.33204004,0.3778439,0.15182264,0.0,-0.3193939,-15.105573,-17.659357,-2.5537844,-13.789839,-12.260258,1.5295811,0.010521087,9.8226454e-05,0.011957907,7.47421e-05,0.04926441,378.81485,1.943818,-0.0048207245,-0.033575203,439652.5745502301,2637256.5997744105
208,2,cropland,203,169,10002,0.0852,0.1008,0.1312,0.1576,0.2149,0.2393,0.2288,0.2491,0.3052,0.2775,0.27111033,-0.503447,0.1430709,0.224981,0.16311276,0.09925,0.1345,0.1759,0.16714999,0.23065001,0.25065,0.26564997,0.2837,0.3123,0.23590001,0.20326073,-0.39794,0.08071622,0.25851113,0.14453155,0.0698,0.1372,0.1206,0.184,0.2404,0.2568,0.2633,0.3035,0.2835,0.2281,0.37171042,-0.3477529,0.03694211,0.24512768,0.09631024,0.1023,0.1417,0.1216,0.1946,0.2375,0.2896,0.2944,0.3071,0.3004,0.2207,0.4153836,-0.35896772,0.010087377,0.22423714,0.03090257,0.4153836,0.20326073,0.21212287,0.08322315,3.0,-0.3477529,-16.308975,-20.50426,-4.195284,-13.669038,-21.800493,-8.131455,0.017081995,0.00017231004,0.022207573,0.00024933965,0.092018835,239.71414,2.1638901,0.012307044,-0.035696015,433380.65292725543,2635921.184680151
209,2,cropland,191,90,3,0.0654,0.1403,0.0861,0.1451,0.2936,0.3608,0.3773,0.3836,0.2569,0.1521,0.62839735,-0.29355413,-0.18984514,0.45110562,-0.12689306,0.102,0.11355,0.15605,0.1825,0.21655,0.2222,0.23825,0.25875,0.31840003,0.27645,0.2084702,-0.4742436,0.14398612,0.1728041,0.16472301,0.0583,0.1243,0.0805,0.1406,0.292,0.3471,0.4103,0.4155,0.2638,0.1377,0.67196274,-0.35944247,-0.21732648,0.4943346,-0.15290913,0.1055,0.1172,0.1577,0.1718,0.215,0.2531,0.2697,0.2468,0.3176,0.2733,0.26204896,-0.4609005,0.081559576,0.17916822,0.117695384,0.67196274,0.2084702,0.46349254,0.2088919,2.0,-0.29355413,-13.392332,-18.748587,-5.3562546,-11.949759,-15.31936,-3.3696012,0.034057617,0.00057859893,0.03500716,0.00044153162,0.080268264,341.03455,3.8505433,0.044797163,0.05002884,431803.29625901126,2636176.4531529243
210,2,cropland,66,195,10004,0.0822,0.0698,0.0854,0.1488,0.2359,0.2751,0.2883,0.3185,0.2473,0.1798,0.5429474,-0.5597586,-0.07654954,0.36314926,-0.05375417,0.11575,0.14405,0.13625,0.18875,0.2295,0.23545,0.269,0.26714998,0.27920002,0.23105,0.32757473,-0.3193141,0.018606357,0.17196713,0.038365394,0.08425,0.12855,0.1128,0.15114999,0.2674,0.29415,0.33285,0.35035,0.23405,0.1647,0.49377203,-0.29095343,-0.17428087,0.39720756,-0.09195617,0.0788,0.1114,0.1319,0.1632,0.2294,0.2579,0.2515,0.2651,0.259,0.2163,0.31194493,-0.398487,0.014691436,0.23791677,0.08402652,0.5429474,0.31194493,0.23100248,0.10096184,0.0,-0.29095343,-14.591492,-18.819183,-4.2276917,-11.73469,-15.018995,-3.2843056,0.009948918,9.380167e-05,0.016765459,0.0001446972,0.03416486,227.99165,1.7441883,0.016513536,0.025567984,433908.32831891096,2638676.8398865666
211,2,cropland,12,108,10004,0.0525,0.0724,0.0845,0.143,0.188,0.1963,0.2371,0.2581,0.224,0.1815,0.47450098,-0.51146924,-0.028410256,0.28696012,0.031599976,0.09550001,0.113199994,0.12100001,0.13835,0.16235,0.16095,0.18540001,0.19095,0.24075,0.20754999,0.21018209,-0.36036062,0.12988351,0.15973231,0.12580702,0.0797,0.1164,0.1213,0.1553,0.2501,0.2798,0.3005,0.2957,0.2583,0.1707,0.4248449,-0.37870193,-0.07551883,0.3113075,-0.00078969385,0.1042,0.105,0.1457,0.1509,0.178,0.1891,0.1751,0.1871,0.2351,0.2037,0.09164561,-0.38253346,0.14626975,0.10710023,0.15376435,0.47450098,0.09164561,0.38285536,0.1561372,0.0,-0.36036062,-15.910593,-20.558596,-4.6480026,-15.397426,-16.84877,-1.4513445,0.035918243,0.00041398112,0.051251944,0.00038976816,0.11077509,298.6653,3.114158,0.02673572,0.047291297,432177.8800233262,2639749.2740751947
212,2,cropland,95,251,20004,0.0847,0.101,0.0936,0.1402,0.2448,0.3017,0.3417,0.3437,0.2689,0.1841,0.5699504,-0.4539052,-0.11922676,0.4205405,-0.08099875,0.12450001,0.15795,0.17115,0.21900001,0.2547,0.27920002,0.28635,0.29439998,0.33655,0.2802,0.25180274,-0.36117217,0.08059063,0.1468637,0.10543774,0.1155,0.1354,0.1287,0.16865,0.27545,0.3111,0.3605,0.361,0.25994998,0.1654,0.47383386,-0.31503648,-0.16205956,0.36316368,-0.10102343,0.0825,0.1328,0.1293,0.1905,0.2458,0.2839,0.3104,0.3053,0.3219,0.2484,0.4118708,-0.4158777,0.018187542,0.23154448,0.06906755,0.5699504,0.25180274,0.31814766,0.11570558,0.0,-0.31503648,-14.570311,-19.101105,-4.530794,-12.585998,-17.851446,-5.2654486,0.06432966,0.0017485931,0.1295784,0.001736349,0.32992002,196.7409,3.3109372,0.016736146,-0.05527653,435036.22146668157,2638083.353025383
213,2,cropland,291,305,30002,0.0786,0.1538,0.0975,0.1586,0.289,0.3231,0.3487,0.3439,0.2766,0.1834,0.562975,-0.28531533,-0.11530444,0.36875546,-0.06638372,0.120000005,0.1308,0.1559,0.19455001,0.23265,0.24125001,0.25024998,0.27205,0.3166,0.2717,0.23230271,-0.4152874,0.11705019,0.16609477,0.12132885,0.06995,0.12075,0.08605,0.1665,0.26265,0.29119998,0.33380002,0.33855,0.2757,0.1655,0.5900903,-0.3908427,-0.0953239,0.34065866,-0.054866023,0.1063,0.1434,0.1481,0.2006,0.2433,0.2644,0.2621,0.2712,0.3108,0.2585,0.27791256,-0.36855927,0.08500592,0.14963937,0.10939183,0.5900903,0.23230271,0.35778755,0.16180372,2.0,-0.28531533,-14.061485,-19.165693,-5.104208,-8.868963,-18.550188,-9.681225,0.0200543,0.00022818592,0.025661927,0.00027002717,0.045418687,244.02138,3.2626097,0.03633643,0.043802947,436107.05684859934,2634160.0369729493
214,2,cropland,46,173,10004,0.0377,0.0713,0.0431,0.1255,0.1937,0.2603,0.2815,0.2778,0.2167,0.147,0.7344401,-0.5048594,-0.130068,0.37763357,-0.10259048,0.0756,0.10595,0.1409,0.146,0.16510001,0.19555,0.20975,0.20395,0.25205,0.2017,0.19634905,-0.40809944,0.09159792,0.16559461,0.15863164,0.0709,0.1082,0.0838,0.1462,0.2229,0.2417,0.2646,0.26735002,0.22170001,0.16185,0.51894224,-0.3440426,-0.08821695,0.29295057,-0.04680175,0.0818,0.086,0.1163,0.1297,0.169,0.2014,0.202,0.2019,0.2502,0.2115,0.26924202,-0.4883983,0.10658976,0.21773154,0.12717189,0.7344401,0.19634905,0.53809106,0.21273817,0.0,-0.3440426,-17.393387,-19.263664,-1.8702774,-13.6876,-20.690786,-7.003186,0.022075582,0.00040036725,0.025991948,0.00032055352,0.09046975,233.53958,3.8380017,-0.031908013,0.058841005,433462.58265567303,2639070.6824452444
215,2,cropland,89,357,30004,0.0617,0.0858,0.1002,0.1756,0.2368,0.2478,0.2504,0.2899,0.2706,0.2163,0.42840722,-0.5185171,0.038771484,0.24554189,0.08595682,0.12285,0.13965,0.16915,0.18395,0.22215,0.2447,0.25295,0.2469,0.30715,0.2597,0.19853072,-0.37488726,0.096768245,0.14610618,0.11794375,0.1146,0.1329,0.1294,0.1699,0.2358,0.2835,0.3068,0.3332,0.2757,0.1737,0.40669322,-0.3494852,-0.053390477,0.3245869,-0.01972172,0.0865,0.1134,0.1372,0.1804,0.2175,0.2428,0.2666,0.2527,0.2901,0.2372,0.3204549,-0.4379171,0.042212956,0.16693567,0.095079325,0.42840722,0.19853072,0.2298765,0.090347454,0.0,-0.3494852,-10.543246,-17.970833,-7.4275866,-13.598376,-18.585127,-4.9867506,0.03853006,0.0006092015,0.045320403,0.0005072238,0.104151234,261.7661,4.7299385,-0.008631648,-0.082006246,437152.081354577,2638205.673994135
216,2,cropland,130,110,10003,0.0429,0.0918,0.1247,0.1394,0.1807,0.2126,0.2123,0.2519,0.2885,0.2498,0.25993985,-0.51722187,0.15215625,0.2875024,0.23638506,0.1059,0.12275,0.13175,0.1695,0.2291,0.2698,0.26605,0.29845,0.2805,0.2125,0.33760598,-0.39119557,0.02643849,0.27556303,0.051389866,0.1138,0.1433,0.1463,0.16,0.2465,0.2827,0.3029,0.3129,0.2636,0.2285,0.34861895,-0.2956493,-0.06937322,0.3233235,-0.008226419,0.0624,0.1004,0.0838,0.1414,0.2309,0.2785,0.3006,0.3164,0.2516,0.2081,0.5639943,-0.4295442,-0.0887358,0.38226217,-0.039518833,0.5639943,0.25993985,0.30405444,0.11294484,3.0,-0.2956493,-21.48531,-19.138012,2.3472977,-12.015384,-20.288326,-8.272943,0.012254546,0.00011881418,0.01743,0.00019555258,0.0906685,311.9179,2.5471041,0.04366613,0.008261111,432210.98659140803,2637388.5870934757
217,2,cropland,275,215,20002,0.099,0.128,0.1216,0.1657,0.2373,0.2496,0.2714,0.2791,0.2687,0.2046,0.3811695,-0.35467514,-0.0049990667,0.25494546,0.026160074,0.0856,0.1231,0.1558,0.1796,0.21425,0.21645,0.22354999,0.24740002,0.3001,0.2442,0.17859447,-0.41824096,0.14618516,0.15878186,0.19181731,0.062,0.0996,0.100999996,0.1449,0.21445,0.24935,0.27975,0.28305,0.2448,0.1728,0.4694669,-0.42160156,-0.06662839,0.32281736,0.005890453,0.1067,0.137,0.1768,0.17,0.2175,0.2281,0.2519,0.2679,0.2679,0.2351,0.17518036,-0.3232889,0.030781018,0.22356647,0.10718275,0.4694669,0.17518036,0.29428655,0.12808385,2.0,-0.3232889,-15.977869,-19.254765,-3.2768955,-13.380294,-17.213598,-3.8333044,0.014692368,0.00013452611,0.016627347,0.00013633592,0.03724145,179.53226,3.1732416,-0.054316346,-0.01067396,434303.854475182,2634495.9557605726
218,4,mining_bare,425,199,10000,0.0977,0.1166,0.1529,0.1608,0.2219,0.1988,0.2055,0.2343,0.2383,0.1926,0.14676301,-0.3429125,0.07390697,0.18602839,0.12672792,0.1001,0.106199995,0.14675,0.14969999,0.17605,0.1883,0.2044,0.2212,0.24305001,0.19695,0.16417438,-0.39183855,0.08637818,0.19277386,0.12285736,0.0582,0.0968,0.1025,0.1274,0.2184,0.2282,0.2463,0.2809,0.2413,0.1568,0.4122694,-0.42738706,-0.010254276,0.37594816,0.06062003,0.0774,0.0747,0.1163,0.1183,0.1768,0.1929,0.2153,0.2007,0.2298,0.1723,0.29855153,-0.5093579,0.03257689,0.25830638,0.08359412,0.4122694,0.14676301,0.2655064,0.10792841,2.0,-0.3429125,-13.777355,-21.865921,-8.088566,-15.078361,-21.86695,-6.7885885,0.01060994,0.000112004986,0.028091427,0.00022087748,0.08771209,198.96478,3.8779316,0.06751623,-0.0039386805,433984.434567738,2631499.725664743
219,2,cropland,341,26,1,0.072,0.0956,0.0804,0.127,0.242,0.3149,0.34,0.349,0.1889,0.1311,0.61750567,-0.32794255,-0.28568673,0.46638554,-0.20945224,0.07595,0.11045,0.13960001,0.14705,0.20135,0.21895,0.20515001,0.22415,0.28390002,0.23844999,0.19013721,-0.43983662,0.16102616,0.2077042,0.20210022,0.0507,0.0457,0.0517,0.1012,0.2431,0.3026,0.3339,0.3286,0.1734,0.1249,0.73184454,-0.5828362,-0.3163802,0.52908206,-0.26160365,0.133,0.153,0.1723,0.1859,0.2254,0.2349,0.2546,0.2408,0.26,0.2585,0.19278473,-0.25907925,0.010493571,0.1286615,0.054518737,0.73184454,0.19013721,0.54170734,0.2449674,2.0,-0.25907925,-16.108393,-21.40089,-5.2924976,-10.540667,-17.233305,-6.6926384,0.03343022,0.00041016593,0.033393204,0.00024640854,0.099855006,310.24753,3.1542525,-0.020902323,0.050899558,430534.07216108066,2633172.170668123
220,2,cropland,44,188,10004,0.0451,0.1025,0.112,0.1469,0.2201,0.2375,0.2449,0.2599,0.2886,0.2216,0.37237215,-0.4758362,0.081911735,0.2777771,0.16015038,0.10305,0.125,0.1405,0.1859,0.21465,0.25050002,0.28614998,0.28275,0.30195,0.24205,0.34137967,-0.41445038,0.026866185,0.20665698,0.064029284,0.09105,0.113350004,0.11534999,0.16185,0.24780001,0.30465,0.31195,0.3342,0.2694,0.2085,0.46009722,-0.4077063,-0.07319158,0.3474441,-0.023167204,0.087,0.1009,0.1322,0.1605,0.2387,0.2681,0.3037,0.2987,0.2653,0.2105,0.39343795,-0.4489338,-0.06748669,0.3009575,0.008627273,0.46009722,0.34137967,0.11871755,0.043551244,2.0,-0.4077063,-15.478151,-18.663265,-3.185114,-8.951146,-16.758093,-7.8069468,0.007433771,8.288246e-05,0.015774725,9.552202e-05,0.03560082,229.67789,2.4422538,-0.00016226828,-0.042612154,433767.9010616417,2639119.4296750934
221,2,cropland,253,36,2,0.0887,0.1141,0.1064,0.1377,0.2549,0.3308,0.3377,0.3474,0.2475,0.1542,0.5208275,-0.36891487,-0.15413508,0.43228108,-0.092912845,0.080699995,0.1011,0.141,0.15345,0.19945,0.20265,0.18355,0.2152,0.28544998,0.23105,0.13110419,-0.47690988,0.21727028,0.16750261,0.23483391,0.0493,0.0996,0.0593,0.1208,0.2607,0.3086,0.3311,0.3652,0.234,0.1314,0.69620717,-0.40287647,-0.17182769,0.5028796,-0.12928584,0.1043,0.1596,0.1776,0.1893,0.1903,0.2175,0.2484,0.2537,0.2914,0.2422,0.16619681,-0.29223877,0.079658955,0.14537211,0.14153565,0.69620717,0.13110419,0.565103,0.23847027,2.0,-0.29223877,-16.911224,-18.17664,-1.2654152,-12.750312,-19.105692,-6.35538,0.036809716,0.0005412876,0.04924898,0.0006703262,0.11583437,322.5394,2.8217213,-0.044613082,-0.020811308,430732.15777539316,2634925.1729813316
222,2,cropland,271,193,10002,0.0548,0.1213,0.047,0.1368,0.2768,0.3269,0.3694,0.362,0.2132,0.1103,0.77425367,-0.2747376,-0.268108,0.45148262,-0.23962562,0.099549994,0.11475,0.15775,0.1558,0.20585,0.2088,0.2084,0.22455001,0.2924,0.2486,0.1383309,-0.4363246,0.1677313,0.18075411,0.18757397,0.076349996,0.11765,0.10175,0.15075001,0.24324998,0.2684,0.27905,0.2976,0.24575,0.1844,0.46559748,-0.35250315,-0.06345262,0.3275335,-0.011239136,0.1478,0.1416,0.1775,0.1962,0.2135,0.2378,0.2393,0.2515,0.298,0.2551,0.1482722,-0.3557772,0.10924977,0.12351996,0.10248076,0.77425367,0.1383309,0.6359228,0.26213267,0.0,-0.2747376,-12.982318,-22.522507,-9.540189,-9.19591,-21.185215,-11.989305,0.009340174,0.00017545129,0.010423976,0.000101211685,0.035533786,205.1811,2.0762281,0.018522065,-0.03113647,433868.2561842358,2634566.3742025504
223,2,cropland,193,181,10003,0.0195,0.0781,0.0335,0.1191,0.3224,0.3545,0.414,0.4208,0.2322,0.1365,0.8502775,-0.49661458,-0.2813366,0.5588061,-0.23998824,0.1078,0.16335,0.18935001,0.2107,0.25309998,0.25265,0.25715,0.2863,0.356,0.3036,0.15184733,-0.37094375,0.16121642,0.15211236,0.19817622,0.0551,0.1169,0.0815,0.1266,0.3066,0.3588,0.4035,0.4538,0.2696,0.1012,0.6639162,-0.39508307,-0.19893001,0.5637482,-0.13276504,0.1216,0.1616,0.1746,0.2188,0.2715,0.2759,0.2996,0.3083,0.3563,0.3094,0.26360127,-0.3759406,0.08644596,0.16979668,0.115218855,0.8502775,0.15184733,0.6984302,0.28522792,0.0,-0.37094375,-11.482597,-19.55777,-8.075172,-5.130939,-14.40884,-9.277901,0.010248092,0.0018700482,0.056670807,0.0008174551,0.09328696,239.77814,2.0606403,-0.035005905,-0.008216277,433624.72802681546,2636128.4990015496
224,2,cropland,453,202,20000,0.1246,0.1299,0.1768,0.1972,0.2173,0.2279,0.2288,0.2529,0.2951,0.235,0.12820481,-0.38870496,0.12655063,0.12375001,0.14358397,0.12775001,0.13515,0.14245,0.1636,0.2078,0.2274,0.2374,0.24335,0.2951,0.248,0.2499664,-0.37175974,0.10835661,0.19596954,0.09019548,0.09555,0.0999,0.112399995,0.15599999,0.23269999,0.2506,0.27585,0.28930002,0.27985,0.22575,0.42099056,-0.4738631,0.00719813,0.29934815,0.027303051,0.0598,0.1321,0.1157,0.1382,0.2139,0.2279,0.2302,0.2438,0.2813,0.2428,0.33101955,-0.36090866,0.09990208,0.27643907,0.15574943,0.42099056,0.12820481,0.29278576,0.10770238,2.0,-0.36090866,-16.774086,-18.863918,-2.0898323,-16.087152,-24.943394,-8.856241,0.011287379,0.00012021994,0.021581085,0.00016745247,0.05399773,208.96028,2.0411384,0.004853724,-0.035284776,434054.066920985,2630929.2597879935
225,2,cropland,69,136,10004,0.0472,0.0634,0.0904,0.1276,0.1588,0.1903,0.1867,0.195,0.2363,0.1851,0.3475267,-0.5769083,0.11725741,0.20892678,0.1655366,0.08965,0.11555,0.13455,0.1419,0.17665,0.1791,0.20205,0.21605,0.24835,0.19714999,0.20053414,-0.36493438,0.10279727,0.20715123,0.13519101,0.0919,0.1166,0.1213,0.14,0.2271,0.2436,0.2729,0.2631,0.2186,0.1569,0.38457537,-0.30429503,-0.110477865,0.3053825,-0.035334077,0.0766,0.0905,0.1202,0.1568,0.1835,0.2068,0.1952,0.2279,0.2331,0.1803,0.23779249,-0.4406661,0.08848917,0.18481885,0.13037896,0.38457537,0.20053414,0.18404123,0.07575684,2.0,-0.30429503,-14.500794,-21.566292,-7.0654974,-10.53287,-16.371094,-5.8382235,0.018383643,0.0002778152,0.022270055,0.00021879126,0.056677707,256.06735,3.6167583,0.061540496,0.013862177,432729.5742983827,2638604.73848222
226,2,cropland,497,149,10000,0.1315,0.1165,0.1252,0.1615,0.171,0.1856,0.2048,0.2068,0.2174,0.1576,0.24121137,-0.30218536,0.029843615,0.12299719,0.009279663,0.0747,0.1015,0.105550006,0.11585,0.17425,0.17055,0.21039999,0.21405,0.20775,0.1622,0.3318552,-0.34357202,-0.006337406,0.29766503,0.04712564,0.0581,0.0817,0.0751,0.1319,0.2022,0.2509,0.2781,0.2651,0.2071,0.1447,0.5747435,-0.43420902,-0.14633112,0.33551553,-0.08732197,0.0603,0.0672,0.1003,0.1081,0.1758,0.2035,0.2292,0.2361,0.187,0.1269,0.3911976,-0.47128057,-0.10139331,0.37187573,-0.0038141534,0.5747435,0.24121137,0.33353215,0.122004405,2.0,-0.30218536,-15.979925,-18.134003,-2.1540775,-12.828374,-23.648874,-10.8205,0.02375844,0.00028000036,0.048862558,0.00036552688,0.12328896,199.34085,0.4527486,-0.0039847377,0.006823594,432987.2364333475,2630052.4728556965
227,2,cropland,249,374,30002,0.0704,0.1211,0.1037,0.1454,0.2719,0.3562,0.367,0.3699,0.2594,0.1644,0.55937845,-0.36346814,-0.17177495,0.43566766,-0.0928169,0.0907,0.1345,0.1604,0.18905,0.23905,0.25375,0.2791,0.2739,0.3213,0.27915,0.27007902,-0.40982798,0.070286356,0.18328074,0.131415,0.0308,0.0685,0.0212,0.119,0.2555,0.3288,0.4048,0.3995,0.2085,0.1056,0.90046734,-0.5054133,-0.32007122,0.5409825,-0.30948395,0.0866,0.1003,0.1352,0.1809,0.2421,0.26,0.2699,0.2688,0.3222,0.2697,0.33250967,-0.52520585,0.08832953,0.1954632,0.123970844,0.90046734,0.27007902,0.6303883,0.24690183,2.0,-0.36346814,-18.284517,-19.478642,-1.1941242,-10.168991,-14.471705,-4.3027143,0.015998198,0.00034065865,0.030394282,0.00032331087,0.08453402,319.58658,1.9718387,-0.019725217,0.028193008,437485.22213303245,2635015.8934735362
228,2,cropland,151,473,40003,0.0499,0.0835,0.0584,0.1235,0.2656,0.3163,0.3709,0.3715,0.2181,0.1004,0.72792745,-0.446285,-0.25942233,0.5010091,-0.20694079,0.1135,0.13125,0.1446,0.16589999,0.21814999,0.2456,0.24815,0.2468,0.25895,0.2019,0.26365304,-0.32726723,0.02129751,0.19602571,0.054756865,0.05895,0.09885,0.0664,0.1319,0.24335,0.30374998,0.3371,0.3275,0.21895,0.14305,0.6708782,-0.37790948,-0.2124805,0.42577177,-0.16245942,0.066,0.0994,0.1133,0.1488,0.212,0.2363,0.2373,0.2396,0.2357,0.1956,0.35367835,-0.40674302,-0.003382651,0.233779,0.0700597,0.72792745,0.26365304,0.4642744,0.19896927,0.0,-0.32726723,-14.602613,-16.076008,-1.4733944,-14.038376,-17.224941,-3.1865654,0.011539035,8.916592e-05,0.016374266,7.01226e-05,0.056044236,387.63834,3.5947242,-0.06248722,-0.0051444285,439470.3295891919,2636972.562372246
229,2,cropland,290,37,2,0.0861,0.1133,0.0798,0.1577,0.2593,0.3056,0.3382,0.3254,0.2674,0.1643,0.6181803,-0.4047796,-0.11690867,0.34713235,-0.09993507,0.09205,0.0935,0.1279,0.15380001,0.17934999,0.20504999,0.20315,0.2176,0.28665,0.24585,0.22730635,-0.5080875,0.17047739,0.17178196,0.16815759,0.0271,0.0776,0.0426,0.1259,0.236,0.2744,0.3052,0.3246,0.2189,0.1496,0.7550294,-0.4765582,-0.16466294,0.4410645,-0.11923187,0.1361,0.1634,0.1696,0.1916,0.2151,0.2249,0.2292,0.2426,0.2887,0.2127,0.14944799,-0.27715048,0.114886835,0.11745712,0.11291875,0.7550294,0.14944799,0.6055814,0.25525752,2.0,-0.27715048,-17.076015,-22.721588,-5.6455727,-10.299992,-19.34448,-9.044489,0.034109317,0.00047933077,0.03547135,0.00033635594,0.12622459,317.54233,3.4674888,-0.048069496,0.036707155,430758.33934285346,2634183.1636877
230,2,cropland,285,92,2,0.0668,0.1301,0.1037,0.1676,0.2942,0.3258,0.3753,0.3606,0.2514,0.1595,0.56701344,-0.31795457,-0.19770193,0.36539117,-0.10913184,0.076,0.096200004,0.12805,0.13455,0.1901,0.1936,0.186,0.21175,0.26244998,0.2303,0.18452416,-0.46354252,0.17047566,0.22292742,0.19693455,0.08,0.1279,0.1334,0.1672,0.2305,0.2178,0.2333,0.2468,0.2367,0.1992,0.27242905,-0.29840836,0.0072340225,0.19227007,0.083113685,0.1257,0.1175,0.1726,0.1646,0.2098,0.2328,0.2311,0.2191,0.2752,0.2314,0.1449092,-0.40157777,0.08710237,0.14203766,0.11309956,0.56701344,0.1449092,0.42210424,0.16522862,0.0,-0.29840836,-16.655792,-23.310303,-6.6545105,-14.734434,-13.187214,1.5472202,0.020463077,0.00025233315,0.025137298,0.00014531794,0.13686243,286.0933,3.2636786,-0.05601251,0.010185919,431847.0089114927,2634299.594784887
231,2,cropland,429,233,20000,0.1035,0.1524,0.1506,0.1772,0.2495,0.256,0.3007,0.3089,0.2796,0.2177,0.33259398,-0.29444376,-0.036360465,0.27093133,0.031160032,0.10445,0.15,0.156,0.1898,0.21204999,0.2103,0.23695001,0.22985,0.29745,0.25795,0.20600533,-0.32953328,0.11321086,0.09543645,0.1409698,0.08785,0.1138,0.12545,0.16405,0.2468,0.25994998,0.29444999,0.29625,0.25265002,0.2013,0.40247577,-0.37890476,-0.07640264,0.28720337,-0.0055233375,0.0873,0.1358,0.1243,0.1734,0.203,0.1875,0.2102,0.2215,0.2922,0.2506,0.25680038,-0.3654197,0.16321625,0.121802665,0.16666642,0.40247577,0.20600533,0.19647044,0.074605174,2.0,-0.29444376,-13.285381,-24.999882,-11.7145,-9.837715,-18.037085,-8.199369,0.0070568887,5.4189815e-05,0.012370729,9.129288e-05,0.039835904,213.08443,1.6243869,-0.0067917034,-0.027521461,434660.2168378822,2631416.64943271
232,2,cropland,295,182,10002,0.0752,0.1073,0.0912,0.1356,0.2943,0.3398,0.3799,0.4031,0.2298,0.1321,0.6128198,-0.36339256,-0.24618624,0.49656492,-0.17278677,0.1002,0.1184,0.1455,0.16935,0.20019999,0.21465,0.21885,0.219,0.30325,0.25204998,0.20131683,-0.4383957,0.16165456,0.12784825,0.16892397,0.0426,0.0773,0.0377,0.1234,0.2859,0.338,0.3523,0.3908,0.2061,0.1168,0.8066646,-0.4544797,-0.261819,0.52003014,-0.2365739,0.1253,0.1617,0.1783,0.1957,0.2233,0.2347,0.2344,0.2546,0.2946,0.2409,0.13593379,-0.29125512,0.11379941,0.13080136,0.13595946,0.8066646,0.13593379,0.6707308,0.2800593,2.0,-0.29125512,-15.760353,-19.084969,-3.3246155,-11.7236595,-17.897886,-6.1742268,0.015323593,0.0003126309,0.03685058,0.0004511537,0.08436569,220.79253,2.135955,0.006446049,0.036709156,433646.7634299929,2634094.1984948395
233,2,cropland,81,358,30004,0.0684,0.0783,0.1358,0.1653,0.222,0.2552,0.2845,0.2793,0.281,0.2279,0.35379404,-0.5641509,-0.0061892276,0.2564097,0.08301924,0.120299995,0.12555,0.15065,0.17989999,0.234,0.2606,0.2734,0.2849,0.2981,0.23375,0.28946993,-0.40729278,0.043219496,0.22590317,0.06534503,0.0949,0.1376,0.117,0.1594,0.2635,0.2799,0.3371,0.3568,0.2537,0.204,0.4846939,-0.2967025,-0.1411643,0.38240916,-0.07636714,0.0939,0.1239,0.1306,0.1572,0.246,0.2777,0.2951,0.2857,0.3045,0.212,0.38642144,-0.42156765,0.015677107,0.29013255,0.055939768,0.4846939,0.28946993,0.19522399,0.0704922,2.0,-0.2967025,-12.771356,-23.049248,-10.277892,-8.102821,-19.114182,-11.01136,0.02062338,0.00031208413,0.024645358,0.0002052295,0.05771861,257.03192,1.1629586,-0.0125999525,0.015911361,437174.5346346792,2638376.3781888764
234,2,cropland,346,17,1,0.1054,0.1529,0.1533,0.1848,0.2628,0.2587,0.2921,0.3096,0.3123,0.2393,0.3116293,-0.34264758,0.03342149,0.25242665,0.078901544,0.07125,0.114649996,0.14535,0.17365,0.23124999,0.25505,0.25915,0.2844,0.3132,0.25065,0.28133428,-0.4640634,0.09443505,0.24178529,0.16243087,0.0756,0.1081,0.119,0.1379,0.2391,0.2978,0.3162,0.3628,0.2923,0.208,0.45312393,-0.46003878,-0.03927685,0.44917026,0.024280902,0.1309,0.1754,0.1698,0.2038,0.2776,0.3141,0.3091,0.3387,0.2995,0.2191,0.2908743,-0.26131758,-0.015773904,0.24866313,0.032222524,0.45312393,0.28133428,0.17178965,0.06950581,2.0,-0.26131758,-16.776117,-23.108622,-6.3325043,-8.134417,-17.150553,-9.016136,0.014628333,0.00012368365,0.034158863,0.00016785062,0.09749223,303.35913,3.6711016,-0.062272232,-0.014895603,430347.8562562304,2633065.7474139715
235,2,cropland,92,352,30004,0.069,0.1005,0.0886,0.1258,0.2435,0.2805,0.2994,0.3172,0.253,0.1525,0.5432975,-0.43139902,-0.08399697,0.43205318,-0.037746433,0.11705001,0.14555,0.16115001,0.1744,0.21544999,0.23515001,0.24790001,0.25355,0.2942,0.256,0.21207623,-0.3380322,0.08540843,0.18495105,0.11020346,0.0973,0.1268,0.0827,0.1547,0.2672,0.3165,0.3669,0.3654,0.2265,0.1213,0.6321161,-0.28219563,-0.23660222,0.4051136,-0.20041351,0.0842,0.11,0.1389,0.1666,0.2127,0.2493,0.2473,0.2619,0.2868,0.2327,0.28068283,-0.4455634,0.07395604,0.22240321,0.124405555,0.6321161,0.21207623,0.42003983,0.17521566,2.0,-0.28219563,-16.285872,-21.510757,-5.224886,-10.399103,-23.718727,-13.319624,0.029336521,0.00047169166,0.05237748,0.00040993877,0.112182155,257.95886,3.1503837,-0.0036752452,-0.05483384,437048.5148750014,2638152.984222256
236,2,cropland,305,60,1,0.0802,0.134,0.1128,0.1624,0.2147,0.2273,0.2229,0.2657,0.2405,0.1644,0.32797042,-0.2843784,0.037980065,0.2412982,0.07647767,0.053,0.09315,0.1229,0.1393,0.18175,0.1971,0.21585,0.2074,0.23885,0.2119,0.2743903,-0.43885413,0.050582696,0.19642282,0.1473198,0.05485,0.08984999,0.08765,0.14835,0.2151,0.2441,0.25765002,0.26695,0.24634999,0.1758,0.49232408,-0.46549532,-0.022420643,0.28557602,0.033255883,0.1426,0.1211,0.1312,0.1667,0.1993,0.2318,0.2821,0.2532,0.2241,0.1804,0.3651092,-0.29837686,-0.11457899,0.20600091,-0.08897422,0.49232408,0.2743903,0.21793377,0.08030058,2.0,-0.2843784,-17.96161,-18.248388,-0.2867775,-9.658074,-19.045458,-9.387383,0.010714061,8.354763e-05,0.015701108,0.0001061358,0.0497129,297.01663,0.77271986,-0.0033247485,-0.013069845,431212.2052004269,2633893.767188347
237,2,cropland,259,236,20002,0.0931,0.1356,0.1677,0.2021,0.2214,0.2254,0.2376,0.2447,0.301,0.2777,0.17246443,-0.3788356,0.11771237,0.09534447,0.17262927,0.104499996,0.12885,0.1547,0.1805,0.2274,0.2264,0.2689,0.2678,0.30040002,0.23754999,0.26959333,-0.39964965,0.055331025,0.19473523,0.098611824,0.0711,0.113350004,0.1213,0.1698,0.2392,0.23699999,0.26064998,0.2874,0.2667,0.2253,0.36483735,-0.40349844,0.011472475,0.2572173,0.078152075,0.1147,0.1471,0.1318,0.181,0.2459,0.2536,0.2758,0.3022,0.2803,0.2207,0.35328665,-0.31165108,0.008092058,0.25082728,0.026912512,0.36483735,0.17246443,0.19237292,0.07719596,2.0,-0.31165108,-12.791443,-21.60317,-8.811728,-12.436181,-18.150404,-5.714223,0.009026189,8.310786e-05,0.064841084,0.0006980035,0.13177042,184.02975,1.5672431,-0.019594843,0.01908068,434727.8955887424,2634805.909322409
238,2,cropland,455,166,10000,0.0767,0.1071,0.1154,0.1272,0.2167,0.222,0.2346,0.2699,0.1773,0.1068,0.34057042,-0.24683456,-0.13911107,0.35935438,-0.03079463,0.0762,0.0808,0.1078,0.12185,0.14445001,0.1343,0.15235001,0.16485,0.1949,0.17664999,0.17124672,-0.41385415,0.12253383,0.14998202,0.1395762,0.0475,0.074,0.098450005,0.114,0.1888,0.1909,0.2092,0.22874999,0.18204999,0.12905,0.35998577,-0.4219862,-0.06939281,0.33479112,0.044303745,0.0816,0.0732,0.0881,0.1127,0.1541,0.1531,0.1459,0.1469,0.1804,0.1575,0.24700747,-0.42271122,0.10573061,0.13174063,0.08266114,0.35998577,0.17124672,0.18873905,0.07579896,2.0,-0.24683456,-15.203156,-21.899399,-6.6962423,-13.961884,-18.85997,-4.8980865,0.011262268,8.18414e-05,0.06725502,0.0006133764,0.26752967,186.59868,1.7172617,0.025137015,0.016314857,433329.616633407,2630898.8669516267
239,2,cropland,346,233,20001,0.0947,0.1157,0.0965,0.137,0.2476,0.2834,0.3197,0.3165,0.2117,0.1524,0.5362793,-0.29321843,-0.20323633,0.3958095,-0.1469691,0.1019,0.1075,0.1244,0.14085001,0.16595,0.18965,0.19260001,0.1963,0.24855,0.21245,0.21514131,-0.39615107,0.12682728,0.16446634,0.117536716,0.08715,0.08935,0.09555,0.12979999,0.20195,0.22819999,0.2652,0.28485,0.2129,0.1486,0.47026893,-0.4087662,-0.10939109,0.37392893,-0.06643455,0.0807,0.113,0.1495,0.1603,0.164,0.2059,0.2064,0.2072,0.2499,0.215,0.15987594,-0.3772379,0.09533178,0.1276187,0.16358311,0.5362793,0.15987594,0.3764034,0.16078998,0.0,-0.29321843,-12.510319,-18.896656,-6.3863373,-14.609557,-17.266531,-2.6569738,0.018183561,0.0001636858,0.023467045,0.00013119393,0.05796785,201.11229,3.5513995,-0.00023653235,-0.061943483,434677.93239548954,2633079.221908123
240,2,cropland,190,101,10003,0.0927,0.1474,0.0853,0.1624,0.2603,0.3028,0.328,0.331,0.2717,0.1897,0.58722335,-0.2965872,-0.09388014,0.34170985,-0.08190811,0.09925,0.12795001,0.1498,0.18195,0.21095,0.24155,0.235,0.25345,0.32005,0.26295,0.22141312,-0.42879364,0.15322916,0.16421643,0.16863552,0.073,0.1379,0.1002,0.1613,0.2967,0.3548,0.3795,0.4226,0.2809,0.154,0.58223766,-0.34145096,-0.14930321,0.44750738,-0.08565247,0.1137,0.1487,0.1502,0.1699,0.2184,0.2346,0.2436,0.2755,0.3147,0.2296,0.23717563,-0.35822105,0.12735067,0.23708971,0.13086829,0.58722335,0.22141312,0.36581022,0.17781416,0.0,-0.2965872,-23.634144,-19.465973,4.168171,-9.66766,-19.661875,-9.994215,0.02667788,0.00048144063,0.044349253,0.00042628474,0.1325199,323.4195,1.7617595,-5.7552834e-06,0.030743659,432024.21665542433,2636198.1072333106
241,2,cropland,319,117,10001,0.0837,0.1188,0.122,0.1544,0.2152,0.2334,0.2447,0.2527,0.2223,0.1746,0.334605,-0.3034292,-0.04796565,0.2414634,0.023636036,0.0639,0.088750005,0.09365,0.1348,0.1717,0.20935,0.23515001,0.2502,0.21505,0.15720001,0.43035147,-0.41573265,-0.044646747,0.29973948,0.0158782,0.0424,0.0731,0.0596,0.127,0.2047,0.2553,0.2901,0.2927,0.2065,0.1142,0.6591345,-0.47710842,-0.16834442,0.39480484,-0.11092533,0.108,0.1132,0.1081,0.1448,0.217,0.2312,0.2414,0.285,0.2363,0.1644,0.3814009,-0.35221645,-0.010676128,0.32619745,-0.007206714,0.6591345,0.334605,0.3245295,0.124637075,2.0,-0.3034292,-17.547401,-16.424261,1.1231403,-13.81035,-23.689672,-9.879322,0.015014648,0.00021887873,0.026740784,0.00040288802,0.06510846,283.88507,1.4544512,0.02536306,0.00098646,432352.04928099655,2633605.164071427
242,2,cropland,194,429,40003,0.0748,0.1229,0.0847,0.1233,0.2747,0.3168,0.3509,0.3636,0.2443,0.153,0.61110973,-0.33060908,-0.17909916,0.49352947,-0.12813023,0.12674999,0.15825,0.1611,0.19139999,0.23545,0.2414,0.2907,0.2704,0.31785,0.28890002,0.28685194,-0.33522296,0.044614185,0.17106935,0.0686077,0.0807,0.1039,0.1295,0.1603,0.2277,0.2521,0.2593,0.2676,0.2935,0.2301,0.33384684,-0.47709993,0.061866768,0.25075892,0.10878099,0.0889,0.1279,0.1498,0.1825,0.2027,0.2387,0.2513,0.2679,0.3019,0.2337,0.25305346,-0.4048385,0.09146764,0.18960878,0.14080042,0.61110973,0.25305346,0.35805628,0.14144358,0.0,-0.33060908,-15.275156,-22.28258,-7.0074234,-12.202528,-12.992755,-0.79022694,0.009391087,0.00012095719,0.0140878875,0.00015443334,0.09945659,299.5996,3.2053916,-0.015961094,-0.053589012,438585.6211362476,2636112.9301153054
243,2,cropland,198,232,20002,0.0828,0.1002,0.1249,0.144,0.2345,0.2584,0.3016,0.311,0.2645,0.1863,0.41430148,-0.450506,-0.06553604,0.36703214,0.006461603,0.1099,0.13890001,0.15545,0.18625,0.24285,0.26494998,0.26895,0.27395,0.33195,0.27835,0.26743573,-0.4100023,0.104842596,0.19056891,0.12531012,0.1092,0.1525,0.1484,0.1826,0.2507,0.2711,0.2776,0.3065,0.3124,0.2246,0.30328566,-0.3439442,0.058982983,0.2533219,0.08730523,0.1162,0.1493,0.1656,0.1753,0.2147,0.2527,0.2815,0.3025,0.3224,0.2718,0.25922555,-0.36696976,0.067726314,0.26621962,0.101953134,0.41430148,0.25922555,0.15507594,0.06186504,0.0,-0.3439442,-17.532238,-20.781754,-3.2495155,-14.502516,-23.019295,-8.516779,0.010599401,7.9513105e-05,0.013951574,0.00018420341,0.081863865,213.87135,1.7269405,0.008962799,-0.028772572,434649.21052781824,2636020.360013031
244,2,cropland,23,254,20004,0.0771,0.1065,0.0963,0.1597,0.2606,0.2965,0.3307,0.328,0.2619,0.2044,0.54894483,-0.42182297,-0.11609836,0.34508848,-0.06475188,0.09245,0.113,0.1358,0.16645,0.26495,0.28555,0.2974,0.3186,0.29930001,0.22029999,0.37303698,-0.45185435,0.003184203,0.31367835,0.054851778,0.07735,0.1282,0.113000005,0.1627,0.28385,0.31225002,0.3709,0.36495,0.23730001,0.1712,0.53296024,-0.29849443,-0.2196642,0.3833026,-0.12265964,0.1046,0.1103,0.1162,0.1796,0.2372,0.2903,0.3085,0.3235,0.2845,0.1929,0.45278913,-0.44123492,-0.040472087,0.28602606,-0.015237142,0.54894483,0.37303698,0.17590785,0.070182025,0.0,-0.29849443,-17.026861,-19.580761,-2.5538998,-10.698417,-18.090267,-7.3918505,0.011864079,0.00020557184,0.022155678,0.00019009864,0.039936587,326.0056,1.9296191,0.016207743,0.029514438,435098.361820637,2639529.7283597104
245,2,cropland,264,104,10002,0.0865,0.1227,0.0734,0.1331,0.3111,0.3473,0.4009,0.3926,0.2475,0.152,0.6904898,-0.33711416,-0.236582,0.49362662,-0.20598762,0.0823,0.09585,0.1273,0.12889999,0.1645,0.1762,0.18270001,0.19,0.2536,0.20625001,0.17870913,-0.4514224,0.16250247,0.19159552,0.17943923,0.1165,0.116,0.1606,0.1658,0.162,0.2147,0.2136,0.224,0.2758,0.2391,0.14163508,-0.4078601,0.12709413,0.14930695,0.13868214,0.1167,0.1541,0.1639,0.1807,0.1788,0.1915,0.2128,0.2085,0.2559,0.2374,0.12981115,-0.24829206,0.09195628,0.071428366,0.12051231,0.6904898,0.12981115,0.56067866,0.23471084,0.0,-0.24829206,-16.844784,-19.061672,-2.2168884,-10.782283,-19.0123,-8.230018,0.013466934,0.00026587362,0.018071664,0.00019666932,0.08213085,295.41443,1.8471379,-0.03221388,-0.0011116653,432082.19268459117,2634701.48233555
246,2,cropland,330,27,1,0.0848,0.1079,0.079,0.1647,0.2886,0.3569,0.3677,0.3837,0.237,0.1401,0.6462936,-0.37431026,-0.21613987,0.3993428,-0.1776185,0.089049995,0.1108,0.1473,0.1812,0.21505,0.22645,0.2315,0.24595,0.31800002,0.28175002,0.22228028,-0.48320785,0.15741558,0.15158573,0.18419525,0.0565,0.0813,0.0456,0.1179,0.2671,0.347,0.3825,0.413,0.2456,0.1446,0.7869638,-0.5025986,-0.21795857,0.55584747,-0.20240998,0.1456,0.163,0.1834,0.2097,0.2536,0.2563,0.2953,0.2846,0.2988,0.2917,0.2337576,-0.29406604,0.0058912286,0.15152708,0.044740465,0.7869638,0.22228028,0.56468356,0.24934886,2.0,-0.29406604,-17.390938,-20.811527,-3.4205894,-24.073755,-16.95647,7.117285,0.027953835,0.00064050773,0.026590321,0.00034827637,0.08716504,310.64124,3.2747214,-0.048443582,-0.030270781,430552.6869805392,2633391.2141170106
247,2,cropland,441,176,10000,0.1055,0.123,0.1095,0.1396,0.3105,0.3076,0.3344,0.3222,0.2235,0.1459,0.5066445,-0.29004243,-0.19878078,0.39540842,-0.13831005,0.0915,0.12015,0.15630001,0.1443,0.14985001,0.1658,0.16695,0.17675,0.24935001,0.21024999,0.032946516,-0.34966075,0.19793372,0.1010743,0.22165304,0.07835,0.094,0.0988,0.13225,0.2244,0.23390001,0.2599,0.28435,0.2073,0.17725,0.44912055,-0.37603596,-0.11258536,0.36509755,-0.04989516,0.0753,0.08,0.1045,0.1378,0.1601,0.1701,0.1638,0.196,0.2367,0.1942,0.2210204,-0.49478847,0.182022,0.17435539,0.17594315,0.5066445,0.032946516,0.47369796,0.18872635,0.0,-0.29004243,-17.288666,-24.9113,-7.622635,-14.610144,-18.821507,-4.211363,0.009136944,5.756387e-05,0.012683569,8.773586e-05,0.03924214,196.99606,3.191922,-0.05567656,-0.0006819544,433534.5357025882,2631165.161957035
248,2,cropland,338,18,1,0.07,0.0905,0.1086,0.1612,0.2568,0.3128,0.3216,0.3506,0.2668,0.1778,0.4951174,-0.4934215,-0.09313377,0.37006572,-0.021121232,0.07365,0.120900005,0.14039999,0.179,0.1848,0.22255,0.22395,0.24655,0.3136,0.24155,0.22931185,-0.44349724,0.16677488,0.15873535,0.20808911,0.0458,0.0746,0.0609,0.1082,0.2647,0.3295,0.3656,0.3592,0.2195,0.0935,0.714418,-0.49268782,-0.24970044,0.53701204,-0.18936078,0.1222,0.1736,0.1799,0.1925,0.2155,0.2529,0.2613,0.2654,0.3047,0.2599,0.18449637,-0.27409515,0.07667829,0.1592047,0.116461135,0.714418,0.18449637,0.52992165,0.21409461,2.0,-0.27409515,-17.801868,-19.52998,-1.7281113,-8.493758,-14.761704,-6.2679462,0.009582325,9.290195e-05,0.023247905,0.00018248268,0.06639413,309.86246,0.9701344,-0.0007363074,-0.016915213,430361.3477851305,2633235.5836838936
249,2,cropland,110,139,10003,0.0234,0.0563,0.0399,0.1192,0.217,0.2608,0.2588,0.296,0.2263,0.1466,0.7328398,-0.6015549,-0.06699635,0.42581788,-0.029175732,0.0944,0.113350004,0.1381,0.18654999,0.2317,0.2175,0.2375,0.25059998,0.2788,0.2304,0.26464254,-0.4219038,0.079992115,0.14651686,0.11351481,0.1049,0.1217,0.0957,0.1779,0.2558,0.304,0.3478,0.3433,0.242,0.1375,0.5684316,-0.3307662,-0.17938252,0.317344,-0.14549573,0.0671,0.108,0.1251,0.156,0.1917,0.2092,0.2166,0.2422,0.261,0.2084,0.26777795,-0.41463298,0.09296464,0.21647358,0.15288123,0.7328398,0.26464254,0.4681973,0.20081265,0.0,-0.3307662,-14.484682,-19.793152,-5.30847,-11.93706,-16.028679,-4.0916185,0.021870524,0.00038586807,0.024247171,0.00022808003,0.07363815,292.61987,3.6037543,0.027611466,-0.056466565,432793.5046755893,2637796.546610343
250,2,cropland,7,94,4,0.0456,0.0942,0.0733,0.1356,0.1819,0.2017,0.2128,0.2286,0.2091,0.1884,0.48759,-0.37883157,-0.008769837,0.25535348,0.044378597,0.08455,0.099199995,0.1214,0.1223,0.17425,0.1589,0.1677,0.156,0.21399999,0.17175,0.16015162,-0.36653775,0.12129912,0.121091925,0.14149556,0.0565,0.0859,0.08485,0.11975,0.19620001,0.2204,0.23014998,0.26595,0.22264999,0.16575,0.4612683,-0.44320056,-0.016563552,0.3790501,0.035092145,0.0863,0.1038,0.1195,0.1455,0.1577,0.1706,0.1862,0.1751,0.2293,0.1926,0.21818703,-0.3767626,0.10373023,0.092326574,0.12280686,0.48759,0.16015162,0.32743835,0.14439844,0.0,-0.36653775,-12.654346,-19.430511,-6.776165,-11.729751,-18.80647,-7.07672,0.008266603,0.00010606466,0.021129714,0.00018104949,0.06927412,291.7725,3.150124,0.038423456,-0.039286103,431880.6645054758,2639847.8137464547
251,2,cropland,226,61,2,0.083,0.1237,0.1056,0.136,0.273,0.3105,0.3616,0.3747,0.2381,0.1675,0.547944,-0.3161959,-0.20593596,0.46739677,-0.12799682,0.079799995,0.1058,0.14829999,0.15755,0.19465,0.21065,0.21455,0.21720001,0.285,0.24655,0.18258186,-0.45854536,0.14102663,0.15917236,0.19095692,0.0757,0.105399996,0.111049995,0.17185,0.2477,0.30865002,0.3338,0.32645,0.25779998,0.19084999,0.50072944,-0.41960233,-0.12846498,0.31025425,-0.05222581,0.1084,0.1452,0.1636,0.1959,0.2107,0.214,0.2014,0.2426,0.287,0.2511,0.10356135,-0.32808807,0.17526582,0.10649919,0.18516545,0.547944,0.10356135,0.44438267,0.19339068,0.0,-0.3161959,-17.59438,-21.612396,-4.018017,-10.199584,-21.652628,-11.453044,0.007239809,7.2638104e-05,0.016201127,0.00025525762,0.0322536,350.90033,2.5312605,-0.03983741,-0.019065164,431236.6054475318,2635479.271326535
252,2,cropland,399,202,20000,0.1144,0.1356,0.1523,0.1738,0.2765,0.2954,0.3278,0.3457,0.283,0.2005,0.36554807,-0.35212526,-0.073346324,0.3308944,-0.007863253,0.09195,0.1161,0.1458,0.1852,0.2049,0.21865,0.22604999,0.26245,0.28829998,0.24149999,0.21581224,-0.42581493,0.12102629,0.17256747,0.15436754,0.0684,0.0945,0.0613,0.1559,0.2769,0.3247,0.3792,0.36,0.2412,0.1491,0.7216782,-0.43699598,-0.22243679,0.39561853,-0.1934406,0.1032,0.1222,0.1319,0.1533,0.1972,0.2229,0.2458,0.2478,0.2949,0.2458,0.3015613,-0.41404837,0.090808034,0.23560148,0.10028346,0.7216782,0.21581224,0.50586593,0.1925317,2.0,-0.35212526,-13.908586,-19.570969,-5.662383,-9.6873455,-19.562042,-9.874697,0.019570883,0.00021880175,0.026285682,0.00025771157,0.060184997,186.0335,1.5129666,-0.024564845,-0.009679688,434052.0468028153,2632018.996543645
253,2,cropland,406,216,20000,0.1322,0.1537,0.1632,0.1837,0.2335,0.2492,0.2477,0.2849,0.2847,0.2376,0.20564564,-0.2988132,0.06949648,0.21596201,0.082145326,0.09925,0.1437,0.1513,0.18180001,0.21634999,0.2155,0.2325,0.25065,0.30175,0.24309999,0.21156798,-0.35480893,0.12962072,0.15920874,0.15456147,0.0837,0.1169,0.0945,0.1575,0.2326,0.2835,0.302,0.321,0.2803,0.2065,0.52332777,-0.4113786,-0.037265945,0.3416921,-0.014332646,0.0932,0.0994,0.1413,0.1642,0.2071,0.2238,0.2383,0.2506,0.2864,0.2404,0.25553146,-0.4847058,0.09167124,0.2082927,0.12671214,0.52332777,0.20564564,0.31768215,0.13093114,2.0,-0.2988132,-16.032383,-21.327374,-5.2949905,-11.112371,-20.28023,-9.167858,0.019761823,0.0002859585,0.034182522,0.00026675925,0.08183938,208.71985,3.7707913,-0.06576521,-3.7401715e-05,434336.9217383045,2631877.309433268
254,2,cropland,125,14,3,0.098,0.11,0.1506,0.1869,0.2004,0.2184,0.2551,0.2556,0.3033,0.2488,0.25757885,-0.46769786,0.08631786,0.15525389,0.12490688,0.083100006,0.12365,0.13905,0.1665,0.21085,0.2133,0.25125,0.25335002,0.28845,0.26255,0.2874704,-0.39990196,0.06892706,0.20685913,0.12226803,0.0671,0.11525001,0.1152,0.1777,0.24974999,0.271,0.2885,0.30475,0.29555,0.2195,0.42927814,-0.4388986,0.012070825,0.2633428,0.071964376,0.0887,0.1058,0.1349,0.1664,0.2055,0.2212,0.2446,0.2563,0.279,0.2652,0.28906378,-0.45010278,0.065698914,0.2126799,0.10786926,0.42927814,0.25757885,0.17169929,0.06667903,2.0,-0.39990196,-19.36966,-24.466183,-5.0965233,-7.5624843,-20.303041,-12.740557,0.017354174,0.00014153816,0.024024758,9.905372e-05,0.057297807,379.32407,1.7713889,-0.01590376,-0.026506605,430288.25151149655,2637494.4543371266
255,2,cropland,294,485,40002,0.1196,0.1339,0.1712,0.1917,0.2394,0.2585,0.2591,0.2974,0.339,0.284,0.20427556,-0.433706,0.13358948,0.2161108,0.14793551,0.0774,0.1311,0.121800005,0.17395,0.2676,0.28085,0.31055,0.3067,0.29125,0.23785001,0.43656656,-0.37918696,-0.032070424,0.2761879,0.031335782,0.061300002,0.1094,0.117249995,0.14965001,0.24415,0.28030002,0.3145,0.31145,0.27635,0.19729999,0.45686057,-0.4327921,-0.06456791,0.35089925,0.023134846,0.1157,0.1394,0.1306,0.1709,0.2539,0.3068,0.319,0.3225,0.285,0.2078,0.4190382,-0.34307173,-0.056291316,0.30725515,-0.022462646,0.45686057,0.20427556,0.252585,0.10186722,2.0,-0.34307173,-16.99809,-22.388636,-5.390545,-11.957576,-22.153467,-10.195891,0.0074452884,8.0185346e-05,0.02280772,0.00014823524,0.077841245,369.8518,0.68093866,0.0094336625,-0.007227974,439714.92205529084,2634100.6928480905
256,2,cropland,338,210,20001,0.0936,0.0929,0.0418,0.1084,0.2133,0.2296,0.2839,0.2625,0.1541,0.0787,0.7433198,-0.24777228,-0.29634634,0.4154747,-0.3167068,0.078449994,0.082499996,0.09909999,0.1127,0.15425,0.14500001,0.1363,0.1487,0.1838,0.15825,0.15802824,-0.3803966,0.14839065,0.13771944,0.13694333,0.0461,0.0593,0.048,0.1099,0.2048,0.2372,0.229,0.2633,0.1626,0.0656,0.6534272,-0.4655229,-0.16956034,0.41103855,-0.13279776,0.1142,0.0918,0.1346,0.1259,0.128,0.1604,0.1543,0.1531,0.1907,0.1617,0.068189465,-0.35008723,0.10550691,0.09749068,0.09565491,0.7433198,0.068189465,0.67513037,0.29606187,0.0,-0.24777228,-14.739481,-19.772434,-5.0329533,-12.933153,-21.519733,-8.58658,0.087951235,0.002378023,0.1190731,0.0015392927,0.393746,199.54723,1.5217589,0.0019597905,0.02648417,434207.96864842495,2633224.586917905
257,5,shrub_grass,219,97,2,0.0999,0.1133,0.1111,0.148,0.2175,0.228,0.2784,0.2688,0.2297,0.1851,0.4295239,-0.33935758,-0.095847085,0.28982654,-0.05214848,0.07495,0.09395,0.1287,0.13335,0.19235,0.20515001,0.2136,0.2152,0.25375,0.2229,0.2480273,-0.45959026,0.08590973,0.23482934,0.13994017,0.0519,0.093,0.0823,0.1376,0.2587,0.3128,0.3012,0.3203,0.2398,0.1616,0.57079375,-0.44110447,-0.11349331,0.39899454,-0.045912236,0.1215,0.1439,0.1283,0.1649,0.2106,0.2263,0.2218,0.2519,0.2767,0.2374,0.2670658,-0.31573862,0.11013015,0.20873266,0.08245344,0.57079375,0.2480273,0.32276645,0.1313588,2.0,-0.31573862,-15.516579,-19.178196,-3.6616173,-9.133285,-16.338747,-7.2054625,0.012256674,0.00013720997,0.030079374,0.00022466641,0.06940489,324.02744,2.5588977,0.028150773,-0.034652997,431940.0709482321,2635617.519190085
258,2,cropland,334,215,20001,0.0936,0.1282,0.1201,0.1522,0.275,0.2946,0.3163,0.3304,0.2822,0.1978,0.4495865,-0.37524277,-0.05697567,0.36924914,-0.009357301,0.08505,0.13705,0.13374999,0.1546,0.19135,0.22444999,0.2567,0.2568,0.27365,0.2377,0.3148923,-0.33260202,0.031959932,0.24841943,0.08763247,0.0682,0.0926,0.0678,0.1379,0.2593,0.3285,0.3669,0.3967,0.2168,0.143,0.6880591,-0.40142077,-0.2571522,0.48409933,-0.20911458,0.0935,0.1246,0.1476,0.1794,0.2145,0.2415,0.2656,0.2537,0.2985,0.214,0.2855753,-0.41101298,0.058322895,0.17155349,0.108047575,0.6880591,0.2855753,0.4024838,0.15890594,2.0,-0.33260202,-16.067533,-17.7413,-1.6737671,-9.834301,-20.799307,-10.965006,0.024393607,0.00022754772,0.058908127,0.0004908817,0.12770936,193.77533,1.2628353,0.021923954,0.0022474737,434318.44458676776,2633306.713170158
259,2,cropland,18,299,20004,0.0616,0.0958,0.1114,0.1572,0.2352,0.2811,0.3064,0.3153,0.265,0.1615,0.46672934,-0.46895656,-0.07245352,0.33460248,0.011284231,0.0938,0.1329,0.13775,0.1723,0.22955,0.26035,0.27955002,0.29694998,0.30900002,0.24039999,0.3398027,-0.39850557,0.05003814,0.2656361,0.08950115,0.08775,0.11579999,0.0838,0.15990001,0.2407,0.2787,0.3298,0.34170002,0.24595,0.15075,0.5947761,-0.35977784,-0.14563589,0.36243945,-0.1174895,0.0725,0.1355,0.0931,0.161,0.2253,0.2633,0.3225,0.3002,0.2527,0.1844,0.5519717,-0.30190545,-0.12134887,0.30182064,-0.066414595,0.5947761,0.3398027,0.25497338,0.09734985,2.0,-0.30190545,-11.66997,-17.529024,-5.8590546,-8.802256,-15.996711,-7.194455,0.021682004,0.00016286556,0.031223524,0.00016979976,0.040441215,307.3542,4.8541164,-0.071008444,0.04602365,435981.0965235841,2639639.198116548
260,2,cropland,450,197,10000,0.1146,0.1564,0.1864,0.1862,0.2193,0.2586,0.2488,0.2553,0.3011,0.2342,0.14338203,-0.31628343,0.09510801,0.15651152,0.14584541,0.10745,0.12505,0.1568,0.18204999,0.21635,0.2324,0.24595,0.257,0.2911,0.24984999,0.22135262,-0.39901385,0.08407022,0.17070912,0.11793321,0.080249995,0.12035,0.12035,0.14525,0.2332,0.252,0.28,0.27025,0.2692,0.21024999,0.39877504,-0.38210654,-0.019664938,0.30084163,0.039077044,0.079,0.0847,0.1161,0.1615,0.2263,0.2494,0.2483,0.2514,0.2717,0.2183,0.36278716,-0.52468985,0.0449999,0.21772769,0.084603384,0.39877504,0.14338203,0.25539303,0.10374885,2.0,-0.31628343,-16.417088,-21.441292,-5.0242043,-11.778894,-19.002329,-7.2234344,0.01466318,0.00010962783,0.017841903,9.399572e-05,0.047973476,210.39502,3.8157983,-0.056790855,-0.034692533,433943.5658737107,2630996.5662759556
261,2,cropland,243,42,2,0.1119,0.1556,0.155,0.1696,0.242,0.2392,0.2706,0.2615,0.2803,0.2098,0.27161586,-0.28607413,0.01760752,0.2131751,0.064563386,0.0613,0.105849996,0.11615,0.148,0.1968,0.20339999,0.21450001,0.22299999,0.26784998,0.21959999,0.29744354,-0.43350163,0.11060404,0.20215575,0.16398877,0.0427,0.1033,0.0812,0.153,0.2393,0.2812,0.2733,0.3098,0.2429,0.182,0.5418884,-0.40323398,-0.058891773,0.33880654,0.012654304,0.1159,0.1598,0.1464,0.1749,0.2242,0.259,0.2548,0.275,0.2766,0.2359,0.27018872,-0.26764378,0.041023657,0.22249341,0.06589384,0.5418884,0.27018872,0.2716997,0.11402664,2.0,-0.26764378,-16.036419,-21.704494,-5.6680756,-7.551442,-17.170107,-9.618665,0.016136384,0.00037156753,0.029831147,0.00023959696,0.08801295,344.0526,2.13744,-0.033091836,-0.017203923,430858.6804878422,2635134.5071725366
262,2,cropland,225,239,20002,0.0631,0.1245,0.0836,0.1411,0.2633,0.303,0.35,0.3705,0.284,0.2225,0.61438966,-0.3904519,-0.10410076,0.44839627,-0.058280926,0.1224,0.1624,0.18855,0.22595,0.2753,0.2759,0.30685002,0.30699998,0.37265,0.31975,0.23879647,-0.39295313,0.09683574,0.15207773,0.13322215,0.08825,0.13585,0.10985,0.1824,0.26354998,0.2995,0.315,0.34214997,0.30095,0.21295,0.4828752,-0.37797529,-0.022810267,0.30454612,0.009274605,0.1244,0.1611,0.1651,0.1986,0.2633,0.2797,0.307,0.3027,0.3585,0.2663,0.3005713,-0.37990686,0.07738529,0.2076597,0.096544385,0.61438966,0.23879647,0.3755932,0.1486341,0.0,-0.37797529,-15.40987,-18.011536,-2.6016655,-13.921353,-21.850115,-7.9287615,0.013566566,0.00012071206,0.017127948,0.00043713982,0.044097975,172.03192,2.6863391,0.046030555,-0.008821791,434792.02937244216,2635498.4243661216
263,2,cropland,201,61,2,0.0755,0.1132,0.1022,0.1531,0.2944,0.3375,0.3872,0.3871,0.2468,0.1538,0.58234453,-0.37111005,-0.22145073,0.4331721,-0.14007622,0.081650004,0.12335,0.15865,0.17475,0.1943,0.21105,0.2259,0.2218,0.29320002,0.25965,0.17487928,-0.40775323,0.12964725,0.11864804,0.19001816,0.0708,0.11235,0.1126,0.1434,0.26459998,0.29775,0.31575,0.3298,0.2716,0.19710001,0.4742606,-0.41476646,-0.07516799,0.39391294,-0.0030489773,0.0904,0.1481,0.1612,0.1657,0.2036,0.223,0.2397,0.2692,0.3032,0.2583,0.19580893,-0.34367305,0.11696423,0.23798518,0.16903691,0.58234453,0.17487928,0.40746525,0.17584127,0.0,-0.34367305,-11.81444,-19.620316,-7.805876,-6.362002,-15.2359295,-8.873928,0.008565388,6.6151355e-05,0.013082612,7.8522404e-05,0.031909656,356.78528,2.0546641,-0.033797905,0.0119639905,431238.8251098299,2635969.7704861634
264,2,cropland,48,268,20004,0.0621,0.0637,0.0683,0.1086,0.2493,0.3005,0.339,0.3671,0.1973,0.0797,0.66461897,-0.5118754,-0.26421726,0.5434086,-0.2032395,0.1202,0.1458,0.169,0.19425,0.22315,0.2416,0.26865,0.27115,0.311,0.24235,0.22769283,-0.36164543,0.07306119,0.16523384,0.10490865,0.09475,0.13055,0.122,0.16005,0.241,0.2992,0.3282,0.34145,0.24045,0.17210001,0.45801762,-0.2962256,-0.1543126,0.36171412,-0.07703074,0.0938,0.1365,0.166,0.1913,0.2119,0.2554,0.2677,0.2728,0.3063,0.2676,0.23449335,-0.38346797,0.067247316,0.1756083,0.13288543,0.66461897,0.22769283,0.43692613,0.1805643,0.0,-0.2962256,-14.599781,-20.494774,-5.894993,-12.943315,-19.022776,-6.079461,0.09988992,0.0044632745,0.14654697,0.0022428606,0.32535923,239.14561,6.6852717,-0.106389925,0.047262438,435364.0473211079,2639038.742505725
265,2,cropland,188,366,30003,0.0934,0.1168,0.1634,0.1953,0.2624,0.2811,0.3221,0.3141,0.3031,0.2252,0.32687885,-0.44367594,-0.030390263,0.23321508,0.05782303,0.117400005,0.14445001,0.1615,0.18225,0.23359999,0.27139997,0.27215,0.2972,0.33175,0.2741,0.25515908,-0.39332128,0.098691665,0.23975338,0.117466986,0.09425,0.1219,0.1128,0.1521,0.2654,0.2889,0.33824998,0.31555,0.2733,0.18445,0.49983257,-0.3830962,-0.10620535,0.3495128,-0.05668205,0.0956,0.1254,0.1305,0.1795,0.2405,0.2803,0.2854,0.2942,0.2803,0.2381,0.3724444,-0.38180822,-0.009015384,0.24213587,0.037635677,0.49983257,0.25515908,0.24467349,0.08908621,2.0,-0.38180822,-14.110615,-24.497025,-10.38641,-10.185112,-25.038015,-14.852903,0.019074243,0.00035310542,0.024349432,0.00023317082,0.07408612,252.8875,1.067229,-0.0052956943,0.017856875,437337.9283481317,2636232.460223467
266,2,cropland,370,57,1,0.0862,0.1471,0.1303,0.1674,0.2697,0.274,0.3204,0.3086,0.3014,0.2051,0.42178738,-0.3440349,-0.030556388,0.29663804,0.029941505,0.0562,0.117249995,0.118599996,0.1715,0.22855,0.2534,0.26815,0.30675,0.29845,0.21355,0.38668293,-0.4358902,0.053476773,0.2828013,0.12503356,0.0582,0.1092,0.0921,0.1367,0.2579,0.3253,0.3309,0.3518,0.2797,0.1667,0.5645377,-0.4384149,-0.083851814,0.4403266,-0.022736216,0.1338,0.1305,0.1673,0.1958,0.2578,0.2901,0.3168,0.3349,0.2973,0.2106,0.30881986,-0.38990092,-0.031753715,0.26210615,0.015297217,0.5645377,0.30881986,0.25571784,0.092688404,2.0,-0.3440349,-16.727585,-19.326715,-2.5991306,-8.0319195,-14.828087,-6.7961674,0.033854324,0.00042098755,0.048198532,0.0003093823,0.08443613,304.7103,3.0658214,0.015589066,-0.051160805,431153.5993024629,2632581.5105527765
267,2,cropland,321,38,1,0.0658,0.1245,0.0883,0.1544,0.3079,0.3636,0.4088,0.3803,0.2303,0.1376,0.6447382,-0.2981953,-0.27929857,0.42247906,-0.19667147,0.074149996,0.109349996,0.1501,0.1667,0.18105,0.20199999,0.22995001,0.22665,0.30325,0.2748,0.21010342,-0.46994555,0.1374716,0.15240839,0.19704245,0.0342,0.0773,0.066,0.1184,0.2794,0.3189,0.3991,0.4061,0.2343,0.1066,0.71618855,-0.50384945,-0.2601827,0.54852134,-0.18129748,0.1407,0.1817,0.203,0.2251,0.2184,0.2443,0.2361,0.2394,0.3024,0.2725,0.07538131,-0.2493281,0.123119526,0.030785732,0.14577177,0.71618855,0.07538131,0.6408073,0.2742132,2.0,-0.2493281,-15.661869,-18.536243,-2.8743744,-8.28383,-14.531209,-6.2473793,0.0328954,0.00084504584,0.05709453,0.0005841802,0.11477076,305.81384,0.22391696,0.00067967374,0.003848522,430765.1715656131,2633574.1433373895
268,2,cropland,63,172,10004,0.0567,0.0934,0.1124,0.1502,0.2143,0.2307,0.2412,0.2761,0.2936,0.2329,0.36425236,-0.5173113,0.09798036,0.29533127,0.15357272,0.1087,0.1267,0.13395,0.18645,0.24535,0.26625,0.2893,0.27155,0.3007,0.22945,0.3670399,-0.40711185,0.019322023,0.18580744,0.04401604,0.0624,0.1109,0.1005,0.1792,0.269,0.2845,0.309,0.3213,0.2707,0.1892,0.5091562,-0.418762,-0.0660685,0.28391555,-0.00026928805,0.0897,0.1126,0.1294,0.1705,0.2246,0.2428,0.2915,0.2964,0.2929,0.2174,0.3851262,-0.44463515,0.0023956047,0.26965034,0.051151108,0.5091562,0.36425236,0.14490387,0.059868727,2.0,-0.40711185,-14.320534,-18.282648,-3.9621143,-10.85021,-15.237522,-4.387312,0.024640823,0.00031516788,0.025488153,0.00017422275,0.055066295,235.98874,3.1221795,0.0012456839,0.0544511,433453.1599484484,2638732.6311729164
269,2,cropland,228,277,20002,0.1049,0.1529,0.1688,0.2019,0.2374,0.2852,0.2901,0.2992,0.3372,0.2759,0.26432717,-0.37604493,0.07508353,0.19417241,0.123196274,0.12655,0.1543,0.174,0.21485001,0.26465,0.30400002,0.2895,0.29195,0.3714,0.30825,0.2491904,-0.4129724,0.12392174,0.15213068,0.13453624,0.09265,0.13445,0.14735,0.16499999,0.2708,0.31515,0.3212,0.32885,0.32985002,0.22749999,0.3710375,-0.42084765,0.013286216,0.33178025,0.07109584,0.1247,0.1589,0.1668,0.2289,0.2684,0.2999,0.3177,0.3286,0.3549,0.2644,0.31145445,-0.38147065,0.055307683,0.17883374,0.08225281,0.3710375,0.2491904,0.12184711,0.047507152,2.0,-0.37604493,-15.853124,-20.468237,-4.6151133,-8.995816,-16.263178,-7.2673616,0.017858807,0.00015160818,0.018384859,0.00012782618,0.03824582,204.76598,2.1890976,-0.034424983,-0.016552405,435544.8956416457,2635423.632377916
270,2,cropland,289,457,40002,0.0805,0.1366,0.116,0.1607,0.2492,0.2775,0.285,0.3026,0.2721,0.2034,0.42144534,-0.3315382,-0.023155576,0.30628037,0.029989338,0.10415,0.1224,0.14434999,0.17559999,0.23414999,0.2311,0.26895,0.2758,0.3128,0.24904999,0.3014752,-0.437499,0.0753759,0.22197558,0.10123445,0.0596,0.0852,0.1014,0.1448,0.2182,0.2471,0.3101,0.2969,0.2628,0.2021,0.50716764,-0.5103434,-0.08256222,0.34435058,-0.0074941837,0.0911,0.1046,0.1513,0.176,0.2147,0.2508,0.262,0.2965,0.2998,0.2108,0.26784354,-0.48268923,0.06728364,0.2550259,0.12186007,0.50716764,0.26784354,0.2393241,0.0955416,2.0,-0.3315382,-8.080988,-16.497375,-8.416388,-7.0090566,-18.942215,-11.933159,0.014585998,0.0002714798,0.013380766,0.0001420533,0.10493773,341.34995,5.562151,0.09427639,-0.022505607,439152.8127703076,2634209.532823673
271,2,cropland,69,240,20004,0.0735,0.0944,0.0917,0.1559,0.2126,0.2497,0.2587,0.2706,0.2439,0.1957,0.47659677,-0.44191414,-0.02944684,0.26893252,0.0050913333,0.09735,0.11495,0.1345,0.17,0.2216,0.2426,0.27425,0.26725,0.26380002,0.20655,0.3418952,-0.39300227,-0.019421903,0.22241229,0.034679808,0.0895,0.1029,0.1048,0.14295,0.2299,0.27060002,0.2953,0.31075,0.22795,0.14050001,0.4761298,-0.3779647,-0.12871452,0.36984712,-0.07253838,0.0737,0.0927,0.0975,0.1237,0.2275,0.2476,0.259,0.2918,0.274,0.1897,0.45301417,-0.4944082,0.02814251,0.40457183,0.055097863,0.47659677,0.3418952,0.13470158,0.05567852,0.0,-0.3779647,-16.94306,-23.283081,-6.340021,-19.573906,-17.90321,1.6706963,0.021124866,0.00024934605,0.016580906,0.00013443215,0.046516318,214.90794,3.9835038,-0.057001654,0.0397088,434819.4346032561,2638605.215419661
272,2,cropland,37,291,20004,0.0948,0.1116,0.1487,0.1625,0.2207,0.246,0.2498,0.2552,0.3082,0.255,0.25370073,-0.46831715,0.10465933,0.22192909,0.14011213,0.08685,0.11235,0.10615,0.15885,0.2429,0.30245,0.31225002,0.31844997,0.2618,0.1916,0.49258965,-0.39943764,-0.08788422,0.33438015,-0.040610094,0.08675,0.13255,0.11405,0.16155,0.2765,0.3013,0.34445,0.3282,0.2529,0.17375,0.5025071,-0.31223163,-0.15325996,0.34027496,-0.08049854,0.0932,0.1244,0.0768,0.1568,0.279,0.3041,0.3257,0.3317,0.2427,0.162,0.6183835,-0.32225463,-0.14602369,0.35803404,-0.13461523,0.6183835,0.25370073,0.3646828,0.13259804,3.0,-0.31223163,-15.368101,-19.951893,-4.5837917,-11.862789,-16.886911,-5.024122,0.012392091,0.00018061615,0.019702543,0.00015247379,0.03928237,261.05927,2.4956167,-0.042752165,-0.008260831,435834.45111696864,2639241.0990662705
273,5,shrub_grass,158,286,20003,0.0731,0.0879,0.0908,0.1316,0.258,0.3182,0.3615,0.3718,0.2683,0.1735,0.5984952,-0.50645566,-0.14798325,0.47715434,-0.095124,0.13315,0.17045,0.2174,0.25094998,0.28595,0.3035,0.32840002,0.3188,0.40135,0.3175,0.20337084,-0.40381178,0.099965565,0.11908716,0.145515,0.09035,0.1317,0.1321,0.1699,0.28530002,0.3249,0.362,0.3871,0.2997,0.20865,0.46528947,-0.38942885,-0.09415128,0.38994542,-0.023242615,0.0921,0.1382,0.1835,0.2272,0.2847,0.2761,0.3034,0.335,0.3995,0.3011,0.24625127,-0.48595786,0.13671911,0.19174637,0.19161962,0.5984952,0.20337084,0.39512435,0.16131502,0.0,-0.38942885,-15.407282,-26.26783,-10.860548,-7.84546,-18.66878,-10.823319,0.021219177,0.00017826997,0.025229013,0.00020253136,0.03258706,196.21112,3.5092382,0.02793518,-0.054463066,435728.34409021644,2636827.920777049
274,2,cropland,128,302,30003,0.0794,0.0946,0.0676,0.1416,0.2222,0.3008,0.3191,0.341,0.2484,0.1484,0.65037334,-0.44839522,-0.124581255,0.41317776,-0.11546522,0.12715,0.1601,0.17525,0.2023,0.24149999,0.2555,0.2584,0.27835,0.36084998,0.2922,0.19174404,-0.3853529,0.16544178,0.1582229,0.16334815,0.06855,0.0919,0.0822,0.1236,0.2122,0.2478,0.2758,0.2855,0.2182,0.14385,0.5382376,-0.40263322,-0.10751698,0.38783917,-0.059463184,0.1294,0.1391,0.1766,0.1959,0.2344,0.2502,0.2601,0.2824,0.3077,0.3037,0.19120637,-0.3773492,0.08383218,0.1808485,0.10849151,0.65037334,0.19120637,0.45916697,0.20528004,0.0,-0.3773492,-13.508573,-21.31351,-7.8049383,-10.646174,-19.093605,-8.447431,0.0,0.0,0.0,0.0,0.0,212.26448,3.0151637,-0.04842509,-0.020537682,436056.6047282513,2637431.986957183
275,2,cropland,498,170,10000,0.1365,0.145,0.1614,0.203,0.2104,0.21,0.2288,0.2384,0.2977,0.2488,0.17273146,-0.34492806,0.13086393,0.08019919,0.11377959,0.092250004,0.1225,0.1253,0.16935,0.2207,0.267,0.2681,0.2674,0.2882,0.23005,0.36298835,-0.4034565,0.036131516,0.22449861,0.06868247,0.090450004,0.13325,0.12565,0.1627,0.22645,0.26745,0.27805,0.28645,0.27315003,0.2145,0.37750712,-0.34424132,-0.00888964,0.27551982,0.039489094,0.0637,0.1002,0.1104,0.1606,0.2271,0.2664,0.267,0.2819,0.2789,0.2102,0.41494325,-0.47137833,0.021798838,0.27412364,0.08138879,0.41494325,0.17273146,0.24221179,0.093911156,3.0,-0.34424132,-19.881899,-18.111092,1.7708073,-7.9407573,-15.414412,-7.4736543,0.008154077,4.1296018e-05,0.012612882,7.477387e-05,0.05593392,180.38129,3.0960345,-0.04215619,0.033762455,433417.6911328453,2630033.732542114
276,2,cropland,17,339,30004,0.0522,0.0907,0.0973,0.1401,0.2088,0.2409,0.245,0.2843,0.2257,0.1584,0.4314916,-0.42667377,-0.04100267,0.33977297,0.041599445,0.08804999,0.1222,0.11135,0.15709999,0.1977,0.2123,0.22279999,0.22795,0.23695,0.20414999,0.3335318,-0.3195035,0.030777548,0.18400164,0.05681554,0.0695,0.1118,0.1073,0.13949999,0.2207,0.26624998,0.28835,0.3096,0.22075,0.13295001,0.45760024,-0.32761893,-0.13278306,0.37875667,-0.04344646,0.1104,0.1051,0.1146,0.1541,0.2219,0.2377,0.255,0.2546,0.2267,0.1536,0.37986907,-0.36648473,-0.05875014,0.245901,-0.034102082,0.45760024,0.3335318,0.12406844,0.04777874,2.0,-0.3195035,-13.585751,-20.320591,-6.7348404,-11.74332,-17.932312,-6.1889915,0.008901931,6.6690125e-05,0.013983047,0.00010459294,0.04786028,271.04367,3.5264745,-0.014623377,-0.05974617,436793.6730852361,2639642.0552946706
277,2,cropland,64,281,20004,0.0754,0.1116,0.1067,0.1657,0.2512,0.2663,0.3068,0.3152,0.2925,0.2036,0.48391658,-0.44766033,-0.02386116,0.3108748,0.021755783,0.11675,0.14865,0.1423,0.20375,0.2604,0.2878,0.30565,0.3074,0.34335,0.2757,0.3646604,-0.39573088,0.058089275,0.20277762,0.06965468,0.0934,0.122600004,0.102850005,0.168,0.25775,0.3046,0.33065,0.3451,0.27335,0.18110001,0.525489,-0.3807289,-0.0948674,0.3451562,-0.059793714,0.0812,0.11,0.117,0.1785,0.2458,0.291,0.3475,0.3192,0.2835,0.2029,0.4962314,-0.44091374,-0.10142616,0.28269988,-0.03400864,0.525489,0.3646604,0.16082856,0.061305948,2.0,-0.3807289,-12.328156,-18.87983,-6.551673,-8.691047,-17.432644,-8.741597,0.01644351,0.00016301278,0.021448974,0.00012676572,0.02981316,197.26517,6.507514,-0.06843855,0.09033632,435639.6401754727,2638701.365657189
278,2,cropland,368,184,10001,0.0864,0.144,0.1044,0.1826,0.3259,0.3856,0.442,0.4554,0.2593,0.1261,0.6178612,-0.2858907,-0.2605158,0.42758548,-0.18462035,0.0915,0.12805,0.1567,0.18145001,0.2061,0.20785001,0.1998,0.22525,0.29315,0.2563,0.12089727,-0.3919744,0.18936974,0.10769581,0.21392404,0.0392,0.1044,0.0713,0.1573,0.3082,0.3853,0.4178,0.4426,0.2245,0.1326,0.7084426,-0.36515546,-0.30094925,0.4755785,-0.21413364,0.101,0.1414,0.1482,0.1897,0.2014,0.2144,0.2298,0.2364,0.2841,0.2659,0.2158724,-0.33536938,0.10566237,0.10959839,0.13300991,0.7084426,0.12089727,0.58754534,0.2516978,2.0,-0.2858907,-14.707003,-20.660648,-5.9536457,-8.822592,-18.98114,-10.158548,0.023469267,0.0003948291,0.05477,0.0004945785,0.073986895,239.42917,16.495615,-0.19377363,0.20754476,433680.15495387575,2632632.9742912147
279,2,cropland,57,213,20004,0.0585,0.083,0.0613,0.1254,0.2051,0.2387,0.2734,0.2623,0.2252,0.1614,0.6336999,-0.46138716,-0.0966705,0.35310715,-0.07341514,0.090900004,0.1164,0.1328,0.17345,0.2025,0.2304,0.23324999,0.24094999,0.27065,0.22295,0.27441528,-0.39852625,0.07422094,0.1628857,0.10898833,0.0867,0.112,0.10445,0.13615,0.23875,0.26925,0.29475,0.31325,0.23675,0.1402,0.47670218,-0.35770506,-0.109124914,0.3940801,-0.055697706,0.0894,0.091,0.1239,0.1459,0.2094,0.2119,0.2603,0.2589,0.2649,0.2143,0.35502252,-0.48861906,0.008758529,0.27914947,0.052945074,0.6336999,0.27441528,0.3592846,0.13546638,0.0,-0.35770506,-14.801994,-20.945007,-6.143013,-17.266615,-15.40276,1.8638554,0.026099935,0.00024867154,0.030847702,0.00019586546,0.053703584,235.15352,2.8454583,0.04964191,0.00017181324,434261.33027307293,2638843.251407562
280,2,cropland,150,299,20003,0.1118,0.1214,0.1842,0.2152,0.2443,0.2505,0.2923,0.2996,0.3778,0.3385,0.22686203,-0.51362073,0.12759271,0.16394684,0.16344045,0.115100004,0.15035,0.15645,0.20449999,0.2801,0.292,0.31115,0.33990002,0.34635,0.2643,0.3308376,-0.39460358,0.053536035,0.24871378,0.08239588,0.09695,0.1396,0.15450001,0.19665,0.25094998,0.302,0.32745,0.31965,0.30265,0.23565,0.35885388,-0.36868203,-0.039358772,0.23823313,0.037150443,0.09,0.1137,0.1366,0.1728,0.2534,0.2938,0.3229,0.3212,0.3039,0.2334,0.40543976,-0.45545867,-0.03031264,0.30040425,0.03234121,0.40543976,0.22686203,0.17857774,0.06549972,3.0,-0.36868203,-17.85063,-21.158577,-3.3079472,-7.070604,-18.54435,-11.473745,0.023211341,0.00021041658,0.024462232,0.0001323071,0.042164296,214.82144,2.5783532,-0.040212773,-0.02016516,435998.85830199096,2636990.7913672854
281,2,cropland,125,7,3,0.0897,0.1159,0.1416,0.1648,0.2054,0.2271,0.2398,0.2556,0.2663,0.2102,0.25747183,-0.39351016,0.052361064,0.21598426,0.10631929,0.086950004,0.1321,0.1128,0.16175,0.17515,0.20585,0.2068,0.2062,0.26709998,0.2333,0.2941167,-0.33817548,0.12724173,0.120804116,0.12788521,0.07325,0.097449996,0.0987,0.12525,0.21970001,0.2321,0.26819998,0.27345002,0.2435,0.16745,0.46197745,-0.4283607,-0.048270352,0.37170717,0.0010970586,0.075,0.1269,0.112,0.1507,0.1876,0.2151,0.202,0.212,0.2539,0.2064,0.28662327,-0.33350748,0.11384046,0.16900972,0.13827941,0.46197745,0.25747183,0.20450562,0.08023313,2.0,-0.33350748,-14.76322,-21.622208,-6.858988,-11.58231,-21.311474,-9.729164,0.007222293,7.181825e-05,0.014677654,0.00012598406,0.06379572,377.2747,1.9996586,0.0128836995,0.03242791,430142.5356320581,2637483.6033407697
282,2,cropland,47,314,30004,0.0787,0.1112,0.0947,0.1663,0.2685,0.3041,0.3208,0.3376,0.2769,0.1962,0.54416233,-0.42695066,-0.073448114,0.3399477,-0.036182042,0.10655,0.13795,0.17140001,0.17305,0.2403,0.2602,0.29509997,0.30265,0.32845002,0.25985,0.26516548,-0.40844682,0.05348408,0.27244002,0.1089295,0.1051,0.13365,0.13170001,0.17539999,0.2899,0.3165,0.3394,0.3562,0.26585,0.1713,0.44088206,-0.3309128,-0.121519804,0.34010473,-0.055756696,0.1026,0.1313,0.1367,0.1675,0.2601,0.2914,0.2987,0.3145,0.3036,0.2217,0.3720708,-0.39618212,0.00813548,0.3049786,0.04634025,0.54416233,0.26516548,0.27899686,0.10160021,0.0,-0.3309128,-13.682027,-19.335953,-5.653926,-14.443699,-12.661873,1.781826,0.023011144,0.00036429436,0.04203856,0.00022738127,0.114636436,250.68852,2.2889566,-0.035417806,0.018458579,436289.8004435859,2639048.8370114947
283,2,cropland,35,118,10004,0.0218,0.0793,0.0736,0.1476,0.1981,0.2584,0.2805,0.2582,0.2186,0.1585,0.5842966,-0.46760496,-0.12402297,0.27254736,-0.016989049,0.06965,0.108500004,0.12115,0.14359999,0.15705,0.1832,0.1917,0.19285,0.23905,0.20675,0.22550668,-0.3756283,0.1099243,0.14638092,0.1590376,0.0799,0.1319,0.1134,0.1721,0.2577,0.3181,0.3699,0.3724,0.2462,0.1276,0.5307252,-0.30230018,-0.20077877,0.36785972,-0.11144041,0.1168,0.1085,0.1229,0.1427,0.1663,0.1911,0.171,0.1931,0.2341,0.1938,0.16366054,-0.36660725,0.15576361,0.1500889,0.1073199,0.5842966,0.16366054,0.42063606,0.18375501,0.0,-0.30230018,-14.806435,-22.071018,-7.2645836,-12.357459,-16.029976,-3.6725168,0.018179668,0.00026735463,0.041242607,0.0003077084,0.10505127,264.14236,1.9927367,0.00027053908,0.03477175,432366.275712162,2639287.354342673
284,2,cropland,112,316,30003,0.0784,0.1104,0.1389,0.1837,0.2461,0.2685,0.3046,0.3074,0.2863,0.2136,0.3736181,-0.44340703,-0.030969648,0.251883,0.052214693,0.1258,0.1615,0.18375,0.19095,0.25725,0.2554,0.28435,0.27985,0.3577,0.29555,0.21491088,-0.37788832,0.114243224,0.18882711,0.13797803,0.06855,0.0919,0.0822,0.1236,0.2122,0.2478,0.2758,0.2855,0.2182,0.14385,0.5382376,-0.40263322,-0.10751698,0.38783917,-0.059463184,0.1018,0.1318,0.1501,0.202,0.2667,0.2654,0.2906,0.2931,0.3198,0.285,0.31881028,-0.41629666,0.047837388,0.18400283,0.089875795,0.5382376,0.21491088,0.3233267,0.11693348,2.0,-0.37788832,-16.42461,-23.330267,-6.905657,-9.3589525,-20.824022,-11.46507,0.0,0.00029127114,0.04136815,0.00062792917,0.12254376,226.29958,3.252982,0.02865025,-0.048980914,436323.64156237256,2637754.569649552
285,2,cropland,381,266,20001,0.1027,0.1341,0.1209,0.1536,0.2455,0.2811,0.3014,0.3311,0.2623,0.1656,0.42742023,-0.32340986,-0.06936299,0.3662051,-0.026546367,0.106649995,0.118300006,0.1278,0.15915,0.2051,0.22185001,0.22695,0.24185,0.27365,0.21360001,0.2794918,-0.3963505,0.09328784,0.20623387,0.09230652,0.0596,0.0878,0.0815,0.1384,0.2329,0.3197,0.3737,0.3637,0.2341,0.1495,0.64191425,-0.4544875,-0.22968042,0.4487145,-0.1571636,0.0694,0.1235,0.1279,0.1607,0.232,0.2136,0.2463,0.2446,0.2586,0.2212,0.31640747,-0.35357144,0.024361212,0.20700665,0.10082584,0.64191425,0.2794918,0.36242244,0.14117405,2.0,-0.32340986,-15.79428,-23.415945,-7.621665,-7.5363903,-17.123709,-9.587318,0.03125453,0.0006833886,0.035021525,0.000430305,0.07184458,252.70132,3.5076704,-0.055471167,0.025810977,435327.11558922124,2632375.5937067
286,2,cropland,279,470,40002,0.0725,0.1227,0.0761,0.1691,0.3079,0.3559,0.3765,0.4006,0.2485,0.1456,0.6637193,-0.33889997,-0.20479968,0.40635347,-0.1608064,0.12064999,0.14975,0.16354999,0.2191,0.23300001,0.2591,0.27885002,0.2931,0.3493,0.30615002,0.26062334,-0.39985892,0.11215453,0.14447454,0.12423944,0.05195,0.1063,0.1045,0.14685,0.2488,0.2949,0.3377,0.3499,0.27815,0.18945,0.527362,-0.44700104,-0.0966955,0.4087561,-0.009063861,0.1346,0.153,0.1654,0.211,0.2498,0.2603,0.2696,0.2779,0.3853,0.2928,0.23953968,-0.43154293,0.17666793,0.13683754,0.15341903,0.6637193,0.23953968,0.4241796,0.17948602,0.0,-0.33889997,-15.434153,-20.14378,-4.709627,-11.969425,-18.331648,-6.3622227,0.0067393426,6.233074e-05,0.015586567,0.00012982266,0.08208282,360.81342,1.8743353,-0.022197893,-0.024021516,439404.06753737386,2634417.634744733
287,2,cropland,253,258,20002,0.1137,0.141,0.1446,0.1827,0.2385,0.2594,0.2831,0.2786,0.3093,0.2123,0.32382435,-0.37375,0.04422679,0.20789032,0.06712111,0.107,0.1413,0.15,0.19755,0.2237,0.24395001,0.25775,0.2777,0.32345,0.26964998,0.2642544,-0.3919303,0.11304177,0.16864774,0.12968251,0.087,0.10435,0.1249,0.1546,0.23775,0.26805001,0.29015,0.30194998,0.27855,0.21495,0.39814383,-0.45494786,-0.02039734,0.32274595,0.033692006,0.1158,0.1489,0.1677,0.1689,0.2318,0.2435,0.2588,0.2919,0.3204,0.3052,0.21359858,-0.3654371,0.1063534,0.26692653,0.13156354,0.39814383,0.21359858,0.18454525,0.06881634,2.0,-0.3654371,-15.701945,-20.603767,-4.901822,-14.574668,-25.502073,-10.927405,0.012066451,0.00011221904,0.017978765,0.00012741731,0.07454999,202.55411,2.052719,0.0069875666,-0.035130866,435168.1257784223,2634931.6600212352
288,2,cropland,316,219,20001,0.112,0.1238,0.1423,0.152,0.1983,0.222,0.241,0.2437,0.2678,0.2281,0.25749996,-0.3677212,0.05267286,0.23174064,0.07482627,0.0828,0.10855,0.1254,0.1583,0.21065,0.2357,0.2521,0.25675,0.26955003,0.1971,0.3356282,-0.42581216,0.03345155,0.23719975,0.08227711,0.0539,0.1085,0.0918,0.1508,0.2164,0.2464,0.2757,0.2763,0.2174,0.1585,0.50040674,-0.33415055,-0.11823136,0.2938415,-0.031934854,0.1001,0.1414,0.1293,0.1515,0.222,0.2422,0.277,0.2886,0.2511,0.199,0.3635236,-0.27948976,-0.04904366,0.31151938,0.0043564048,0.50040674,0.25749996,0.24290678,0.087684035,2.0,-0.27948976,-15.190277,-21.573353,-6.3830757,-11.077196,-21.714226,-10.63703,0.042584874,0.0006583136,0.105363704,0.0011550345,0.3124185,192.77924,3.8503194,0.034405444,-0.05766639,434397.59414092876,2633661.45175531
289,2,cropland,275,476,40002,0.1065,0.1154,0.118,0.171,0.2522,0.3097,0.3242,0.3068,0.2645,0.1951,0.46630377,-0.39247066,-0.10140973,0.28421873,-0.05927195,0.1035,0.13515,0.17324999,0.1979,0.23215,0.24634999,0.26135,0.27885002,0.33375,0.28255,0.20271471,-0.42354354,0.12166002,0.16979517,0.16304386,0.04815,0.0948,0.088300005,0.13405,0.24360001,0.2727,0.30554998,0.328,0.26569998,0.18294999,0.5516045,-0.47406247,-0.069759175,0.41975886,0.00042389397,0.1007,0.1427,0.1462,0.1889,0.2564,0.2691,0.2905,0.2875,0.3271,0.244,0.330432,-0.39250663,0.0592616,0.2069685,0.09496812,0.5516045,0.20271471,0.3488898,0.1327991,2.0,-0.39247066,-16.66404,-20.79881,-4.1347694,-11.084209,-14.43657,-3.3523607,0.023380209,0.00023474573,0.034742784,0.00019192188,0.04925866,358.22064,3.437939,0.02800771,0.05302501,439526.7347096512,2634491.328847488
290,2,cropland,321,109,10001,0.0764,0.1179,0.0812,0.1587,0.3314,0.3586,0.4003,0.4106,0.2507,0.1435,0.66271925,-0.36028114,-0.22979994,0.44247246,-0.17907473,0.0853,0.11840001,0.1249,0.15515,0.20335001,0.2176,0.22739999,0.2431,0.2654,0.22479999,0.29094437,-0.38301092,0.07711024,0.22084065,0.11038392,0.0182,0.0613,0.047,0.1365,0.2859,0.3964,0.436,0.4257,0.2293,0.1151,0.80538136,-0.57811224,-0.3106864,0.51440674,-0.24353148,0.1523,0.1652,0.1344,0.1668,0.2344,0.2558,0.266,0.2924,0.2882,0.2201,0.32867053,-0.27128303,0.040057648,0.27351853,0.0051135253,0.80538136,0.29094437,0.51443696,0.21844327,2.0,-0.27128303,-17.179567,-20.334585,-3.1550179,-5.586347,-14.777216,-9.190868,0.021886019,0.000594735,0.05485611,0.0005868433,0.09386072,288.95004,0.89988357,-0.013652754,0.0077626226,432182.69082113635,2633576.2173988204
291,2,cropland,183,5,3,0.106,0.1287,0.1157,0.1503,0.2616,0.2981,0.3244,0.3272,0.2583,0.1789,0.4742093,-0.33488283,-0.11343725,0.37047043,-0.070114285,0.0724,0.11095,0.13159999,0.13095,0.16665,0.18285,0.17895,0.1949,0.2564,0.22639999,0.15247095,-0.39594284,0.1779024,0.19625534,0.21373238,0.0614,0.1005,0.0988,0.13890001,0.23615,0.25645,0.27109998,0.29065,0.25055,0.16705,0.46580026,-0.42743072,-0.039394125,0.35327584,0.02471218,0.0757,0.103,0.1507,0.178,0.174,0.1898,0.2095,0.2112,0.2752,0.2461,0.16324218,-0.45531347,0.13554749,0.08530295,0.19786221,0.4742093,0.15247095,0.32173836,0.15614887,0.0,-0.33488283,-16.92077,-21.52108,-4.6003094,-10.408014,-18.863241,-8.455227,0.008941182,8.207341e-05,0.0140341045,0.00010511374,0.04702845,358.56372,1.5995073,-0.027567314,-0.0043796394,430107.7755790689,2636334.639670416
292,2,cropland,297,294,20002,0.1136,0.1295,0.1478,0.1654,0.267,0.3316,0.3431,0.3551,0.2945,0.241,0.3978399,-0.38915,-0.07622325,0.36445656,-0.016017817,0.09955,0.13569999,0.1709,0.199,0.23195,0.27285,0.28710002,0.27915,0.3521,0.27749997,0.25371125,-0.44362357,0.10168944,0.16762488,0.14989261,0.0783,0.0904,0.0803,0.1315,0.2847,0.3454,0.3612,0.3901,0.2368,0.1724,0.63623863,-0.4474314,-0.20802641,0.49578124,-0.16177617,0.0998,0.1307,0.1688,0.2163,0.26,0.2598,0.2944,0.2982,0.3208,0.2593,0.2711566,-0.42104003,0.0429128,0.15918338,0.10794285,0.63623863,0.25371125,0.38252738,0.15280136,2.0,-0.38915,-14.639356,-22.324125,-7.6847696,-9.069478,-17.112879,-8.043401,0.02396685,0.0002518042,0.03258443,0.00039958995,0.118294634,238.42665,0.36111194,0.003183342,0.0054395287,435896.625012059,2634057.604507429
293,2,cropland,66,90,4,0.0321,0.0838,0.049,0.1108,0.2522,0.2745,0.3222,0.3364,0.2351,0.1507,0.7359894,-0.47444192,-0.15628898,0.5044711,-0.10996223,0.072850004,0.1153,0.12925,0.1424,0.1529,0.1575,0.19375,0.19385,0.25094998,0.22385001,0.19968973,-0.37037435,0.12862572,0.15301068,0.17563355,0.1052,0.1088,0.0836,0.1707,0.2942,0.3542,0.3838,0.3723,0.2229,0.1244,0.642275,-0.34398448,-0.26520476,0.37127003,-0.22941513,0.0873,0.1129,0.1264,0.1349,0.1634,0.1871,0.1842,0.1876,0.2467,0.2054,0.18609087,-0.37207904,0.14504491,0.16341034,0.15761687,0.7359894,0.18609087,0.5498985,0.25036955,0.0,-0.34398448,-17.982101,-19.738773,-1.7566719,-13.421472,-15.270048,-1.8485765,0.032096367,0.0006354744,0.04816397,0.00060999097,0.10507999,290.85635,1.0901679,-0.009016401,0.016753754,431810.12047196104,2638675.6384566748
294,2,cropland,261,330,30002,0.0845,0.1139,0.1474,0.1852,0.2597,0.2582,0.2661,0.2975,0.2719,0.1955,0.28706092,-0.40953752,0.010780665,0.23264919,0.089232266,0.0918,0.12325,0.1301,0.16635,0.22115,0.25835,0.2715,0.2657,0.2912,0.24055,0.35209072,-0.40523484,0.035009746,0.2299497,0.07392292,0.06275,0.099199995,0.101799995,0.1316,0.22874999,0.26285,0.28845,0.3014,0.26615,0.18830001,0.47828194,-0.45695782,-0.040209096,0.39214686,0.023291366,0.0643,0.1293,0.1421,0.1725,0.2211,0.2675,0.2741,0.2843,0.2659,0.2238,0.31715444,-0.34564686,-0.015185194,0.24474552,0.09324744,0.47828194,0.28706092,0.19122103,0.07280403,2.0,-0.34564686,-13.344749,-18.960842,-5.6160927,-16.864742,-19.249813,-2.3850708,0.012426014,0.00019153784,0.026039775,0.00014063081,0.039912324,254.95868,2.838246,-0.04282264,0.024861678,436606.89888805326,2634766.3773630415
295,2,cropland,71,307,30004,0.0866,0.1107,0.1511,0.1589,0.2238,0.2126,0.2698,0.2636,0.2977,0.2754,0.2820141,-0.45788327,0.049162872,0.24781007,0.1147539,0.0913,0.14065,0.12265,0.17155,0.2437,0.2648,0.28495,0.28855,0.2589,0.23615,0.3981835,-0.29595718,-0.047899157,0.25429195,0.0069939015,0.1107,0.1435,0.116500005,0.15575,0.26425,0.2618,0.3067,0.3123,0.2683,0.19795,0.44943178,-0.30305898,-0.06678248,0.33447206,-0.040638175,0.0783,0.114,0.1055,0.1715,0.2297,0.2697,0.2995,0.3029,0.266,0.1857,0.47901115,-0.39999896,-0.059239477,0.27698085,-0.0084077995,0.47901115,0.2820141,0.19699705,0.07515246,3.0,-0.29595718,-16.362446,-20.76296,-4.4005146,-10.104196,-15.991721,-5.8875256,0.009038563,8.6055996e-05,0.026130034,0.00015276615,0.035741802,230.5758,1.4751353,0.025317896,-0.0046596667,436143.3533326527,2638561.4661831423
296,2,cropland,7,214,20004,0.0716,0.084,0.1112,0.1706,0.218,0.2354,0.2556,0.254,0.2687,0.2038,0.39367393,-0.52367306,0.024985645,0.19641972,0.07452968,0.091299996,0.1189,0.13865,0.15720001,0.2176,0.2491,0.27195,0.27705002,0.28345,0.21289998,0.32464606,-0.40897128,0.020705761,0.27599245,0.07493463,0.0847,0.115449995,0.10295,0.15015,0.2423,0.27719998,0.3058,0.31379998,0.2451,0.1629,0.49626786,-0.35958856,-0.11018311,0.35273117,-0.057477426,0.0694,0.1118,0.1043,0.1361,0.2318,0.2667,0.2797,0.2888,0.25,0.1857,0.45676968,-0.38197792,-0.05606938,0.35937783,0.0073926514,0.49626786,0.32464606,0.1716218,0.06506835,2.0,-0.35958856,-19.39645,-17.896095,1.5003548,-8.921753,-22.93389,-14.012136,0.020523973,0.00028459632,0.019963628,0.00016039082,0.053866766,230.9709,3.7559888,0.00025338965,-0.06550694,434290.785503204,2639855.516476017
297,2,cropland,299,165,10001,0.0873,0.1089,0.113,0.1389,0.1925,0.2567,0.2616,0.3015,0.2168,0.1548,0.3966887,-0.33128542,-0.09364525,0.36920893,-0.028141966,0.08415,0.095,0.11665,0.15035,0.16555,0.21265,0.2026,0.22170001,0.23824999,0.21095,0.2692239,-0.42985615,0.08086629,0.19177479,0.10621035,0.0252,0.0742,0.0552,0.1093,0.2221,0.2721,0.3018,0.3202,0.2124,0.1399,0.69075435,-0.4822035,-0.17386198,0.49103492,-0.09989896,0.1051,0.138,0.1263,0.1763,0.2063,0.2331,0.254,0.258,0.2492,0.1846,0.33578664,-0.28718933,-0.009538945,0.18811832,0.022325056,0.69075435,0.2692239,0.42153046,0.16096419,2.0,-0.28718933,-14.345468,-18.29691,-3.9514418,-11.112811,-16.878119,-5.7653074,0.03267804,0.00038177526,0.0338431,0.00043781058,0.07655025,223.53383,2.676357,0.013376668,-0.044737212,433308.7480427251,2634018.4628872136
298,2,cropland,284,95,2,0.0901,0.1165,0.0939,0.1526,0.2517,0.2525,0.2978,0.2922,0.2355,0.1628,0.52055013,-0.3380672,-0.116819605,0.31384817,-0.08155571,0.0789,0.1125,0.10705,0.1586,0.18270001,0.1859,0.20789999,0.2038,0.24204999,0.21915,0.3202085,-0.3653917,0.075897165,0.12472369,0.097971216,0.06855,0.0919,0.0822,0.1236,0.2122,0.2478,0.2758,0.2855,0.2182,0.14385,0.5382376,-0.40263322,-0.10751698,0.38783917,-0.059463184,0.1135,0.1522,0.1476,0.1562,0.2176,0.2315,0.2371,0.2479,0.2522,0.1693,0.23264822,-0.24727933,0.030860353,0.22692344,0.06556494,0.5382376,0.23264822,0.30558935,0.13036618,2.0,-0.24727933,-17.347944,-20.350773,-3.0028286,-10.577322,-21.592453,-11.015131,0.0,0.0,0.016785666,9.630998e-05,0.10292113,288.10995,3.9954855,-0.06951607,0.0047457474,431912.2583473451,2634315.4244615077
299,2,cropland,311,30,1,0.0736,0.1358,0.0952,0.1525,0.2459,0.287,0.345,0.3542,0.2556,0.1728,0.567468,-0.30607995,-0.14885089,0.3980651,-0.088120475,0.062800005,0.10775,0.14425,0.17109999,0.20365,0.20820001,0.2232,0.22755,0.2912,0.2464,0.21485855,-0.4598309,0.13219263,0.14160258,0.20715196,0.0419,0.0669,0.0585,0.1153,0.2302,0.3112,0.3463,0.3345,0.2392,0.1395,0.71096665,-0.56288606,-0.18292028,0.48732662,-0.13194329,0.1219,0.1555,0.1894,0.1976,0.2149,0.2383,0.2549,0.2326,0.2932,0.2464,0.1474226,-0.30688587,0.06987759,0.08135731,0.123108976,0.71096665,0.1474226,0.56354403,0.23579867,2.0,-0.30607995,-15.56355,-17.98584,-2.4222898,-11.650034,-16.270514,-4.6204796,0.03095319,0.0005371784,0.031996164,0.0003689133,0.07792619,319.78482,3.9707313,0.047774907,0.05012672,430610.1808133917,2633762.499511082
300,3,built_up,260,309,30002,0.1673,0.1509,0.1524,0.1897,0.1854,0.2001,0.2173,0.2194,0.2387,0.2184,0.17554724,-0.22535874,0.046929732,0.0725982,0.008379525,0.1364,0.1383,0.1532,0.16615,0.2062,0.18755001,0.21315,0.2153,0.25384998,0.22895,0.16364086,-0.29465687,0.087151825,0.12885007,0.07599775,0.12619999,0.12695,0.12715,0.17565,0.1741,0.204,0.20809999,0.21175,0.242,0.23405,0.24146084,-0.31183,0.075316444,0.0931851,0.049541477,0.1345,0.149,0.1419,0.1627,0.1888,0.2057,0.202,0.2275,0.2447,0.2066,0.17475958,-0.24307784,0.095589645,0.16606827,0.06928497,0.24146084,0.16364086,0.07781999,0.0307364,2.0,-0.22535874,-4.3662825,-14.511179,-10.1448965,-4.159344,-10.472525,-6.3131804,0.008134409,0.0001212872,0.021165388,0.00014506561,0.061776504,233.47656,2.2444034,-0.03833698,-0.007997159,436198.0997340696,2634799.8245899137
301,3,built_up,154,319,30003,0.1179,0.1131,0.1487,0.1487,0.1861,0.1683,0.2024,0.2026,0.2268,0.2019,0.15294744,-0.33450916,0.05684981,0.15342969,0.079333045,0.14750001,0.14039999,0.13409999,0.17230001,0.1686,0.19354999,0.19545001,0.19604999,0.2376,0.21445,0.18616243,-0.2571422,0.09733262,0.06447648,0.040229384,0.13395,0.1342,0.14230001,0.16595,0.18895,0.1879,0.1893,0.19525,0.2234,0.1968,0.14173657,-0.24943998,0.082626395,0.08111828,0.061615426,0.1164,0.1217,0.1217,0.1574,0.1837,0.1511,0.1803,0.1925,0.2107,0.2098,0.19403909,-0.26774892,0.07774918,0.10031408,0.056747638,0.19403909,0.14173657,0.052302524,0.021921301,3.0,-0.24943998,-3.0769424,-13.990068,-10.913126,-5.313854,-11.575213,-6.261359,0.005417364,5.9942195e-05,0.008377617,6.598315e-05,0.03675064,211.1291,5.55123,-0.0556497,0.079125926,436395.1496245321,2636910.1187921176
302,3,built_up,168,374,30003,0.1137,0.1208,0.1306,0.1579,0.1681,0.1449,0.1719,0.1805,0.2016,0.1836,0.13652846,-0.25061956,0.07951785,0.06678466,0.07542879,0.11229999,0.1204,0.13080001,0.14585,0.1651,0.17385,0.19055,0.18055001,0.2005,0.18975,0.18593372,-0.2496097,0.025444245,0.106310956,0.04486315,0.116900004,0.1185,0.12875,0.14555001,0.16395,0.1792,0.17695001,0.16905001,0.2182,0.17475,0.15767044,-0.2961084,0.10439044,0.07469777,0.08286502,0.141,0.0992,0.1136,0.1449,0.1675,0.1748,0.1575,0.1839,0.2027,0.1877,0.16193226,-0.34282762,0.12548551,0.11861279,0.028952464,0.18593372,0.13652846,0.049405262,0.017546834,1.0,-0.2496097,-4.2533154,-12.629217,-8.375902,-3.5127263,-10.876852,-7.3641257,0.004693163,2.950142e-05,0.008825966,5.6775243e-05,0.034519497,274.2646,4.41755,0.07700124,-0.001889862,437487.0301029828,2636635.603235395
303,3,built_up,147,334,30003,0.1245,0.1443,0.1416,0.1439,0.1577,0.2133,0.2127,0.2012,0.246,0.2002,0.20067681,-0.26056814,0.072596334,0.1660383,0.06953635,0.14005,0.1341,0.15445,0.17155,0.20165,0.1989,0.2078,0.21869999,0.2521,0.2244,0.14727357,-0.30554032,0.096325055,0.120819636,0.07781007,0.13585,0.15685,0.1525,0.17124999,0.18765,0.2087,0.2046,0.21785,0.2425,0.2161,0.14589709,-0.21447301,0.08476832,0.119763285,0.0741722,0.1448,0.1451,0.1275,0.1448,0.1864,0.1874,0.2109,0.2022,0.2521,0.2297,0.24645315,-0.269385,0.08898468,0.16541734,0.032503657,0.24645315,0.14589709,0.10055606,0.041756887,3.0,-0.21447301,-4.0102153,-11.240221,-7.2300057,-9.256497,-8.207979,1.0485182,0.006791927,5.6224973e-05,0.009664585,9.310266e-05,0.034657195,224.09253,5.319385,-0.042900514,0.08218407,436684.15870481223,2637041.7916913894
304,3,built_up,138,282,20003,0.0909,0.087,0.1022,0.1325,0.1143,0.1457,0.1191,0.1241,0.1726,0.1317,0.07636656,-0.3297368,0.18340698,-0.03273562,0.13366312,0.124400005,0.12475,0.12245,0.1515,0.12445,0.1503,0.14605,0.14495,0.168,0.14765,0.0878954,-0.14773645,0.06989307,-0.022094708,0.035656936,0.113,0.1326,0.0993,0.1403,0.1255,0.1354,0.137,0.1554,0.1712,0.1358,0.15954228,-0.1270569,0.11096658,0.05106505,0.039385136,0.1139,0.1321,0.1054,0.1288,0.1363,0.1313,0.1372,0.1408,0.1538,0.147,0.1310794,-0.075900376,0.057044465,0.044510197,0.015872989,0.15954228,0.07636656,0.08317572,0.03340367,2.0,-0.075900376,-5.780464,-9.770775,-3.9903107,-7.0270133,-9.652942,-2.6259284,0.05050579,0.00075516856,0.05190673,0.00078584737,0.13616057,193.93446,1.4048918,0.022296136,0.0101976255,435646.2065318009,2637225.7925781067
305,3,built_up,143,279,20003,0.1059,0.1376,0.1511,0.1605,0.1732,0.1845,0.2045,0.2083,0.2457,0.2048,0.15016833,-0.28202376,0.09151466,0.12960917,0.12217173,0.13915,0.16645,0.1516,0.17480001,0.20635,0.20765,0.2087,0.23085,0.24915001,0.2215,0.15847859,-0.19898896,0.08834753,0.13817292,0.070665166,0.1284,0.1295,0.1557,0.1668,0.2021,0.1959,0.2001,0.2176,0.2374,0.2063,0.12478887,-0.29408476,0.08525693,0.13215365,0.089523144,0.1139,0.1254,0.1667,0.1501,0.1931,0.1983,0.1972,0.2226,0.25,0.2072,0.08381399,-0.3319117,0.11806771,0.19452593,0.1450946,0.15847859,0.08381399,0.0746646,0.029052556,1.0,-0.19898896,-5.8031774,-13.405068,-7.601891,-7.282004,-9.5532,-2.271196,0.00886923,8.798554e-05,0.039687965,0.0004611043,0.07721575,199.13525,4.053652,0.06780942,-0.019975964,435595.9394540147,2637122.934939496
306,3,built_up,176,389,30003,0.1352,0.1267,0.1498,0.1497,0.1781,0.1702,0.1832,0.2112,0.2073,0.1913,0.10029999,-0.24131666,0.061715603,0.17040683,0.05729083,0.1462,0.1417,0.1305,0.16155,0.1789,0.1952,0.19885,0.20845,0.2217,0.21114999,0.20752935,-0.22014248,0.054333463,0.12675641,0.010254549,0.1054,0.1332,0.1225,0.1538,0.1677,0.1909,0.1859,0.2121,0.2109,0.2196,0.2055765,-0.22580576,0.06300385,0.15933272,0.06739226,0.1155,0.1204,0.1197,0.1541,0.1462,0.1669,0.182,0.1826,0.2214,0.1986,0.20649582,-0.29549357,0.09766955,0.08464484,0.068274185,0.20752935,0.10029999,0.10722936,0.046005815,1.0,-0.22014248,-4.563231,-13.847623,-9.284391,-5.8094144,-10.570165,-4.7607503,0.014574756,0.00021322505,0.017090715,0.00019736943,0.0518787,283.67322,4.8008447,-0.07305959,-0.040825687,437799.87145334925,2636465.8849075832
307,2,cropland,432,53,0,0.1601,0.1565,0.1867,0.2087,0.2016,0.1883,0.1953,0.2259,0.2324,0.2126,0.02251302,-0.19516537,0.08674285,0.039576516,0.08224649,0.13395,0.1346,0.13195,0.16510001,0.19465,0.1843,0.212,0.21055001,0.26035,0.2183,0.2327366,-0.31839392,0.1023603,0.120989956,0.062783524,0.15805,0.15720001,0.16675001,0.18235001,0.2051,0.21020001,0.20545,0.221,0.2298,0.21215001,0.103976026,-0.18759638,0.055944737,0.09582222,0.043483924,0.1596,0.1555,0.1834,0.1929,0.1935,0.2343,0.2196,0.2455,0.2396,0.2153,0.089826085,-0.21285698,0.0435539,0.11998147,0.054599777,0.2327366,0.02251302,0.21022359,0.07606089,1.0,-0.18759638,-4.7672048,-12.828774,-8.061569,-3.0901768,-12.408258,-9.318082,0.014621583,0.00010019189,0.03821605,0.0002756916,0.19765939,502.22543,3.277638,0.05540084,-0.014129967,431072.13107203576,2631349.329055412
308,3,built_up,256,316,30002,0.0895,0.1355,0.1432,0.1524,0.1712,0.2017,0.177,0.1854,0.2014,0.206,0.10555871,-0.19560641,0.06448185,0.09769063,0.12780212,0.117750004,0.123900004,0.12815,0.14660001,0.17985,0.16685,0.19305,0.18720001,0.20265001,0.1982,0.20205414,-0.24115682,0.024260774,0.12162935,0.03117199,0.11635,0.10595,0.12324999,0.1043,0.15155,0.14465,0.19569999,0.1961,0.20805,0.18814999,0.22715086,-0.32515818,0.030588178,0.30559152,0.029921466,0.1149,0.1301,0.1305,0.1617,0.1432,0.1549,0.1862,0.1883,0.1961,0.1584,0.17587563,-0.20232922,0.025895836,0.07599979,0.040624484,0.22715086,0.10555871,0.12159215,0.045404293,2.0,-0.19560641,-5.2151866,-13.383645,-8.168459,-2.7719898,-8.149843,-5.3778534,0.008887901,0.00010122464,0.014853881,8.982573e-05,0.031643536,246.576,6.936466,0.099085644,-0.069044225,436321.1637773721,2634871.498507381
309,3,built_up,175,303,30003,0.1284,0.153,0.1595,0.1479,0.1751,0.1673,0.2018,0.2072,0.2322,0.192,0.117076896,-0.20560694,0.0700459,0.16699475,0.08519171,0.1254,0.15555,0.13995,0.16035,0.1764,0.1813,0.19235,0.20625001,0.23085001,0.20765,0.15768833,-0.19487529,0.09097334,0.12520428,0.07704587,0.13365,0.1372,0.1504,0.16245,0.18455,0.17210001,0.20175,0.21849999,0.25085002,0.20705,0.14581811,-0.29287392,0.10848413,0.14713176,0.08939107,0.1174,0.1094,0.1314,0.154,0.1782,0.1881,0.2195,0.1891,0.2159,0.2181,0.25106797,-0.3273891,-0.008268243,0.10230222,0.015200208,0.25106797,0.117076896,0.13399106,0.05022894,3.0,-0.19487529,-3.3444529,-11.167636,-7.823183,-3.8246877,-12.878862,-9.054174,0.0091344975,8.341648e-05,0.02565866,0.000183697,0.11123613,206.33035,1.8027267,-0.024583437,0.01962858,436060.76948329125,2636497.126850452
310,3,built_up,129,283,20003,0.1092,0.1109,0.1323,0.1545,0.1692,0.1637,0.1931,0.212,0.2218,0.2185,0.18684638,-0.3333323,0.06917311,0.15688908,0.07891515,0.13085,0.13825,0.15915,0.15529999,0.1846,0.18715,0.1898,0.20375,0.2413,0.21875,0.08783465,-0.27150503,0.11946157,0.13493907,0.11066412,0.06855,0.0919,0.0822,0.1236,0.2122,0.2478,0.2758,0.2855,0.2182,0.14385,0.5382376,-0.40263322,-0.10751698,0.38783917,-0.059463184,0.1211,0.1211,0.1371,0.1476,0.1624,0.2028,0.1787,0.218,0.2198,0.2105,0.13172853,-0.28952685,0.10313649,0.19255964,0.08694971,0.5382376,0.08783465,0.45040292,0.17789677,2.0,-0.27150503,-2.4547348,-12.882956,-10.428221,-6.161101,-13.542343,-7.3812423,0.039495688,0.0009146736,0.037591513,0.00042677173,0.20801437,202.85443,3.7265253,0.050025184,-0.041493844,435677.6669934319,2637410.6811672673
311,3,built_up,154,367,30003,0.1306,0.1484,0.1686,0.1578,0.2163,0.2281,0.2489,0.2288,0.2441,0.2538,0.19233488,-0.24382107,-0.009736272,0.18365185,0.04190855,0.14525,0.1565,0.15065,0.18935001,0.199,0.20535001,0.2202,0.24204999,0.2464,0.2307,0.18754165,-0.22313175,0.05615075,0.122160085,0.041442566,0.1437,0.14645001,0.16065,0.1711,0.20155,0.20805,0.2262,0.22155,0.26405,0.21180001,0.16944508,-0.28647918,0.07720537,0.12848559,0.06896547,0.1011,0.1461,0.1589,0.1586,0.172,0.1825,0.2,0.2327,0.2532,0.2418,0.11451628,-0.2682187,0.11738719,0.18936828,0.15563631,0.19233488,0.11451628,0.077818595,0.03090309,0.0,-0.22313175,-4.3366795,-10.13371,-5.7970304,0.98343396,-16.095644,-17.079079,0.0077466574,6.347067e-05,0.013567801,8.6544904e-05,0.036532383,262.80185,3.695464,-0.0024124596,0.06440814,437349.94823366153,2636904.5620932425
312,3,built_up,165,348,30003,0.1384,0.1206,0.1249,0.1661,0.1559,0.1914,0.1799,0.1879,0.2166,0.1963,0.18044561,-0.28469667,0.09255965,0.061581776,0.03516208,0.1232,0.1473,0.15810001,0.16875,0.17915,0.18195,0.19240001,0.1998,0.22189999,0.19905001,0.09785991,-0.2020579,0.071204215,0.08424884,0.092581786,0.121549994,0.1305,0.13755,0.18125,0.18015,0.17235,0.1889,0.18995,0.23195,0.20925,0.15729772,-0.27989987,0.102292754,0.02343743,0.08684448,0.1012,0.1239,0.12,0.1448,0.1555,0.1804,0.182,0.1923,0.2266,0.1999,0.20529734,-0.2930092,0.10915296,0.1409073,0.100666724,0.20529734,0.09785991,0.107437424,0.039806914,3.0,-0.2020579,-3.5475287,-9.990601,-6.443072,-8.335851,-12.563456,-4.227605,0.008940557,8.139776e-05,0.009975654,8.4889405e-05,0.0363694,249.9759,3.501136,0.028748907,-0.053878024,436962.8417396571,2636687.554714087
313,3,built_up,174,388,30003,0.1096,0.135,0.1367,0.1575,0.1911,0.1765,0.2058,0.2157,0.2225,0.1983,0.2017512,-0.24475451,0.03899127,0.15594813,0.06492726,0.13769999,0.14575,0.15134999,0.16235,0.18525,0.1956,0.2146,0.20215,0.23155001,0.2104,0.17283736,-0.22740464,0.037991647,0.10919038,0.041621286,0.1361,0.1401,0.1366,0.1471,0.1891,0.1945,0.205,0.1994,0.2379,0.2124,0.20023358,-0.25872946,0.074282974,0.1509375,0.04667409,0.0881,0.125,0.1379,0.149,0.169,0.1893,0.2012,0.2237,0.2153,0.1943,0.18667004,-0.2653533,0.03385346,0.20042874,0.09945509,0.2017512,0.17283736,0.02891384,0.011703687,0.0,-0.22740464,-3.0980737,-13.878708,-10.780634,-8.03301,-11.300275,-3.2672653,0.017044444,0.00021461805,0.016309755,0.00018301999,0.05390992,285.518,5.2304025,-0.05180927,-0.07500753,437764.4115077385,2636519.485134206
314,3,built_up,152,362,30003,0.1502,0.1562,0.1495,0.1546,0.2154,0.2131,0.232,0.2316,0.2512,0.2384,0.21625105,-0.23318543,0.03973501,0.19937804,0.023630025,0.17225,0.1587,0.16819999,0.16425,0.211,0.23339999,0.22245,0.21724999,0.2538,0.22905001,0.1388708,-0.23054488,0.06582664,0.1389249,0.033427168,0.1498,0.16315,0.17855,0.19175,0.20345,0.19695,0.22405,0.23655,0.2454,0.2232,0.11301511,-0.20132124,0.045478646,0.10459932,0.06279765,0.1334,0.1267,0.1614,0.1491,0.1978,0.2101,0.2172,0.2398,0.2522,0.2339,0.14738469,-0.3312211,0.07456314,0.23322129,0.08243907,0.21625105,0.11301511,0.10323594,0.0381692,0.0,-0.20132124,-4.168407,-14.302762,-10.134356,-2.971492,-12.928089,-9.956597,0.0063748877,6.272697e-05,0.012151516,7.655344e-05,0.0348287,261.78043,7.8988857,-0.06863294,-0.11905977,437245.52422481345,2636951.978282134
315,3,built_up,13,314,30004,0.0881,0.1242,0.1157,0.138,0.1367,0.1512,0.1735,0.1528,0.2157,0.1652,0.19986099,-0.269196,0.10842726,0.050893903,0.11770634,0.1257,0.118499994,0.11095,0.13980001,0.15035,0.14469999,0.1629,0.185,0.21655,0.1728,0.18970169,-0.292642,0.14138846,0.1391621,0.063138984,0.14885,0.1374,0.14340001,0.15675,0.1618,0.18365,0.17500001,0.1832,0.1949,0.19319999,0.099245906,-0.17303589,0.053798158,0.077805355,0.021822836,0.1044,0.1372,0.1072,0.1591,0.1563,0.1898,0.1886,0.1962,0.2121,0.1837,0.27518502,-0.21442825,0.058647208,0.10441851,0.0429527,0.27518502,0.099245906,0.17593911,0.06242222,3.0,-0.17303589,-3.4007025,-14.414524,-11.013822,-7.8481092,-17.993269,-10.14516,0.0069026416,0.00011212008,0.028643247,0.00027096312,0.12484675,300.48294,3.09646,0.05309731,0.009925963,436290.36944131687,2639723.7604527604
316,3,built_up,161,355,30003,0.1459,0.1446,0.1678,0.182,0.224,0.2192,0.2342,0.2171,0.2684,0.2468,0.16517372,-0.29975715,0.06804605,0.08794765,0.06872466,0.1389,0.147,0.16225,0.17965001,0.21175,0.21375,0.2385,0.238,0.27195,0.2403,0.19026779,-0.2982449,0.0655303,0.13970993,0.06998514,0.13350001,0.16115001,0.1735,0.18555,0.20195,0.2078,0.20955,0.24485001,0.26854998,0.2472,0.09411277,-0.24994117,0.12340486,0.13777849,0.1260984,0.122,0.1295,0.1722,0.1697,0.2001,0.2308,0.2113,0.2345,0.268,0.2315,0.10195542,-0.3484268,0.11829727,0.16031629,0.1382028,0.19026779,0.09411277,0.09615502,0.040913243,1.0,-0.24994117,-4.764221,-12.572013,-7.8077917,-0.74573857,-8.821663,-8.075924,0.0076330556,0.00011379274,0.012872776,8.304543e-05,0.04031246,256.47928,4.0554795,-0.043232232,-0.055969894,437112.6845568043,2636763.34592342
317,3,built_up,192,262,20003,0.1104,0.1143,0.1411,0.1342,0.161,0.1786,0.1755,0.1954,0.215,0.2043,0.108654104,-0.30579928,0.1011521,0.18567902,0.10934566,0.124699995,0.12085,0.13870001,0.14985001,0.17140001,0.17065,0.195,0.17475,0.2112,0.2146,0.16871385,-0.27209675,0.039881747,0.076709524,0.04510149,0.1144,0.131,0.1212,0.1472,0.1741,0.1644,0.1718,0.1978,0.225,0.2072,0.17269564,-0.26404417,0.13407223,0.14666621,0.09487651,0.1298,0.1103,0.1369,0.128,0.1573,0.1639,0.194,0.2144,0.2002,0.2034,0.17255919,-0.2895321,0.015728017,0.25233567,0.020124,0.17269564,0.108654104,0.06404153,0.027183417,2.0,-0.26404417,-4.521918,-16.181019,-11.6591015,-8.364075,-8.306087,0.057988167,0.010972247,0.00015384777,0.018258492,0.00018115022,0.0676391,195.76924,10.120513,-0.16019432,-0.07221504,435241.9651964326,2636147.421425981
318,3,built_up,146,345,30003,0.1237,0.1293,0.1474,0.1732,0.1564,0.182,0.1767,0.2139,0.237,0.2008,0.09040388,-0.2940205,0.14575747,0.10514053,0.12266339,0.14230001,0.12245,0.15255,0.16685,0.19015,0.19575,0.19005,0.2148,0.23460001,0.1999,0.1094568,-0.3141008,0.10490967,0.12563834,0.07616386,0.13679999,0.1422,0.148,0.1814,0.1761,0.1873,0.2039,0.21065,0.2338,0.2056,0.15885147,-0.24361637,0.068311475,0.074607626,0.05688577,0.105,0.1077,0.136,0.1639,0.1797,0.1831,0.1844,0.2054,0.2333,0.2077,0.1510607,-0.36832738,0.11706937,0.112374455,0.12129934,0.15885147,0.09040388,0.0684476,0.028459128,2.0,-0.24361637,-5.0750594,-10.330147,-5.2550874,-3.3657713,-10.941363,-7.575592,0.010650241,0.00011553172,0.012921879,9.570247e-05,0.033765297,240.04147,6.5046263,0.01114251,-0.11273412,436918.72566808295,2637069.3834157027
319,3,built_up,209,352,30002,0.1445,0.1516,0.1944,0.2093,0.221,0.2396,0.2194,0.2641,0.2986,0.2721,0.060415525,-0.32652077,0.15289542,0.11575808,0.15065914,0.1561,0.15935001,0.17195001,0.20109999,0.20680001,0.23935,0.23995,0.25405002,0.28595,0.2545,0.16508818,-0.28430206,0.08746894,0.116335064,0.072428055,0.15990001,0.15645,0.16479999,0.1945,0.192,0.22595,0.2218,0.25024998,0.27805,0.24509999,0.14743885,-0.27986127,0.11253354,0.125351,0.07416155,0.1356,0.1418,0.1629,0.1824,0.2116,0.228,0.2222,0.2506,0.2768,0.2477,0.15398559,-0.3225028,0.109418616,0.15750541,0.10269579,0.16508818,0.060415525,0.104672655,0.041655138,1.0,-0.27986127,-1.3190143,-12.494403,-11.175388,-0.001468416,-13.3905525,-13.389084,0.008903187,5.467517e-05,0.013586459,4.8886595e-05,0.032327205,244.60358,10.218711,0.12645082,0.1244312,437050.7951054757,2635801.5035487716
320,3,built_up,170,308,30003,0.1271,0.1341,0.1295,0.148,0.1723,0.1863,0.2063,0.2245,0.2638,0.217,0.2287069,-0.32596046,0.12231412,0.20536856,0.08242728,0.14045,0.1265,0.1489,0.16194999,0.18079999,0.19655001,0.2064,0.21024999,0.2521,0.2186,0.16183461,-0.33174765,0.09967259,0.1297686,0.072407454,0.13155,0.1409,0.14735,0.17045,0.18450001,0.20205,0.19569999,0.21825,0.23255,0.2167,0.14094111,-0.2454137,0.08604768,0.1229737,0.07445365,0.1241,0.1276,0.1598,0.1732,0.186,0.1923,0.2338,0.2118,0.2357,0.2206,0.18800765,-0.2975494,0.0040468546,0.100259475,0.049907036,0.2287069,0.14094111,0.08776578,0.032756668,0.0,-0.2454137,-5.885485,-14.159702,-8.274218,-3.4716632,-11.524132,-8.052468,0.009920607,8.283096e-05,0.014220275,8.5824366e-05,0.03236504,208.47548,11.890381,0.115223296,-0.17080992,436166.98740868736,2636590.814703061
321,3,built_up,218,348,30002,0.1288,0.1569,0.1449,0.1621,0.1567,0.1786,0.2076,0.2063,0.2339,0.1855,0.17787184,-0.1970312,0.059569508,0.11997796,0.059283998,0.1214,0.14315,0.13515,0.1618,0.1734,0.1853,0.2015,0.19459999,0.2288,0.21149999,0.19708836,-0.23027225,0.06344396,0.092031136,0.059765533,0.0995,0.1415,0.1193,0.1299,0.1655,0.1923,0.1971,0.2002,0.2395,0.1952,0.24589048,-0.2572172,0.09711384,0.21296515,0.094903745,0.1307,0.112,0.1279,0.1819,0.1782,0.1954,0.1913,0.1985,0.2179,0.2123,0.19862092,-0.32100534,0.0650047,0.043638192,0.035639293,0.24589048,0.17787184,0.068018645,0.025055865,2.0,-0.1970312,-5.4288263,-10.955228,-5.5264015,-1.7836487,-10.956905,-9.173257,0.017062029,0.00029798437,0.025450708,0.00019401696,0.055571463,256.2829,2.3837118,0.010809617,-0.040162362,436962.46397021506,2635624.538523977
322,3,built_up,174,331,30003,0.1181,0.1457,0.1542,0.1684,0.1829,0.1802,0.1759,0.1967,0.2114,0.2084,0.06573744,-0.18398158,0.09165998,0.07751279,0.10855045,0.1348,0.1218,0.14735,0.1773,0.18495,0.19940001,0.1929,0.2148,0.21825,0.20815,0.13387176,-0.28363392,0.06165619,0.0956386,0.054665968,0.12405,0.1343,0.14735,0.15895,0.1636,0.1841,0.20125,0.20045,0.22165,0.20989999,0.15461804,-0.24539897,0.048238244,0.11546991,0.06294101,0.1106,0.1069,0.1391,0.153,0.1781,0.1856,0.2106,0.1826,0.2308,0.2111,0.20446038,-0.3668926,0.045763373,0.088199995,0.07046723,0.20446038,0.06573744,0.13872294,0.049801808,3.0,-0.18398158,-7.580558,-12.221897,-4.6413393,-2.6750674,-13.304404,-10.629337,0.011419121,0.00014082422,0.029166823,0.00019535558,0.073023,230.30576,5.73962,0.071829975,-0.0695846,436628.2239913302,2636519.9291805616
323,3,built_up,220,353,30002,0.1416,0.1405,0.1158,0.1663,0.1826,0.1843,0.2039,0.2179,0.2299,0.1851,0.27556995,-0.24136004,0.059935335,0.13430469,0.0002893563,0.13165,0.13735,0.1309,0.1718,0.16775,0.1606,0.17435,0.20390001,0.2281,0.20225,0.14234187,-0.24832332,0.13355665,0.0854403,0.07969914,0.1279,0.12125,0.11735,0.15705,0.17394999,0.17285,0.17845,0.1843,0.23175,0.20285,0.2065578,-0.31303024,0.12993628,0.079829864,0.06522227,0.1068,0.1204,0.1257,0.1551,0.1803,0.1926,0.1898,0.2005,0.2378,0.2031,0.20316891,-0.32774892,0.112254195,0.12767115,0.10134815,0.27556995,0.14234187,0.13322808,0.047162887,0.0,-0.24136004,-2.989192,-14.414429,-11.425237,-3.3549511,-15.239984,-11.885033,0.015410017,0.00011495484,0.019043164,8.562034e-05,0.052119162,266.8189,7.941945,0.07277916,-0.117448054,437062.16570371256,2635593.89106051
324,3,built_up,167,390,30003,0.1296,0.1401,0.153,0.1698,0.2059,0.1866,0.2122,0.2169,0.2626,0.2158,0.16210252,-0.3041959,0.10614974,0.12179954,0.09743847,0.1471,0.138,0.15075,0.1802,0.20615,0.19155,0.20050001,0.21015,0.25345,0.2327,0.14163665,-0.29492837,0.11664253,0.07672584,0.07528588,0.1717,0.1375,0.1698,0.1497,0.1758,0.188,0.1937,0.2251,0.2364,0.252,0.06574948,-0.2645085,0.09927899,0.20117341,0.052877035,0.0904,0.1283,0.1601,0.1593,0.1914,0.1811,0.1987,0.2243,0.2402,0.2277,0.10758052,-0.3036627,0.09455436,0.16944689,0.16129947,0.16210252,0.06574948,0.09635304,0.036523905,0.0,-0.2645085,-2.1655326,-9.389387,-7.2238545,-0.3112695,-12.111247,-11.799977,0.010793563,0.00015325498,0.014368174,0.00015252987,0.058186434,284.34933,4.1929317,0.05466561,-0.048554067,437815.21913406416,2636657.0347108073
325,3,built_up,182,310,30003,0.1033,0.1527,0.1336,0.1959,0.1469,0.2174,0.1921,0.203,0.2321,0.2273,0.1796126,-0.20634037,0.0942949,0.017798906,0.10633777,0.13894999,0.1592,0.14525,0.16495,0.17965001,0.1945,0.2069,0.22895,0.23565,0.20030001,0.17506696,-0.19361734,0.064964265,0.16247736,0.048228353,0.1236,0.13595,0.1645,0.17135,0.1782,0.20285,0.18855,0.21065,0.2482,0.21425,0.068120465,-0.2922028,0.13657668,0.10287929,0.13871816,0.1206,0.1116,0.1213,0.1805,0.179,0.1962,0.177,0.2129,0.2386,0.2202,0.18672416,-0.36264887,0.14821908,0.0823587,0.0947527,0.18672416,0.068120465,0.11860369,0.04882495,3.0,-0.19361734,-3.916872,-11.217463,-7.3005905,-8.436535,-10.885505,-2.4489698,0.008706447,0.00015251794,0.031792346,0.00024901173,0.0892264,205.62134,3.324514,-0.057885714,0.0034955777,436200.78522251314,2636349.7092092284
326,3,built_up,161,346,30003,0.1281,0.1102,0.1258,0.158,0.1485,0.1882,0.1891,0.1845,0.2269,0.2143,0.20101556,-0.34618703,0.09086516,0.07737199,0.052992888,0.14015,0.13515,0.14750001,0.17015001,0.17965001,0.18615,0.1925,0.19165,0.22964999,0.22260001,0.1323525,-0.25904533,0.088001676,0.059424903,0.06269362,0.13589999,0.12545,0.14225,0.15145001,0.16350001,0.19075,0.1943,0.19965,0.24555,0.21155,0.15465708,-0.32371882,0.11651675,0.1372824,0.080222756,0.121,0.1276,0.1259,0.1246,0.1718,0.163,0.2032,0.1931,0.2168,0.1972,0.23488228,-0.25900042,0.03238089,0.21561155,0.027740248,0.23488228,0.1323525,0.10252978,0.03988782,3.0,-0.25900042,-6.0363455,-13.624626,-7.5882807,-8.034396,-16.999002,-8.964606,0.0074926713,7.143206e-05,0.0107650515,7.825689e-05,0.040607005,250.27591,3.5053387,-0.04078392,-0.04555173,436927.22353759105,2636771.68725111
327,3,built_up,148,363,30003,0.114,0.1629,0.1507,0.1943,0.2069,0.1919,0.2319,0.2497,0.2707,0.2215,0.21223153,-0.24861567,0.07719841,0.124774486,0.09839686,0.13905,0.15474999,0.1758,0.18290001,0.21445,0.2034,0.2312,0.2389,0.2691,0.22795,0.13611759,-0.26978824,0.07575443,0.13276401,0.09157814,0.1519,0.15630001,0.16284999,0.1704,0.1819,0.2184,0.22685,0.2451,0.24769999,0.2407,0.1642285,-0.22623703,0.04393624,0.17978299,0.040288817,0.1198,0.1541,0.1552,0.1752,0.1835,0.2226,0.2258,0.2196,0.2439,0.226,0.18530132,-0.22562757,0.03853517,0.11246173,0.071840905,0.21223153,0.13611759,0.07611394,0.027924212,0.0,-0.22562757,-9.746828,-10.424387,-0.6775589,-0.038789798,-8.293094,-8.254304,0.015314109,0.00025544767,0.047159683,0.00024022516,0.124489024,267.2294,3.5457118,0.021154452,-0.058114324,437265.10865376506,2637020.7141063237
328,3,built_up,168,357,30003,0.1512,0.1366,0.1556,0.18,0.2017,0.2108,0.1771,0.2251,0.2388,0.2105,0.0646226,-0.27224222,0.14835261,0.11133023,0.09146245,0.13735,0.16115,0.15955,0.17954999,0.17680001,0.2071,0.20425001,0.22645,0.2356,0.2381,0.1228694,-0.18764919,0.0712741,0.11551697,0.07268399,0.1172,0.1511,0.14395,0.1788,0.194,0.19865,0.21165001,0.21535,0.25235,0.22395,0.19038194,-0.25095984,0.0877153,0.092730954,0.09301508,0.1219,0.1539,0.1448,0.1813,0.2068,0.1898,0.1957,0.2163,0.2481,0.2148,0.1494856,-0.23432776,0.118070915,0.08802794,0.10598152,0.19038194,0.0646226,0.12575933,0.045654066,2.0,-0.18764919,-5.4091215,-13.323633,-7.9145117,-5.0665803,-9.195454,-4.1288733,0.00968307,6.299801e-05,0.012395247,7.906753e-05,0.029737685,252.34683,8.548558,0.072385654,0.12983224,437145.516114834,2636635.4503435944
329,3,built_up,172,375,30003,0.1161,0.1199,0.1247,0.1551,0.164,0.1313,0.1585,0.1814,0.2006,0.1914,0.11934985,-0.25179324,0.1172372,0.07815727,0.084513955,0.13069999,0.1257,0.12735,0.13975,0.14945,0.15755,0.18145,0.1981,0.20855,0.17445001,0.17519371,-0.24786763,0.06948703,0.17270926,0.03664836,0.1034,0.11235,0.11265,0.1306,0.1653,0.16084999,0.17355,0.18564999,0.21290001,0.1877,0.2127875,-0.30914584,0.10182408,0.17407055,0.08066379,0.0756,0.0976,0.1138,0.1304,0.1624,0.1469,0.1657,0.1857,0.1989,0.1942,0.18568808,-0.34165144,0.091058426,0.17494407,0.12888063,0.2127875,0.11934985,0.09343764,0.034010746,2.0,-0.24786763,-3.6340003,-15.002639,-11.368639,-4.0596757,-14.445345,-10.38567,0.0081946375,8.6993205e-05,0.007334257,5.500455e-05,0.035476208,272.53293,9.204186,-0.1487234,-0.058876254,437517.27567701996,2636555.3393863533
330,3,built_up,128,284,20003,0.1187,0.1143,0.1393,0.148,0.1716,0.1646,0.1973,0.2091,0.2157,0.1981,0.17231083,-0.3072718,0.044551946,0.17110002,0.05812217,0.1288,0.1392,0.1401,0.17175001,0.2,0.20680001,0.20705,0.20265001,0.24015,0.20895,0.19285554,-0.2661124,0.07401595,0.082531825,0.062002435,0.06855,0.0919,0.0822,0.1236,0.2122,0.2478,0.2758,0.2855,0.2182,0.14385,0.5382376,-0.40263322,-0.10751698,0.38783917,-0.059463184,0.1224,0.1326,0.128,0.1586,0.1682,0.1862,0.1835,0.2159,0.2033,0.1838,0.17816956,-0.21047868,0.05118909,0.15300359,0.039861854,0.5382376,0.17231083,0.36592674,0.1548209,2.0,-0.21047868,-5.83835,-11.330055,-5.4917054,-4.278428,-10.9451275,-6.6666994,0.0,0.00038898466,0.034761116,0.00042592525,0.19839652,202.32272,4.340876,0.07180628,-0.023934318,435690.25252259074,2637438.715892577
331,3,built_up,170,378,30003,0.1304,0.1229,0.1326,0.1204,0.1291,0.1756,0.1788,0.1729,0.2254,0.1745,0.14836177,-0.29428566,0.11528917,0.17899702,0.073141366,0.1161,0.1273,0.1401,0.15005,0.16775,0.16284999,0.1661,0.1922,0.2156,0.18855,0.08491152,-0.25750875,0.12968268,0.12315524,0.115221694,0.108500004,0.125,0.117599994,0.128,0.15799999,0.16395,0.1648,0.2085,0.2099,0.17935,0.16713823,-0.25350773,0.12036264,0.23922661,0.09021289,0.1004,0.1042,0.1291,0.1065,0.1494,0.1696,0.1704,0.1806,0.1866,0.1727,0.13789603,-0.28335527,0.04537804,0.25809732,0.07655571,0.16713823,0.08491152,0.082226716,0.030528389,2.0,-0.25350773,-4.6387887,-15.30179,-10.663002,-6.189069,-12.093371,-5.9043026,0.004443007,2.1194464e-05,0.0066136597,4.1869425e-05,0.035187494,274.37006,3.845339,0.029269256,0.060339183,437569.8823208394,2636580.586669041
332,3,built_up,249,309,30002,0.1423,0.1617,0.1538,0.1637,0.1893,0.173,0.2049,0.2452,0.2414,0.215,0.14245848,-0.1977172,0.081783384,0.19931473,0.06465513,0.12905,0.14225,0.15490001,0.15075,0.19045,0.1943,0.19875,0.22049999,0.23315,0.21090001,0.12399225,-0.24214107,0.07964788,0.18787828,0.08416558,0.12465,0.120299995,0.12675,0.16455,0.18915,0.1791,0.20515001,0.2019,0.2331,0.2157,0.23621501,-0.31918415,0.06377621,0.10192358,0.043572735,0.1323,0.1307,0.1545,0.1674,0.2018,0.2053,0.2129,0.2112,0.2539,0.2068,0.1589544,-0.32033193,0.08783185,0.11568906,0.083864,0.23621501,0.12399225,0.11222276,0.042711902,2.0,-0.1977172,-1.3787984,-14.168261,-12.789462,-7.138527,-14.247444,-7.108917,0.011109404,0.00011272563,0.011352375,9.607998e-05,0.037074324,222.10033,0.90428054,-0.00020908086,-0.015780633,436191.8609702791,2635004.9520773184
333,3,built_up,163,377,30003,0.1113,0.105,0.1257,0.1493,0.1434,0.1782,0.1663,0.1756,0.1859,0.1876,0.13904062,-0.2781015,0.055650048,0.08094777,0.05770528,0.11995,0.11625,0.1322,0.13785,0.1637,0.17995,0.1767,0.1795,0.2154,0.19545001,0.14405908,-0.29895884,0.09869906,0.13124268,0.07908407,0.1274,0.1337,0.1234,0.14015001,0.16275,0.1701,0.161,0.16845,0.20539999,0.17095,0.13220768,-0.2114414,0.12117868,0.09170413,0.06545679,0.1103,0.1171,0.1224,0.1151,0.1578,0.1564,0.1811,0.1825,0.1954,0.167,0.19340956,-0.25055918,0.037981313,0.22647776,0.04333545,0.19340956,0.13220768,0.061201885,0.024173142,3.0,-0.2114414,-7.024843,-11.232534,-4.207691,-5.755505,-14.809358,-9.053852,0.007569221,6.225584e-05,0.009513362,7.194034e-05,0.037410617,266.5705,2.1008797,-0.033041608,-0.015878871,437555.9048416206,2636723.6544881132
334,3,built_up,160,358,30003,0.1457,0.1738,0.1573,0.1878,0.217,0.2136,0.2408,0.2421,0.2694,0.24,0.20974576,-0.21570347,0.05605635,0.12630814,0.049434267,0.16655,0.15314999,0.1754,0.19595,0.21355,0.22005,0.23695001,0.25785,0.27925,0.25365,0.14926605,-0.29162747,0.08194479,0.13640338,0.059604853,0.1501,0.1606,0.1592,0.20875001,0.2061,0.231,0.23615,0.268,0.28285,0.24745,0.19463716,-0.27567866,0.08998056,0.124278694,0.0673668,0.1293,0.1521,0.1569,0.1887,0.1886,0.2086,0.2262,0.2521,0.2972,0.242,0.18089223,-0.32294607,0.13565123,0.14382903,0.12178842,0.20974576,0.14926605,0.060479715,0.022313489,0.0,-0.21570347,-6.73786,-13.214347,-6.4764867,-3.1323092,-10.596575,-7.464266,0.0074197263,5.242096e-05,0.010661952,8.396766e-05,0.03511625,260.30472,2.1635768,-0.023030566,-0.02991403,437176.1544038682,2636788.9805702255
335,3,built_up,165,354,30003,0.1468,0.1401,0.1712,0.192,0.193,0.2112,0.2115,0.2495,0.2372,0.2553,0.10530412,-0.2573542,0.057276454,0.13023753,0.06534489,0.15540001,0.15485,0.16804999,0.17295,0.2101,0.20015001,0.22235,0.2137,0.25779998,0.2297,0.13908778,-0.24948438,0.0738309,0.10539219,0.059855536,0.14675,0.1482,0.14175001,0.1857,0.1926,0.21059999,0.2234,0.23565,0.26275,0.23655,0.22360608,-0.27874365,0.08094193,0.118547246,0.04434256,0.1079,0.1345,0.1337,0.1758,0.2117,0.1837,0.2075,0.2308,0.2384,0.2516,0.21629478,-0.2786262,0.069297895,0.13526776,0.08247259,0.22360608,0.10530412,0.11830196,0.050381877,2.0,-0.24948438,-6.2522545,-12.235251,-5.982997,-1.9385744,-11.592044,-9.653469,0.0062151053,6.3576124e-05,0.013566291,9.388271e-05,0.034012794,253.70322,2.8649306,0.044028882,0.023656314,437081.5169442927,2636687.5619881945
336,3,built_up,220,357,30002,0.1568,0.1476,0.1478,0.1496,0.1862,0.1892,0.218,0.205,0.2617,0.2172,0.19190761,-0.27876797,0.09109843,0.15623192,0.044243228,0.14365,0.1469,0.15169999,0.16319999,0.1947,0.1931,0.20539999,0.22435,0.25515,0.22825,0.15037763,-0.26924443,0.10802279,0.15778571,0.07646503,0.1337,0.1354,0.1637,0.1592,0.1967,0.1942,0.201,0.2141,0.2561,0.2187,0.102275565,-0.3083006,0.12054227,0.14706631,0.11278977,0.1171,0.1162,0.1631,0.1485,0.192,0.2227,0.2323,0.2271,0.2464,0.2279,0.17501219,-0.35907236,0.029454712,0.20926464,0.07919349,0.19190761,0.102275565,0.08963205,0.033778124,0.0,-0.26924443,-4.8842835,-13.029224,-8.144941,-4.541231,-6.841769,-2.300538,0.013492083,0.00016080865,0.015311676,0.00013649705,0.041913424,273.16473,6.8036547,0.116027884,-0.023917215,437149.3559499644,2635586.918009776
337,3,built_up,218,350,30002,0.1601,0.1339,0.141,0.1694,0.1839,0.2167,0.1882,0.2159,0.2268,0.2028,0.14337742,-0.257554,0.09301182,0.120684855,0.02723082,0.1239,0.14855,0.14570001,0.16485,0.18990001,0.1789,0.19545001,0.18975,0.2358,0.21825,0.14582984,-0.22700602,0.09356497,0.07021978,0.088677905,0.1271,0.1082,0.1323,0.1445,0.1785,0.1757,0.1958,0.2367,0.2212,0.2047,0.19353795,-0.34304693,0.06091112,0.24186713,0.045239452,0.1359,0.1477,0.1186,0.1636,0.1525,0.2187,0.2101,0.2135,0.2207,0.2102,0.27836844,-0.19815364,0.02460533,0.13232528,-0.009776739,0.27836844,0.14337742,0.13499102,0.054648552,3.0,-0.19815364,-4.6322374,-11.422884,-6.7906466,-2.8388212,-10.613264,-7.7744427,0.010559611,9.972876e-05,0.026932415,0.00019402827,0.050388984,258.33206,4.276594,0.033206876,-0.06676968,437011.32844639337,2635626.204700505
338,3,built_up,221,347,30002,0.1265,0.1229,0.1294,0.1546,0.1422,0.1598,0.1922,0.171,0.1547,0.172,0.19527303,-0.11455288,-0.108100034,0.050368425,-0.05739874,0.10235,0.11255,0.109850004,0.14655,0.1516,0.1486,0.17495,0.1712,0.19245,0.18245,0.22858065,-0.26196635,0.047631875,0.07757649,0.043133132,0.104,0.0973,0.0953,0.1291,0.1349,0.1646,0.1443,0.1683,0.1888,0.1839,0.20450667,-0.31981713,0.13359313,0.1318086,0.06724253,0.1144,0.1179,0.1248,0.1595,0.135,0.1449,0.1454,0.1585,0.204,0.1596,0.076239556,-0.26747352,0.1677156,-0.0031446503,0.11722707,0.22858065,0.076239556,0.1523411,0.058950957,1.0,-0.11455288,-6.122342,-11.458092,-5.3357496,-9.367173,-13.098977,-3.731804,0.014345469,0.0002288689,0.019997096,0.00019655439,0.06495976,257.5001,4.2079897,0.070981994,-0.018595159,436943.81289201725,2635578.267642435
339,3,built_up,144,352,30003,0.1035,0.1404,0.1161,0.1559,0.1556,0.1641,0.1712,0.1851,0.2094,0.1867,0.19178495,-0.19725499,0.100367546,0.085630246,0.0846383,0.12185,0.133,0.13325,0.13624999,0.1768,0.17210001,0.181,0.189,0.19604999,0.18795,0.15194859,-0.19161159,0.03991501,0.16218247,0.041841235,0.1261,0.1398,0.13010001,0.1529,0.1604,0.1611,0.17074999,0.1749,0.20245,0.18994999,0.13511665,-0.18305282,0.08494086,0.06711389,0.05672063,0.085,0.1158,0.122,0.1586,0.1524,0.1598,0.127,0.1742,0.1979,0.1808,0.02008025,-0.26171416,0.2182203,0.046874844,0.20285726,0.19178495,0.02008025,0.1717047,0.063829206,0.0,-0.18305282,-3.8084092,-10.838646,-7.0302367,-7.1487694,-8.617937,-1.4691677,0.0068027508,4.1669795e-05,0.010479311,6.2928695e-05,0.037453786,250.24843,4.0544667,0.038584176,-0.059248824,437056.7278700732,2637113.7769106044
340,3,built_up,223,356,30002,0.1434,0.144,0.16,0.163,0.1642,0.1939,0.1981,0.2194,0.224,0.2076,0.106394574,-0.21739075,0.061359733,0.14748915,0.058580235,0.12625,0.1193,0.13385001,0.16499999,0.1556,0.187,0.20629999,0.18,0.2175,0.21450001,0.21299358,-0.29156682,0.026427522,0.04347818,0.027489388,0.1172,0.13,0.1091,0.1663,0.1575,0.1958,0.1909,0.2031,0.231,0.2228,0.27266574,-0.27977765,0.095046006,0.09962073,0.049367413,0.1131,0.1003,0.1457,0.1397,0.1596,0.1763,0.2099,0.2179,0.2157,0.2223,0.18053946,-0.36518872,0.013627773,0.21867947,0.056107447,0.27266574,0.106394574,0.16627117,0.06000427,2.0,-0.21739075,-5.459132,-12.231712,-6.77258,-5.18236,-7.517397,-2.3350368,0.014591616,0.00030909674,0.018124873,0.00018483387,0.050808568,277.335,5.9215593,0.072644696,-0.07325395,437120.2507625208,2635539.14937337
342,3,built_up,218,345,30002,0.1409,0.1308,0.1372,0.13,0.173,0.1984,0.1811,0.1879,0.1948,0.1889,0.13791975,-0.19655962,0.03644579,0.1821322,0.015290526,0.119049996,0.1329,0.13035,0.13485,0.15349999,0.17315,0.18509999,0.19604999,0.2147,0.1793,0.17356102,-0.23532729,0.07403685,0.18494956,0.06300051,0.0953,0.1038,0.1046,0.1243,0.1485,0.1581,0.1887,0.1882,0.2118,0.1925,0.28673616,-0.34220424,0.057677727,0.20447932,0.053963907,0.0862,0.1309,0.1191,0.1173,0.1648,0.1636,0.1691,0.2167,0.1858,0.1699,0.17349005,-0.17334965,0.04705537,0.2976039,0.08853966,0.28673616,0.13791975,0.1488164,0.056077607,2.0,-0.17334965,-1.5973029,-15.9057865,-14.308483,-2.2152998,-13.102683,-10.887383,0.014901206,0.00010834387,0.021659914,0.0001703804,0.05441506,252.79349,5.777235,0.02976755,-0.09615887,436913.6181826961,2635632.047611935
343,3,built_up,167,308,30003,0.1123,0.1241,0.1438,0.1797,0.1815,0.181,0.2064,0.2224,0.2092,0.2121,0.17875448,-0.25532475,0.0067372015,0.1061922,0.051064342,0.1379,0.1567,0.15290001,0.1672,0.18744999,0.1981,0.2051,0.2073,0.23295,0.2087,0.1458096,-0.19568793,0.06357708,0.10707583,0.058791187,0.12635,0.13295,0.16595,0.16695,0.18335,0.19465,0.19735,0.22425,0.23865,0.22585,0.08642969,-0.2844449,0.09472455,0.14647202,0.11108042,0.1328,0.1247,0.1373,0.179,0.1604,0.1795,0.1942,0.2062,0.2277,0.2117,0.17164351,-0.29228064,0.07940252,0.070612475,0.054913238,0.17875448,0.08642969,0.092324786,0.03632712,0.0,-0.19568793,-4.812594,-13.394608,-8.582014,-0.74037296,-8.948459,-8.208086,0.010248637,5.7734163e-05,0.04194723,0.00021385924,0.10368587,202.89517,11.82678,0.034504138,-0.20202827,436170.31020804046,2636647.5030518835
344,3,built_up,221,342,30002,0.1176,0.1098,0.1104,0.1383,0.1368,0.1581,0.1656,0.1765,0.1847,0.1777,0.19999929,-0.2543285,0.05452452,0.121346466,0.020577531,0.1169,0.11765,0.10885,0.1448,0.14140001,0.13755,0.15265,0.18075,0.20855,0.16874999,0.16749455,-0.27866253,0.1547615,0.110428125,0.08152301,0.1045,0.0974,0.1131,0.1061,0.1275,0.1511,0.1381,0.1796,0.2097,0.1536,0.09952189,-0.36567774,0.20586485,0.25726196,0.14184625,0.113,0.1023,0.1022,0.1324,0.1384,0.1425,0.1429,0.1719,0.1884,0.1535,0.16605401,-0.29618058,0.13733731,0.12980567,0.06349487,0.19999929,0.09952189,0.1004774,0.03653203,0.0,-0.2543285,-4.078775,-12.74547,-8.666695,-6.942758,-13.575794,-6.633036,0.015512419,0.0001587967,0.014438524,0.0001663942,0.056418277,253.13783,11.397811,0.17809272,-0.08565397,436855.55148690793,2635564.8256235053
345,3,built_up,170,375,30003,0.1144,0.1137,0.1261,0.1438,0.1491,0.1652,0.1897,0.1793,0.1968,0.1925,0.20139265,-0.26763195,0.018369902,0.10987273,0.029983988,0.1223,0.12370001,0.14095,0.14359999,0.1527,0.1934,0.1673,0.18495,0.2059,0.18035,0.0854823,-0.2493924,0.10342951,0.12585567,0.08995188,0.1083,0.11399999,0.13444999,0.1408,0.15765,0.17065,0.16925,0.1691,0.20465,0.1868,0.11458642,-0.2844805,0.09467747,0.091319494,0.09981338,0.0926,0.0881,0.1209,0.1307,0.1162,0.1666,0.1586,0.1779,0.2235,0.1916,0.13488324,-0.43453002,0.16985036,0.15294828,0.15648054,0.20139265,0.0854823,0.11591035,0.04264204,0.0,-0.2493924,-4.2259274,-12.1395645,-7.913637,-4.573061,-11.630643,-7.057582,0.007025409,6.965255e-05,0.007905525,5.1651303e-05,0.036169626,275.98636,1.024107,-0.014428702,-0.010547975,437513.6385002082,2636589.9638510984
346,3,built_up,165,371,30003,0.131,0.1245,0.1366,0.1492,0.1614,0.1813,0.1794,0.1944,0.2145,0.1902,0.1354426,-0.26548594,0.08910868,0.1315479,0.061526723,0.1348,0.139,0.14685,0.1638,0.17605,0.17885,0.17969999,0.207,0.2213,0.19745,0.100596786,-0.22842014,0.10374043,0.116504535,0.078590706,0.118599996,0.12195,0.13894999,0.14485,0.16125,0.1685,0.19375,0.1963,0.2069,0.1967,0.16471247,-0.25832367,0.0328216,0.15081298,0.05089633,0.0997,0.1313,0.1389,0.1395,0.1433,0.1551,0.1849,0.1974,0.2322,0.1738,0.14206257,-0.2775783,0.11340177,0.17186056,0.13191992,0.16471247,0.100596786,0.06411569,0.022991888,2.0,-0.22842014,-6.1119947,-9.863371,-3.7513762,-3.5379543,-9.880838,-6.342884,0.0057269065,4.81009e-05,0.011102193,6.6614375e-05,0.037760865,268.2172,4.46036,0.067886084,-0.037941445,437432.149246495,2636697.103539812
347,3,built_up,140,270,20003,0.0924,0.1073,0.1323,0.1414,0.1556,0.1592,0.1632,0.1785,0.2355,0.2091,0.10456817,-0.37397787,0.18133886,0.11597339,0.17998046,0.13255,0.1433,0.14795001,0.1534,0.1758,0.17645,0.16955,0.2017,0.2238,0.2147,0.06803126,-0.21928571,0.13791753,0.13601762,0.103361115,0.121,0.1345,0.151,0.1651,0.1624,0.1903,0.18,0.1877,0.2079,0.2124,0.08761307,-0.21436854,0.07192556,0.064058796,0.08774045,0.1164,0.111,0.1099,0.1344,0.1389,0.1709,0.1842,0.2105,0.2154,0.2035,0.25263432,-0.31985193,0.07807786,0.22064303,0.039463088,0.25263432,0.06803126,0.18460307,0.07298962,3.0,-0.21436854,-5.9076962,-12.311779,-6.404083,-5.2315035,-11.205655,-5.9741516,0.00883725,9.869918e-05,0.019851914,0.00017242462,0.073396124,208.23889,12.743658,-0.028118445,0.21879001,435405.1914608633,2637188.0961474986
348,3,built_up,139,348,30003,0.1017,0.1157,0.1117,0.1471,0.1301,0.17,0.1593,0.1544,0.1917,0.1746,0.1756451,-0.24723406,0.09230741,0.024212204,0.07512385,0.118149996,0.13075,0.13255,0.13775,0.15630001,0.18105,0.16235,0.17005,0.191,0.1636,0.10105085,-0.1872566,0.081080854,0.10493791,0.071268804,0.1117,0.1,0.1085,0.148,0.1682,0.1632,0.1561,0.1648,0.2167,0.1855,0.17989352,-0.36848634,0.1625532,0.05370827,0.09679577,0.1152,0.1023,0.1092,0.1414,0.1344,0.1397,0.1533,0.1441,0.2124,0.1941,0.16799937,-0.34985587,0.16160743,0.009457063,0.08998462,0.17989352,0.10105085,0.07884268,0.03209415,2.0,-0.1872566,-6.187396,-12.779132,-6.591736,-8.131331,-7.8346486,0.29668283,0.049664393,0.0012359776,0.054041315,0.0007264023,0.19250023,240.98975,0.72486544,-0.010736295,0.0066916756,436964.11689464696,2637209.7870538826
349,2,cropland,152,385,30003,0.1156,0.1235,0.1299,0.146,0.1574,0.1745,0.1583,0.1561,0.2147,0.1975,0.09854235,-0.2696621,0.15120603,0.03343255,0.11430861,0.1344,0.13045,0.12855001,0.1613,0.18535,0.17095,0.1902,0.18445,0.21939999,0.2047,0.19341111,-0.25425106,0.07128886,0.066955686,0.03471856,0.12404999,0.12715,0.146,0.1426,0.1677,0.18715,0.19569999,0.18834999,0.22205001,0.19425,0.14544877,-0.27176327,0.0630759,0.13823797,0.07022384,0.1119,0.1161,0.1226,0.149,0.178,0.1576,0.1802,0.1702,0.2176,0.1901,0.19022393,-0.3041645,0.09401687,0.06641583,0.07607135,0.19341111,0.09854235,0.094868764,0.038666174,1.0,-0.25425106,-4.637015,-10.894804,-6.257789,-2.6937983,-14.59834,-11.904542,0.012749483,0.000202919,0.017313771,0.00015576134,0.08802972,287.29327,7.483035,-0.08610046,-0.097710006,437700.1614627604,2636943.1617882317
350,3,built_up,111,308,30003,0.0983,0.1008,0.1228,0.1359,0.1812,0.1606,0.1874,0.1948,0.2261,0.1739,0.20825206,-0.38329643,0.093591064,0.17810649,0.09959013,0.12925,0.1105,0.124350004,0.1627,0.17664999,0.1861,0.17915,0.2042,0.23075,0.18855,0.18055952,-0.3523799,0.12588404,0.11310954,0.07038422,0.06855,0.0919,0.0822,0.1236,0.2122,0.2478,0.2758,0.2855,0.2182,0.14385,0.5382376,-0.40263322,-0.10751698,0.38783917,-0.059463184,0.1093,0.133,0.1221,0.1665,0.1541,0.1938,0.184,0.2087,0.2323,0.1801,0.20222081,-0.27183062,0.11602181,0.11247304,0.094333656,0.5382376,0.18055952,0.35767806,0.14811392,2.0,-0.27183062,1.1234698,-9.91701,-11.04048,-8.125925,-15.59676,-7.4708347,0.0,0.0,0.014945265,8.911645e-05,0.08768558,203.4355,3.0171208,-0.050217092,-0.015767667,436176.25814802694,2637771.7604070916
351,3,built_up,161,326,30003,0.0945,0.1315,0.1252,0.143,0.1679,0.152,0.1962,0.1834,0.1988,0.1652,0.22090782,-0.20375352,0.00658226,0.12377412,0.054172702,0.12100001,0.12584999,0.1435,0.15515,0.178,0.17535001,0.19319999,0.19745,0.20225,0.1936,0.14760868,-0.23285516,0.02288529,0.119965635,0.04780661,0.13190001,0.1398,0.1391,0.1536,0.17305,0.1726,0.17320001,0.19125,0.19975,0.19205,0.109189555,-0.17655669,0.07118896,0.10917755,0.05241081,0.101,0.1188,0.1288,0.1355,0.1542,0.1723,0.1941,0.187,0.2204,0.1988,0.20222917,-0.2995274,0.06344978,0.15968944,0.08396698,0.22090782,0.109189555,0.11171827,0.04424253,0.0,-0.17655669,-5.9521694,-8.740006,-2.787837,-8.579361,-11.077397,-2.4980364,0.01366179,0.000120139994,0.011914525,0.000100911,0.043004606,226.51474,2.3079362,0.025384579,0.03126198,436530.89293493784,2636775.9729104396
352,3,built_up,136,278,20003,0.125,0.0979,0.1258,0.1571,0.1822,0.1893,0.2183,0.2046,0.2331,0.2394,0.2688164,-0.40845793,0.032786805,0.13132393,0.022215897,0.14185,0.14175001,0.1309,0.17355001,0.18439999,0.2073,0.20985,0.20645,0.2402,0.19895,0.23169412,-0.25775552,0.0674368,0.08657869,0.02684003,0.1095,0.1623,0.1458,0.1727,0.1824,0.1919,0.1971,0.2302,0.2486,0.2117,0.14960589,-0.21002625,0.115548335,0.14271493,0.12524946,0.1227,0.1278,0.1084,0.1595,0.1688,0.2019,0.1789,0.1976,0.2489,0.1956,0.24538724,-0.32147512,0.16362746,0.10669251,0.08453466,0.2688164,0.14960589,0.11921053,0.044887487,0.0,-0.21002625,-6.0425835,-11.81701,-5.7744265,-2.8383205,-12.680267,-9.841947,0.015352253,0.00023729952,0.021804675,0.00022950629,0.046068203,195.67369,2.7899582,-0.043581538,0.021676663,435567.77617605875,2637263.3581698765
353,3,built_up,133,280,20003,0.1142,0.123,0.146,0.1473,0.1812,0.1984,0.1873,0.2014,0.2559,0.2471,0.123912014,-0.35075125,0.15478304,0.15514722,0.14273508,0.1454,0.15740001,0.1534,0.18055001,0.1948,0.1972,0.20934999,0.2174,0.2441,0.22839999,0.15423799,-0.21593966,0.07663455,0.09259932,0.05682948,0.1542,0.1463,0.1571,0.1644,0.2077,0.1929,0.247,0.2183,0.2582,0.2124,0.22246909,-0.2766371,0.022169387,0.14084102,0.017268827,0.126,0.1402,0.1274,0.1795,0.1776,0.2079,0.2199,0.2164,0.2526,0.2303,0.26633957,-0.28614998,0.06920623,0.09320511,0.046976097,0.26633957,0.123912014,0.14242756,0.05593838,3.0,-0.21593966,-6.308758,-12.86372,-6.554962,-6.4225,-8.020838,-1.5983377,0.013686037,0.00018334272,0.016044006,0.00017768581,0.050797388,199.42717,4.5567374,-0.07888966,-0.009387687,435615.05359415547,2637328.1342020547
354,3,built_up,162,376,30003,0.0887,0.1114,0.1203,0.1456,0.1825,0.1539,0.1651,0.1794,0.1934,0.1574,0.15697208,-0.26902795,0.07893981,0.10399965,0.1055505,0.124400005,0.1259,0.12979999,0.15195,0.17805001,0.16725,0.1813,0.1847,0.21355,0.1925,0.16554111,-0.25821105,0.08167638,0.09728173,0.05800775,0.1222,0.14675,0.114599995,0.13565001,0.1698,0.18035,0.17535001,0.1891,0.20345,0.1793,0.2095182,-0.16190699,0.074181385,0.16458759,0.03330075,0.1007,0.1031,0.1284,0.1255,0.1503,0.1547,0.1644,0.1803,0.2019,0.1963,0.12295038,-0.32393336,0.102374844,0.17920151,0.10950603,0.2095182,0.12295038,0.08656781,0.03085646,2.0,-0.16190699,-7.6016645,-12.350275,-4.7486105,-6.4130607,-10.82379,-4.410729,0.010366278,7.2839146e-05,0.010805291,8.0019854e-05,0.04071825,267.4025,4.5525985,-0.07710004,-0.018864168,437522.04769216105,2636755.211286531
355,3,built_up,159,315,30003,0.1244,0.134,0.1022,0.159,0.1824,0.1933,0.1789,0.1964,0.1885,0.197,0.27285564,-0.16899171,0.026129484,0.10523326,-0.021212043,0.1321,0.13265,0.1352,0.15675,0.15905,0.1861,0.1737,0.19479999,0.2228,0.18745,0.12463543,-0.25362143,0.123833224,0.108234644,0.078637965,0.14115,0.1341,0.1479,0.1515,0.16600001,0.17785,0.18575001,0.19420001,0.2271,0.19825,0.11344191,-0.25747433,0.10015717,0.12351715,0.068528175,0.096,0.1314,0.1503,0.1634,0.1763,0.164,0.1776,0.2019,0.2067,0.2239,0.08325683,-0.22271447,0.0757219,0.10539257,0.13225481,0.27285564,0.08325683,0.1895988,0.07334776,0.0,-0.16899171,-8.456334,-11.830988,-3.3746538,-2.7069767,-16.862019,-14.155042,0.010148551,8.360352e-05,0.01154549,9.7617e-05,0.03991055,212.56723,1.8283,-0.022013612,-0.023093158,436311.0542640945,2636814.8311836454
356,3,built_up,127,268,20003,0.1058,0.0896,0.1272,0.1402,0.1705,0.1548,0.2039,0.2138,0.2018,0.1953,0.23165134,-0.3850364,-0.0051762033,0.20790899,0.030217556,0.12335,0.12815,0.1344,0.16785,0.17485,0.18814999,0.20485,0.20660001,0.23730001,0.19965,0.20766337,-0.29867205,0.07339123,0.10348485,0.06215161,0.1465,0.1154,0.1458,0.1681,0.1752,0.1824,0.2122,0.2124,0.1996,0.1909,0.18547437,-0.26730072,-0.030597314,0.116425455,-0.018889379,0.0847,0.1276,0.1209,0.1263,0.1519,0.1755,0.1556,0.1957,0.211,0.2054,0.12549683,-0.2463076,0.15111798,0.21552725,0.1600836,0.23165134,0.12549683,0.1061545,0.039383933,0.0,-0.2463076,-4.9772243,-11.937287,-6.960063,-7.1682696,-9.927748,-2.759478,0.0140315825,0.0001469938,0.048605297,0.0003434742,0.13342343,202.44359,3.1395977,0.027169487,0.04755472,435378.2405343209,2637447.4187860386
357,3,built_up,194,260,20003,0.1139,0.1159,0.1235,0.1405,0.1557,0.1596,0.1927,0.2061,0.2192,0.2134,0.21884814,-0.30826527,0.06433585,0.18926664,0.05559825,0.1272,0.12625,0.1433,0.1454,0.17355001,0.1759,0.16915,0.2056,0.22905001,0.19525,0.08273297,-0.28933215,0.15042658,0.17150944,0.1136532,0.1353,0.1424,0.1513,0.1591,0.1597,0.1717,0.1674,0.1905,0.2159,0.1799,0.050517578,-0.20513481,0.1265324,0.0898167,0.09628293,0.1279,0.129,0.1326,0.1431,0.1676,0.1985,0.1918,0.1637,0.2092,0.2003,0.18249018,-0.2371371,0.043391403,0.06714451,0.033408828,0.21884814,0.050517578,0.16833057,0.069187485,0.0,-0.20513481,-2.1941137,-12.706894,-10.51278,-3.5559297,-8.77249,-5.21656,0.017056897,0.00023615726,0.05203715,0.00048979564,0.1674252,183.6853,11.889188,-0.1899724,-0.0797153,435208.4446853338,2636109.835320815
358,3,built_up,155,340,30003,0.1433,0.1595,0.1724,0.1972,0.2072,0.2279,0.2369,0.2465,0.2834,0.2421,0.15758574,-0.27974647,0.08937133,0.11111085,0.09043051,0.16014999,0.1683,0.16085,0.19,0.22405,0.218,0.2437,0.24925,0.2787,0.2547,0.20479491,-0.24697928,0.06699833,0.1348887,0.04232861,0.136,0.1538,0.17035,0.18259999,0.21535,0.2217,0.2478,0.2542,0.28065002,0.25105,0.18522014,-0.2919777,0.06216286,0.16391908,0.08049826,0.1466,0.1522,0.1815,0.1923,0.2076,0.2102,0.2177,0.2506,0.3037,0.2276,0.090681136,-0.33230898,0.16494022,0.13163213,0.14231881,0.20479491,0.090681136,0.11411378,0.0431649,1.0,-0.24697928,-3.5131683,-10.009045,-6.4958763,-2.295095,-13.145411,-10.850315,0.007711956,7.814365e-05,0.010751546,8.8466935e-05,0.035343282,238.94278,3.0164235,0.014776351,0.05050501,436813.29249138426,2636888.223167598
359,3,built_up,158,348,30003,0.1312,0.1536,0.1339,0.17,0.17,0.1643,0.1928,0.2061,0.2241,0.2001,0.18028717,-0.18665554,0.075077765,0.095984854,0.04985327,0.12805,0.13690001,0.14045,0.1674,0.17985,0.17375,0.185,0.2065,0.21245,0.1976,0.13688697,-0.21625811,0.0690651,0.10457311,0.05983923,0.12990001,0.1223,0.14785,0.16745,0.1674,0.1834,0.19125,0.19330001,0.2198,0.21035,0.12798543,-0.28500354,0.0694561,0.0716561,0.06750861,0.0958,0.1156,0.1154,0.164,0.1775,0.1709,0.1904,0.1942,0.2268,0.1869,0.24525753,-0.3247654,0.08724809,0.084310174,0.08911507,0.24525753,0.12798543,0.117272094,0.046379115,3.0,-0.18665554,-3.9782681,-12.338779,-8.360512,-5.973992,-17.172232,-11.19824,0.007887009,5.6946188e-05,0.008871329,5.865418e-05,0.03255944,250.9034,4.0946097,0.064792216,-0.030007401,436971.9892123815,2636826.546007977
360,3,built_up,216,333,30002,0.1396,0.1274,0.1435,0.1402,0.1673,0.1689,0.177,0.2023,0.2141,0.1954,0.104523845,-0.25387922,0.09486041,0.1813133,0.060812738,0.11175,0.1233,0.12895,0.14765,0.16795,0.16444999,0.17445,0.20425,0.21445,0.19780001,0.14996654,-0.26987335,0.10285396,0.16084066,0.09085121,0.1171,0.1081,0.1329,0.1449,0.1507,0.1726,0.1654,0.188,0.1937,0.2156,0.10895035,-0.28363058,0.07880792,0.12946792,0.072401814,0.1185,0.114,0.1277,0.1444,0.155,0.1598,0.1847,0.1908,0.1975,0.2242,0.18245779,-0.26805693,0.03349025,0.13842438,0.035009515,0.18245779,0.104523845,0.077933945,0.031917557,3.0,-0.25387922,-7.544883,-12.013006,-4.4681234,-5.8321233,-10.627967,-4.7958436,0.016527403,0.00037096473,0.015364624,0.00024193512,0.066606484,238.03798,2.6558506,0.031965915,-0.0335451,436673.03714881977,2635677.0192806413
361,3,built_up,331,174,10001,0.1201,0.1514,0.1236,0.1876,0.2284,0.2654,0.2782,0.3055,0.2625,0.2049,0.38476756,-0.26842165,-0.029036405,0.23909909,-0.015553267,0.0999,0.1244,0.1374,0.15224999,0.2119,0.2428,0.2628,0.27245,0.25945002,0.2214,0.31334254,-0.3518293,-0.0064145196,0.28302267,0.044960774,0.0523,0.1107,0.11,0.1505,0.2356,0.2901,0.3043,0.3265,0.2295,0.1653,0.46898267,-0.3492053,-0.14012715,0.36897197,-0.02456541,0.11,0.1343,0.1433,0.1938,0.2489,0.2711,0.2589,0.2922,0.2675,0.2226,0.28741845,-0.3315074,0.016337406,0.20246871,0.053738557,0.46898267,0.28741845,0.18156421,0.07050356,2.0,-0.26842165,-13.469454,-21.671844,-8.202391,-9.396716,-21.616547,-12.2198305,0.04142763,0.00088756176,0.06035707,0.0005657841,0.18711393,261.90228,12.420131,0.1631247,0.14017518,433486.87885672326,2633371.0403888067
362,3,built_up,250,304,30002,0.1519,0.1441,0.1433,0.1679,0.1712,0.2128,0.2148,0.2317,0.2103,0.2044,0.19966434,-0.18679407,-0.010585723,0.15965927,-0.01818684,0.13185,0.14115,0.13255,0.15900001,0.17774999,0.19510001,0.20245,0.19240001,0.2177,0.20295,0.2086561,-0.21331975,0.036296465,0.0950481,0.023299934,0.1311,0.11,0.1273,0.15795,0.1712,0.1728,0.21485001,0.20635,0.228,0.20899999,0.2558812,-0.34911138,0.02969394,0.13285716,0.013333316,0.1551,0.1273,0.1157,0.1602,0.181,0.1983,0.2012,0.2099,0.2305,0.2105,0.26980034,-0.2884285,0.06787106,0.13428767,-0.014377214,0.26980034,0.19966434,0.070135996,0.029919488,3.0,-0.18679407,-6.3628206,-10.27321,-3.910389,-2.1179476,-13.272889,-11.154942,0.011729236,0.00014999943,0.013684267,9.48713e-05,0.038210105,225.21524,4.466043,0.015055648,0.076398894,436082.62558165815,2634990.379587107
363,3,built_up,170,370,30003,0.1056,0.1281,0.1319,0.1453,0.1597,0.167,0.1848,0.1929,0.2114,0.1754,0.16703452,-0.2453601,0.06713764,0.1407447,0.08347783,0.12905,0.14095,0.12285,0.12815,0.1514,0.1626,0.1829,0.1807,0.19804999,0.1541,0.19640161,-0.16843608,0.039768886,0.17014678,0.014142342,0.1039,0.11265,0.11535,0.13435,0.1449,0.1548,0.159,0.18259999,0.19714999,0.1692,0.15910274,-0.2727557,0.10711748,0.1522317,0.08620076,0.0994,0.1092,0.1113,0.129,0.1305,0.1239,0.1707,0.1552,0.2059,0.1662,0.21063754,-0.3068857,0.093467616,0.092188306,0.08019739,0.21063754,0.15910274,0.0515348,0.021030135,3.0,-0.16843608,-3.3657825,-16.073425,-12.707643,-8.64315,-12.208205,-3.565055,0.0057052365,3.7993126e-05,0.009704014,5.294015e-05,0.038167134,269.15976,8.036067,-0.06385405,-0.12436118,437412.7125077066,2636588.4455237887
364,3,built_up,164,344,30003,0.1287,0.1271,0.1263,0.1501,0.1643,0.1571,0.1904,0.2027,0.2245,0.1913,0.20239909,-0.27701855,0.08218827,0.14909257,0.0473204,0.1192,0.14054999,0.1264,0.15185,0.1685,0.17840001,0.188,0.19275,0.2239,0.19485,0.19592813,-0.2287002,0.08715689,0.118687995,0.06555127,0.109,0.12235,0.1362,0.1564,0.1686,0.1758,0.18425,0.1937,0.22505,0.1931,0.14994492,-0.29562378,0.09968215,0.1065407,0.103895925,0.1132,0.119,0.1157,0.1325,0.1716,0.1615,0.181,0.1836,0.2144,0.2154,0.22008686,-0.28614187,0.0844712,0.16165718,0.057504307,0.22008686,0.14994492,0.07014194,0.025889384,3.0,-0.2287002,-3.4543262,-12.572063,-9.117737,-11.519902,-8.423475,3.096427,0.008974659,7.680436e-05,0.012445186,7.913521e-05,0.036083885,244.5123,5.708234,-0.02557729,-0.09611784,436880.9629794143,2636711.9954072344
365,3,built_up,226,358,30002,0.1356,0.125,0.135,0.1755,0.2011,0.1913,0.2024,0.2318,0.2582,0.244,0.19976225,-0.34759822,0.121146046,0.138227,0.07549221,0.12075,0.14065,0.13745001,0.1566,0.17805001,0.2025,0.18975,0.21305001,0.2432,0.2062,0.15984055,-0.26716095,0.12345508,0.15271163,0.10149738,0.1265,0.1284,0.1252,0.181,0.1721,0.1844,0.1949,0.2121,0.2119,0.2209,0.21774377,-0.245371,0.041789446,0.07911454,0.02384205,0.1089,0.1318,0.1446,0.1674,0.1918,0.2012,0.2022,0.2136,0.2261,0.2265,0.16608946,-0.2634807,0.055801883,0.1212595,0.087415524,0.21774377,0.15984055,0.057903215,0.023862801,2.0,-0.245371,-5.527587,-10.808859,-5.281272,-2.7258058,-10.165832,-7.440026,0.018902777,0.0004226108,0.046124246,0.00049572665,0.16821235,283.99384,4.9344215,0.07919729,-0.033562664,437167.08778100414,2635475.1375650335
366,3,built_up,218,332,30002,0.1453,0.1401,0.1381,0.1508,0.1663,0.1867,0.1884,0.1847,0.2059,0.2022,0.15405773,-0.19017284,0.044382334,0.10104289,0.015198414,0.1042,0.1442,0.12605,0.15079999,0.16055,0.17765,0.185,0.18285,0.20725,0.1891,0.18951878,-0.17939912,0.056723874,0.096058495,0.070843235,0.1052,0.0903,0.1234,0.139,0.1617,0.1492,0.1649,0.1743,0.1823,0.2111,0.14394678,-0.33748958,0.05011505,0.1126712,0.061826926,0.0998,0.1115,0.125,0.1299,0.1677,0.1533,0.1944,0.1566,0.2229,0.1996,0.2172817,-0.33313295,0.06829604,0.09319341,0.0836317,0.2172817,0.14394678,0.07333492,0.029136088,3.0,-0.17939912,-3.9568686,-11.560955,-7.6040864,-3.8386312,-9.898476,-6.0598445,0.011260614,0.00020581303,0.013750125,0.00020396551,0.06735608,240.57716,5.9581065,0.0993122,-0.030195823,436649.0178576916,2635638.8543061833
367,3,built_up,132,228,20003,0.086,0.1058,0.1342,0.1434,0.17,0.2138,0.2466,0.2599,0.2223,0.206,0.29516727,-0.35507354,-0.051823325,0.28886613,0.03468287,0.1418,0.1547,0.15995,0.1731,0.21779999,0.23750001,0.234,0.27075,0.27445,0.22874999,0.18796752,-0.27903932,0.07955536,0.22000624,0.07232774,0.1468,0.1539,0.1583,0.1868,0.221,0.2194,0.257,0.2615,0.2678,0.2234,0.23765895,-0.2700966,0.020579236,0.1666291,0.02687068,0.1193,0.1196,0.1274,0.1643,0.1994,0.2228,0.2395,0.2515,0.2561,0.2238,0.305532,-0.36332083,0.03349468,0.20971574,0.033274893,0.305532,0.18796752,0.117564484,0.047304742,3.0,-0.2700966,-0.8666086,-16.438023,-15.571414,-1.9776644,-13.358029,-11.380365,0.03915899,0.0005672581,0.052189093,0.00036425746,0.23813842,321.8684,9.824524,0.060094107,0.15969886,434560.7650679576,2637350.7527710674
368,3,built_up,159,328,30003,0.1101,0.1238,0.1373,0.1579,0.1881,0.1827,0.1898,0.2073,0.2433,0.1993,0.16050087,-0.3255235,0.123527795,0.13526797,0.1185891,0.136,0.15915,0.1407,0.16585,0.18375,0.1841,0.19615,0.21225,0.2358,0.1979,0.16461286,-0.19407469,0.0917928,0.12271853,0.06258369,0.132,0.1495,0.1336,0.168,0.17750001,0.1853,0.19485,0.20955,0.23910001,0.21285,0.18648139,-0.23057072,0.10197006,0.11005134,0.06554205,0.1199,0.1328,0.1285,0.1622,0.174,0.1642,0.1917,0.1996,0.2199,0.2158,0.19737601,-0.24695137,0.068512954,0.10337172,0.05575749,0.19737601,0.16050087,0.036875144,0.015252093,3.0,-0.19407469,-6.4134007,-9.304327,-2.8909264,-4.3082385,-11.404887,-7.0966487,0.009251005,0.0001311229,0.013181616,0.00010228716,0.038300958,227.48735,4.4732556,-0.048351016,-0.061198074,436572.40108450985,2636800.094875947
369,3,built_up,190,265,20003,0.0644,0.0947,0.1171,0.149,0.1697,0.177,0.1761,0.2028,0.2409,0.2098,0.20122713,-0.43563637,0.1553953,0.15292735,0.19632377,0.114999995,0.1202,0.1325,0.16119999,0.1911,0.19215,0.21990001,0.21435,0.22725001,0.2092,0.24801296,-0.308101,0.016437395,0.14152543,0.03577333,0.0917,0.1206,0.1095,0.1294,0.1786,0.1815,0.1995,0.2157,0.2111,0.1887,0.2912612,-0.27283606,0.028251275,0.25007173,0.048054878,0.1085,0.1071,0.141,0.1328,0.1589,0.1828,0.1986,0.224,0.2461,0.1937,0.16961078,-0.3935436,0.106813334,0.25560465,0.11524037,0.2912612,0.16961078,0.12165041,0.046172757,2.0,-0.27283606,-4.605375,-16.06392,-11.458544,-6.2073226,-7.347411,-1.1400886,0.025698047,0.0003387708,0.041981805,0.00031080554,0.12994039,197.79353,4.6554756,0.044553347,0.067842424,435310.0233938711,2636192.420261526
370,3,built_up,126,273,20003,0.1157,0.1194,0.1384,0.1414,0.1827,0.2171,0.175,0.2126,0.2606,0.2214,0.11678327,-0.37157798,0.19651012,0.20112938,0.15702456,0.1459,0.15450001,0.14930001,0.16555,0.18195,0.1999,0.21235001,0.21779999,0.2514,0.21765,0.17433934,-0.23872812,0.08420463,0.13629806,0.05593244,0.15845,0.14855,0.16775,0.1573,0.19285,0.1986,0.2139,0.22985,0.24185,0.23725,0.120921984,-0.23898505,0.061327357,0.18739457,0.047637273,0.1144,0.1073,0.1571,0.1491,0.1834,0.1732,0.1858,0.2171,0.2465,0.2161,0.0836976,-0.3934415,0.14041142,0.18569033,0.14691657,0.17433934,0.0836976,0.09064174,0.032480266,1.0,-0.23872812,-6.430181,-12.303443,-5.873262,-6.4647818,-8.575986,-2.1112041,0.012261384,0.000102031794,0.042011347,0.0002977123,0.1243009,198.03683,3.5857236,0.044954512,0.043480728,435464.1566265673,2637460.6907992396
371,3,built_up,162,372,30003,0.1062,0.1492,0.1366,0.1558,0.1644,0.1651,0.1735,0.1662,0.2334,0.2203,0.118993476,-0.22007258,0.14721026,0.03229803,0.13898699,0.13815,0.13575,0.132,0.1503,0.18834999,0.1975,0.186,0.21125,0.22905001,0.19694999,0.16981079,-0.2557559,0.1037222,0.16857928,0.053852785,0.12575,0.13049999,0.1336,0.14975,0.17795,0.18965,0.1867,0.19549999,0.20515001,0.20324999,0.16578157,-0.22240368,0.04708424,0.13251227,0.040386934,0.1109,0.116,0.135,0.1058,0.1569,0.1818,0.1881,0.1751,0.2001,0.198,0.16434486,-0.2660542,0.030911846,0.24670611,0.056930996,0.16981079,0.118993476,0.05081731,0.020731088,1.0,-0.22007258,-7.1311226,-11.811402,-4.6802797,-4.931955,-13.959959,-9.028004,0.008848203,6.427053e-05,0.011998338,8.0497535e-05,0.042179644,265.4192,2.7668097,0.024013607,-0.041874252,437455.5413639584,2636745.5086542964
372,3,built_up,170,313,30003,0.1259,0.139,0.1394,0.1664,0.1758,0.1942,0.2134,0.1928,0.2539,0.1984,0.20974997,-0.29244006,0.08666787,0.07349645,0.073709965,0.14215,0.14055,0.13725,0.15204999,0.18135,0.1877,0.20030001,0.2138,0.23915,0.21195,0.18678658,-0.259678,0.08840574,0.16878459,0.047228105,0.13589999,0.1429,0.1297,0.15245,0.1774,0.2019,0.20109999,0.20675,0.22935,0.2186,0.21583968,-0.23223574,0.06562886,0.15116887,0.031678747,0.1,0.1307,0.1294,0.1722,0.1839,0.199,0.2082,0.2086,0.2458,0.2099,0.23341161,-0.30570966,0.08281922,0.09558799,0.09803907,0.23341161,0.18678658,0.046625033,0.016679,3.0,-0.23223574,-5.04331,-11.538905,-6.495595,-2.2143888,-11.497901,-9.283512,0.01062152,9.690144e-05,0.012537638,8.289134e-05,0.03786153,224.03001,5.941595,-0.045293856,-0.09307925,436262.3454043459,2636584.9183296245
373,3,built_up,245,302,30002,0.1283,0.1251,0.1266,0.1489,0.1867,0.1789,0.1852,0.1844,0.2309,0.2053,0.1879404,-0.29719016,0.10982909,0.10651034,0.065573715,0.09855001,0.1207,0.13194999,0.14925,0.1719,0.17140001,0.19440001,0.19605,0.2008,0.1944,0.19135845,-0.24914385,0.016194262,0.13553391,0.06360859,0.10395,0.1206,0.1283,0.144,0.1499,0.16165,0.178,0.1925,0.2035,0.19084999,0.16225871,-0.25578445,0.06684124,0.14413033,0.08122184,0.0987,0.0989,0.1351,0.1548,0.1725,0.1926,0.1845,0.1933,0.2144,0.1877,0.15456769,-0.36865506,0.07495594,0.11060007,0.10478885,0.19135845,0.15456769,0.03679076,0.01589905,1.0,-0.24914385,-3.189876,-12.129241,-8.939365,-5.824018,-10.777548,-4.95353,0.008175522,5.0002185e-05,0.014271528,9.165972e-05,0.030422673,228.64677,3.0344005,0.023015937,-0.047670078,436041.5824328535,2635091.6257067164
374,3,built_up,125,273,20003,0.1121,0.1226,0.1343,0.1581,0.1966,0.2116,0.2073,0.2455,0.2186,0.1918,0.21369964,-0.2813591,0.02653198,0.21655051,0.04982885,0.1365,0.16225,0.15185,0.17515,0.2052,0.20410001,0.21465,0.2221,0.2651,0.214,0.17135015,-0.24066868,0.10515871,0.118187234,0.08566579,0.15025,0.1636,0.15474999,0.18675,0.1969,0.2055,0.22815,0.2477,0.2539,0.2126,0.19169447,-0.2162869,0.053417575,0.14029202,0.03843459,0.1236,0.1335,0.1303,0.1534,0.207,0.2041,0.2066,0.2183,0.2617,0.2132,0.22647601,-0.3243919,0.11765939,0.17460269,0.08557179,0.22647601,0.17135015,0.055125862,0.021070493,3.0,-0.2162869,-8.702989,-12.298508,-3.595519,-1.9593967,-8.847797,-6.8884006,0.029059594,0.00030974147,0.045523718,0.00031332942,0.14540052,197.34647,3.479957,0.021024063,0.056942098,435465.30659054755,2637497.780231257
375,3,built_up,170,304,30003,0.1227,0.1425,0.1335,0.1559,0.1896,0.1952,0.217,0.2101,0.2586,0.2298,0.2382304,-0.28945327,0.08746828,0.14808701,0.071604155,0.15415,0.1603,0.15985,0.17745,0.19485,0.1897,0.2143,0.23144999,0.24525,0.22670001,0.14552948,-0.2094681,0.06734833,0.13206127,0.04737891,0.1476,0.17135,0.1566,0.1741,0.1961,0.21059999,0.23464999,0.22659999,0.2537,0.22675,0.19948828,-0.19374143,0.039008833,0.13102038,0.035392053,0.1449,0.1398,0.1201,0.1615,0.2019,0.1659,0.1975,0.2184,0.2489,0.2307,0.24370201,-0.28067845,0.11514309,0.14977583,0.037390966,0.24370201,0.14552948,0.09817253,0.03923376,3.0,-0.19374143,-4.264001,-11.169493,-6.905492,-2.5334792,-12.881151,-10.3476715,0.009787344,9.245606e-05,0.03080873,0.00016673861,0.092736006,203.79218,7.2591777,0.0953028,0.08296799,436083.0864544783,2636584.268955197
376,3,built_up,178,371,30003,0.1046,0.1289,0.128,0.1722,0.1607,0.1739,0.1689,0.1821,0.2109,0.203,0.13775632,-0.24131766,0.110584214,0.027942352,0.10679278,0.13075,0.13885,0.14515,0.1436,0.17655,0.1636,0.1736,0.1833,0.22555,0.19365,0.0892546,-0.23792468,0.13015121,0.121443495,0.09828884,0.1104,0.12615,0.117599994,0.1484,0.1589,0.17125,0.18744999,0.18245,0.22915,0.18935001,0.2289781,-0.28989503,0.100095786,0.10291642,0.075860895,0.0843,0.1044,0.1128,0.1318,0.1515,0.1682,0.1635,0.17,0.1983,0.1822,0.18349549,-0.31020707,0.09618548,0.12657347,0.113258004,0.2289781,0.0892546,0.1397235,0.051984712,2.0,-0.23792468,-4.8668723,-10.822281,-5.9554086,-2.9763427,-15.043892,-12.067549,0.008668711,0.00012662081,0.013256156,0.00013021166,0.054795533,244.39009,3.4300537,-0.048724238,0.03472139,437436.53271082096,2636439.891507374
377,3,built_up,142,279,20003,0.116,0.1308,0.1344,0.1703,0.1686,0.1805,0.1943,0.1805,0.2365,0.2307,0.18223247,-0.2877749,0.09795706,0.029076295,0.088960506,0.15779999,0.1478,0.15675,0.16635,0.1946,0.19335,0.1929,0.21835,0.25345,0.2212,0.10338883,-0.26330152,0.13565557,0.13516986,0.07819678,0.148,0.1313,0.1521,0.1666,0.1807,0.1994,0.2035,0.2137,0.2248,0.2181,0.14454404,-0.26256594,0.049731385,0.12384925,0.03487092,0.1245,0.1223,0.127,0.1629,0.1946,0.1795,0.1959,0.2174,0.2571,0.2104,0.21337806,-0.35529688,0.13509902,0.14330754,0.0904186,0.21337806,0.10338883,0.109989226,0.041182738,3.0,-0.26256594,-2.604902,-10.302018,-7.697116,-2.1533039,-14.04964,-11.896336,0.0073721274,0.00026883307,0.042337287,0.0003616909,0.09540231,197.85435,3.6926095,0.05798817,-0.028021311,435588.38424764154,2637140.792283882
378,3,built_up,177,337,30003,0.0713,0.1046,0.1298,0.1397,0.1838,0.2153,0.2393,0.2622,0.2685,0.217,0.29666674,-0.43929124,0.057502847,0.30480143,0.12371264,0.1175,0.1311,0.16045001,0.19105,0.2149,0.22655,0.22545001,0.2286,0.2905,0.24445,0.16843696,-0.37808257,0.12607782,0.08947912,0.13603708,0.09735,0.10485,0.113749996,0.1135,0.1891,0.22005,0.2247,0.24995,0.23805,0.1736,0.32781702,-0.38845026,0.028849196,0.3754289,0.04414921,0.0917,0.1124,0.103,0.1439,0.1872,0.2134,0.2314,0.2469,0.2598,0.2131,0.3839701,-0.39602256,0.05781745,0.26356125,0.057880078,0.3839701,0.16843696,0.21553315,0.07907465,3.0,-0.37808257,-10.721282,-15.688429,-4.967147,-14.201971,-17.186386,-2.984415,0.013928725,6.642077e-05,0.030426929,0.00014998877,0.1278722,233.75113,2.3751283,0.007096468,0.04082982,436757.4039534035,2636452.989204889
379,3,built_up,141,351,30003,0.1041,0.0986,0.0949,0.1355,0.1313,0.1519,0.1627,0.1664,0.1772,0.1498,0.26319772,-0.2849881,0.0426595,0.102351435,0.009834859,0.12045,0.12455,0.1242,0.1365,0.15405,0.16385001,0.1636,0.16705,0.18135,0.1804,0.13690013,-0.18568097,0.051456567,0.10064207,0.036465324,0.124,0.1332,0.1307,0.1222,0.1601,0.1599,0.1697,0.1571,0.1942,0.1745,0.12982641,-0.18631582,0.067325994,0.12495483,0.050436422,0.0971,0.0808,0.1131,0.1213,0.1395,0.1631,0.1416,0.1412,0.2011,0.164,0.1118959,-0.4267456,0.17362076,0.07580927,0.13655248,0.26319772,0.1118959,0.15130183,0.060014576,0.0,-0.18568097,-7.525191,-11.665693,-4.1405025,-6.250156,-12.01143,-5.761274,0.011520861,7.553615e-05,0.046815436,0.00059815974,0.16809693,244.65088,5.637369,0.068868935,-0.070047066,437028.19297257136,2637178.2932949145
380,3,built_up,130,279,20003,0.1088,0.1129,0.1391,0.1626,0.1954,0.2077,0.2059,0.2323,0.2409,0.238,0.19362262,-0.36178526,0.078334644,0.17649993,0.093997255,0.13839999,0.1682,0.17835,0.17195001,0.19354999,0.20175001,0.2291,0.24204999,0.25025,0.25095,0.12455485,-0.19608033,0.04412217,0.1693232,0.07674906,0.1538,0.1653,0.1688,0.1866,0.1893,0.2043,0.2287,0.2234,0.2591,0.2484,0.15069145,-0.22101738,0.06232048,0.08975587,0.05602164,0.1257,0.1425,0.1531,0.161,0.1734,0.2257,0.2185,0.2457,0.2608,0.2271,0.17599523,-0.29332933,0.08825351,0.2082611,0.091940254,0.19362262,0.12455485,0.06906777,0.026093202,0.0,-0.19608033,-5.791153,-11.427277,-5.6361237,-5.7848682,-11.473667,-5.688799,0.01446662,0.000292272,0.019885289,0.0002669808,0.115882926,200.6392,1.7138636,0.026867718,-0.013138507,435590.65096703364,2637396.4879290354
381,3,built_up,155,336,30003,0.1457,0.171,0.1613,0.154,0.1835,0.2181,0.2281,0.2325,0.2535,0.2323,0.17154552,-0.19434585,0.05274078,0.20310426,0.051990855,0.1568,0.15365,0.16475,0.17345,0.2013,0.2064,0.21755,0.22975,0.26655,0.2368,0.13811107,-0.26868096,0.10121857,0.13963263,0.07068814,0.16874999,0.16080001,0.17035,0.1758,0.20574999,0.21415001,0.2321,0.2457,0.26714998,0.22975,0.15343481,-0.24850969,0.070205145,0.16583592,0.043716773,0.1379,0.1428,0.1546,0.1716,0.1842,0.1853,0.2159,0.2151,0.2447,0.215,0.16545166,-0.26296705,0.062526986,0.11249002,0.060416836,0.17154552,0.13811107,0.03343445,0.012771366,0.0,-0.19434585,-2.0638237,-9.458585,-7.394761,-3.1219711,-12.46137,-9.339399,0.0059836246,5.5881523e-05,0.011456739,8.345461e-05,0.035278767,242.92563,1.8344755,0.0288067,-0.013962557,436721.90291609155,2636897.3219234054
382,3,built_up,184,314,30003,0.1219,0.1218,0.1215,0.1789,0.1911,0.2275,0.2245,0.2467,0.2692,0.2073,0.29768696,-0.3769811,0.090540625,0.15930414,0.0601003,0.12705,0.1311,0.16194999,0.16735,0.20115,0.22165,0.23495,0.23550001,0.25489998,0.22534999,0.18392499,-0.32072452,0.040726613,0.16916928,0.07042424,0.116799995,0.1286,0.114,0.15110001,0.21245,0.2158,0.2353,0.2473,0.23934999,0.20825,0.34726498,-0.30099112,0.008532557,0.24146521,0.0017718722,0.1159,0.121,0.15,0.1571,0.2053,0.2128,0.2095,0.2458,0.24,0.2148,0.16550717,-0.32963896,0.067853004,0.22015332,0.090298995,0.34726498,0.16550717,0.18175781,0.07620955,2.0,-0.30099112,-6.0040116,-10.490917,-4.4869056,-3.3579166,-13.60098,-10.243063,0.037006285,0.00057206844,0.04198323,0.00024018416,0.14177044,207.37585,5.2937646,0.017715037,-0.09054554,436286.78367234295,2636309.7546851565
383,1,forest,172,370,30003,0.1326,0.0886,0.1296,0.1386,0.1446,0.165,0.1613,0.1689,0.2024,0.1685,0.10897178,-0.3910639,0.11300489,0.09853623,0.06087225,0.12795001,0.1189,0.13495,0.1446,0.1482,0.16215,0.1719,0.17019999,0.18579999,0.1673,0.12041676,-0.21955945,0.03885922,0.08132117,0.033677,0.09335,0.12155,0.108349994,0.1295,0.13585001,0.13575,0.16555,0.17025,0.17594999,0.15285,0.20883459,-0.1828565,0.030453783,0.13594615,0.046759825,0.0778,0.101,0.1159,0.1186,0.142,0.1319,0.1637,0.1644,0.1815,0.1693,0.17095788,-0.28495473,0.05156417,0.16183686,0.103729635,0.20883459,0.10897178,0.09986281,0.040119044,2.0,-0.1828565,-4.759759,-12.232658,-7.4728994,-10.341664,-13.092199,-2.750535,0.006643166,6.103873e-05,0.007643298,6.189399e-05,0.03684474,264.6831,10.386907,-0.15058032,-0.09915457,437408.0095116377,2636557.2486755624
384,3,built_up,141,269,20003,0.1015,0.1304,0.1187,0.1303,0.1515,0.1519,0.173,0.1808,0.2206,0.1833,0.1861495,-0.2569793,0.12093466,0.16232671,0.10557167,0.12155,0.12525,0.133,0.1761,0.1622,0.169,0.17989999,0.19205001,0.21535,0.20015,0.14988762,-0.2645324,0.08968987,0.04332464,0.07217596,0.1258,0.1112,0.1363,0.1539,0.1689,0.1821,0.1757,0.1872,0.2075,0.2091,0.12628163,-0.3021641,0.08298517,0.09762504,0.06555083,0.0956,0.1169,0.1226,0.1376,0.1761,0.156,0.1812,0.1929,0.2042,0.2006,0.19288942,-0.27187708,0.059678104,0.16732171,0.08283614,0.19288942,0.12628163,0.06660779,0.02714257,3.0,-0.2569793,-1.058154,-17.080883,-16.02273,-4.57362,-10.792535,-6.218915,0.010706582,0.00019418164,0.026652733,0.00024166908,0.0998717,212.14607,11.546324,-0.0328184,0.19745135,435398.1150573449,2637173.318043649
385,3,built_up,174,320,30003,0.1434,0.1404,0.1479,0.1638,0.1954,0.1884,0.2013,0.1983,0.2613,0.2219,0.1529205,-0.30097008,0.1297014,0.09527729,0.08555505,0.13589999,0.1513,0.15365,0.1917,0.2,0.205,0.20175,0.23165,0.2526,0.23054999,0.13534006,-0.25080404,0.11191792,0.09436614,0.092216566,0.1399,0.1542,0.15465,0.1788,0.2077,0.19459999,0.20555,0.21994999,0.24665001,0.22325,0.14130998,-0.23063433,0.090888806,0.1031972,0.0747907,0.1349,0.1502,0.1708,0.1689,0.2006,0.1772,0.1979,0.2274,0.2683,0.2224,0.07350128,-0.28219765,0.15100783,0.14761508,0.13771196,0.1529205,0.07350128,0.07941922,0.030831175,0.0,-0.23063433,-5.1324024,-11.929676,-6.7972736,-11.1994705,-11.162883,0.036587715,0.011205562,0.0001311279,0.018909771,0.00017305453,0.063377775,219.24663,4.0908265,-0.06580692,0.027541315,436413.7083879782,2636501.8693061583
386,3,built_up,128,286,20003,0.0872,0.103,0.1108,0.156,0.1638,0.177,0.1664,0.19,0.2033,0.2094,0.20057648,-0.32745567,0.09981038,0.09826559,0.10657017,0.12799999,0.13435,0.1345,0.14855,0.18270001,0.18630001,0.1925,0.18815,0.2256,0.19825,0.17736948,-0.25350672,0.07916749,0.11761176,0.05818389,0.06855,0.0919,0.0822,0.1236,0.2122,0.2478,0.2758,0.2855,0.2182,0.14385,0.5382376,-0.40263322,-0.10751698,0.38783917,-0.059463184,0.1268,0.1048,0.1272,0.1394,0.1623,0.1471,0.1774,0.2033,0.2187,0.1783,0.16480571,-0.35208547,0.10426637,0.18645988,0.06414389,0.5382376,0.16480571,0.37343186,0.15525547,2.0,-0.25350672,-4.6275344,-11.536745,-6.9092107,-5.9775357,-10.965056,-4.9875207,0.0,0.0,0.028568234,0.00034354316,0.13913639,202.49611,4.1843786,0.07020408,0.019886332,435723.8777999679,2637439.551464694
387,3,built_up,168,331,30003,0.1122,0.1144,0.1216,0.1511,0.1574,0.163,0.1893,0.1965,0.2044,0.206,0.21775419,-0.28230777,0.038353983,0.13060954,0.03904378,0.121700004,0.13565,0.13915,0.1491,0.16984999,0.1606,0.18555,0.18555,0.226,0.1814,0.14290072,-0.24982649,0.0982867,0.10891943,0.08610926,0.1345,0.12545,0.1399,0.15294999,0.16749999,0.1709,0.16890001,0.19549999,0.1934,0.17324999,0.09391165,-0.21310893,0.06762328,0.12211186,0.04696079,0.1045,0.1254,0.1121,0.1462,0.14,0.1814,0.181,0.1854,0.2297,0.199,0.23507252,-0.2937192,0.118577756,0.11821433,0.0897496,0.23507252,0.09391165,0.14116088,0.05704269,3.0,-0.21310893,-4.53701,-15.657223,-11.120213,-12.003073,-15.015463,-3.0123901,0.00745104,7.561997e-05,0.010206202,7.289793e-05,0.03313734,225.95961,6.7216024,-0.012765655,-0.116346955,436627.3211245419,2636624.5587358335
388,3,built_up,258,319,30002,0.1364,0.1541,0.1596,0.2042,0.1766,0.2026,0.2086,0.2243,0.2419,0.2164,0.13307947,-0.2217166,0.073917694,0.0469077,0.07568642,0.1333,0.13225,0.1462,0.16229999,0.17905,0.1856,0.2049,0.2024,0.23945001,0.22775,0.16718835,-0.28840387,0.07775387,0.109953105,0.06555217,0.1145,0.120000005,0.13374999,0.14864999,0.17635,0.1856,0.20255,0.21135,0.2448,0.2263,0.20457864,-0.3421043,0.09444487,0.17416619,0.08841278,0.1051,0.1285,0.1335,0.1715,0.1697,0.1698,0.2121,0.1971,0.2619,0.2029,0.2274299,-0.34169996,0.10506308,0.069451794,0.109738804,0.2274299,0.13307947,0.09435043,0.03599202,3.0,-0.2217166,-7.4375486,-10.326904,-2.8893557,-1.0282794,-12.779112,-11.750833,0.00772354,6.157514e-05,0.019652752,0.00019670668,0.04631551,249.11708,0.70897996,-0.010387566,0.0067236423,436398.73146242736,2634833.4552200814
389,3,built_up,439,54,0,0.1652,0.1745,0.1667,0.1869,0.2067,0.2087,0.2285,0.2473,0.2502,0.2341,0.15637608,-0.17824303,0.04533103,0.13910607,0.028620744,0.113450006,0.13695,0.1401,0.18635,0.18720001,0.19285,0.21885,0.225,0.25415,0.22885,0.21938926,-0.29966685,0.074629866,0.09395866,0.08526586,0.14954999,0.1491,0.15785,0.18755001,0.1997,0.20415,0.24595,0.2462,0.26615,0.22655001,0.21817677,-0.28187767,0.039445344,0.13521579,0.03477725,0.1724,0.1891,0.1598,0.1922,0.2122,0.2193,0.246,0.2404,0.2712,0.2132,0.21241942,-0.17836155,0.04872379,0.11141905,0.014833989,0.21938926,0.15637608,0.06301318,0.026236948,1.0,-0.17824303,-3.9798217,-9.90247,-5.922648,1.7260208,-11.731397,-13.4574175,0.009920983,0.00015356738,0.03919441,0.00032720467,0.1482174,514.7042,11.819598,0.1597672,-0.12818003,431096.47393169673,2631218.5757167796
390,3,built_up,154,348,30003,0.1142,0.138,0.1402,0.1708,0.1761,0.1738,0.1914,0.2065,0.2371,0.1884,0.15440242,-0.2641955,0.10665085,0.09461939,0.104993254,0.14109999,0.14235,0.12855,0.1665,0.16335,0.18635,0.20275,0.20695001,0.21925,0.19935,0.22396553,-0.21266532,0.039099425,0.10831409,0.0057109725,0.12445,0.13780001,0.15785,0.15885,0.16435,0.18544999,0.2098,0.20075,0.22420001,0.19690001,0.1413025,-0.23867336,0.033179656,0.116518006,0.06673173,0.0862,0.115,0.138,0.1712,0.1613,0.1902,0.1772,0.1995,0.2268,0.2142,0.124365106,-0.32709086,0.12277195,0.076341815,0.16141324,0.22396553,0.124365106,0.09960042,0.03787576,1.0,-0.21266532,-7.2890615,-13.4667635,-6.177702,-4.702854,-20.370392,-15.667538,0.0074767442,4.9657716e-05,0.011997252,7.671058e-05,0.030864876,243.85817,5.0352726,0.038504947,-0.078871846,436971.5909364959,2636915.815535323
391,3,built_up,200,348,30002,0.1258,0.1277,0.132,0.1802,0.2191,0.2497,0.2616,0.2649,0.283,0.2619,0.3292674,-0.37813395,0.03929483,0.1902939,0.03439679,0.11825,0.14535,0.16335,0.18815,0.21915,0.2489,0.26099998,0.26450002,0.3279,0.2826,0.23011607,-0.3857361,0.11360147,0.16867302,0.12866153,0.078099996,0.114350006,0.1166,0.1557,0.20425001,0.23155001,0.2759,0.27775002,0.277,0.1896,0.4058588,-0.41561154,0.001989513,0.2815774,0.05296945,0.0686,0.1272,0.1492,0.181,0.2185,0.2561,0.2498,0.2441,0.2724,0.229,0.25212967,-0.3633624,0.043278344,0.14843534,0.13945925,0.4058588,0.23011607,0.17574275,0.06921444,2.0,-0.3633624,-12.102604,-18.780008,-6.6774044,-12.386162,-16.291285,-3.9051228,0.018820219,0.00023777856,0.035810426,0.0003161346,0.11410852,252.27397,9.016268,-0.11944024,-0.10145733,436979.9072810912,2635982.6972126206
392,3,built_up,261,303,30002,0.1351,0.1624,0.155,0.1912,0.2251,0.2162,0.2133,0.2312,0.2484,0.2224,0.15829444,-0.20934708,0.07602321,0.09469672,0.07315767,0.13225001,0.15079999,0.13755,0.16525,0.19624999,0.21090001,0.2007,0.21474999,0.23195,0.21435,0.1866957,-0.21201777,0.07222912,0.13026278,0.05203208,0.1139,0.13655001,0.156,0.16795,0.18395,0.18655,0.201,0.21505001,0.22960001,0.22,0.12605007,-0.25413013,0.06641881,0.12297619,0.10092779,0.1203,0.1357,0.1647,0.1627,0.2092,0.2105,0.2133,0.2044,0.2395,0.2365,0.12857108,-0.2766517,0.057862055,0.11359273,0.09568976,0.1866957,0.12605007,0.060645625,0.024739299,1.0,-0.20934708,-5.3183956,-13.639398,-8.321002,-4.3358245,-6.477084,-2.1412597,0.0071042404,7.9178e-05,0.031634647,0.00021902166,0.09237132,232.25381,6.9608784,-0.08944489,-0.08177418,436060.2352774914,2634766.7354489467
393,3,built_up,142,356,30003,0.1265,0.1329,0.157,0.1459,0.1262,0.1573,0.1614,0.187,0.2148,0.1679,0.01381905,-0.2355472,0.14194538,0.12346016,0.12717883,0.11895,0.12145,0.128,0.15445,0.16425,0.1652,0.18695,0.17230001,0.20725,0.18195,0.18717195,-0.2610275,0.051496573,0.054628786,0.045777068,0.1292,0.13115,0.13915,0.14725,0.1542,0.15865001,0.19095,0.16275,0.20675,0.183,0.1569217,-0.22373416,0.039728336,0.049999867,0.038660675,0.0751,0.1099,0.1043,0.1492,0.1442,0.16,0.1581,0.1589,0.184,0.184,0.20502967,-0.2521257,0.07570865,0.031483136,0.1056566,0.20502967,0.01381905,0.19121061,0.07526597,3.0,-0.22373416,-2.0718658,-14.240253,-12.168387,-6.07513,-8.331592,-2.2564616,0.007970523,0.00010141846,0.035470143,0.00043703048,0.14106533,253.10876,3.765226,0.03621857,-0.05477719,437139.9803721359,2637149.9713418307
394,3,built_up,151,333,30003,0.144,0.1282,0.1244,0.1912,0.2024,0.2085,0.1962,0.2146,0.2273,0.1922,0.22395438,-0.27876154,0.07343549,0.057663716,0.016620876,0.1275,0.1439,0.16325,0.1851,0.1731,0.17895,0.1937,0.20915,0.2545,0.2104,0.08530583,-0.2776097,0.13565342,0.061001737,0.13065816,0.1282,0.1435,0.1353,0.17505,0.19405,0.18985,0.1945,0.21395001,0.22855,0.2193,0.17950219,-0.2285977,0.08048676,0.09999975,0.059937283,0.1086,0.1227,0.1303,0.1555,0.1689,0.2037,0.1872,0.2073,0.2167,0.2048,0.17921202,-0.27695853,0.073037714,0.14277802,0.07965141,0.22395438,0.08530583,0.13864854,0.05055486,0.0,-0.2285977,-4.781308,-7.8883543,-3.1070461,-2.5408363,-10.435282,-7.8944454,0.009652821,8.082678e-05,0.010724834,9.127797e-05,0.03277997,228.76048,8.039171,0.13417885,-0.039421845,436673.7312724195,2636961.2030301993
395,3,built_up,175,324,30003,0.1306,0.1552,0.1621,0.1795,0.1873,0.1922,0.2149,0.2191,0.2438,0.2152,0.14005268,-0.22205457,0.063003995,0.099347465,0.08038319,0.13275,0.1311,0.1482,0.1722,0.17755,0.2095,0.20269999,0.2139,0.23405,0.2277,0.15531442,-0.28193817,0.07178007,0.10800284,0.065208234,0.1303,0.13350001,0.1442,0.15625,0.19819999,0.19330001,0.19475001,0.2085,0.2368,0.21900001,0.14913663,-0.27896222,0.0974392,0.1432484,0.07924355,0.1146,0.1418,0.1381,0.163,0.1678,0.2116,0.2138,0.2238,0.2329,0.2081,0.21511732,-0.24312715,0.0427579,0.15718678,0.060909227,0.21511732,0.14005268,0.075064644,0.029493794,3.0,-0.22205457,-5.439558,-12.628771,-7.189213,-2.6473818,-9.468797,-6.821415,0.012939453,0.00039745634,0.036199354,0.00019866461,0.11020641,221.90211,5.282587,0.0010593191,-0.09206187,436482.6583333441,2636485.5206506276
396,3,built_up,147,321,30003,0.138,0.1439,0.1447,0.1523,0.1667,0.2059,0.1937,0.1906,0.2121,0.2292,0.1447986,-0.19157246,0.04534242,0.11169403,0.03645604,0.12459999,0.13835,0.15785,0.17109999,0.1689,0.19784999,0.19555,0.19985,0.24535,0.2009,0.106677674,-0.27886298,0.11295054,0.0775035,0.11481288,0.13535,0.14645,0.15044999,0.1812,0.18020001,0.20025,0.20289999,0.19075,0.23315,0.20414999,0.14843598,-0.22839773,0.06937265,0.025675438,0.06282462,0.1227,0.1205,0.1331,0.1435,0.1758,0.1891,0.1836,0.1989,0.2354,0.1903,0.15945637,-0.3228426,0.12362742,0.16179858,0.09217534,0.15945637,0.106677674,0.0527787,0.019893596,3.0,-0.19157246,-7.585974,-11.529066,-3.9430919,-6.4831605,-12.046187,-5.563027,0.0076340316,5.5774795e-05,0.032349437,0.00019130782,0.11421281,221.13867,6.082294,-0.09026551,-0.05548855,436425.6700831355,2637046.722713103
397,3,built_up,211,354,30002,0.17,0.1656,0.1793,0.1905,0.2143,0.2354,0.2488,0.2385,0.3186,0.2386,0.16234486,-0.31598446,0.123017065,0.11188783,0.08628769,0.1716,0.1596,0.17480001,0.20775,0.23955,0.2319,0.24435,0.253,0.2794,0.2615,0.16593063,-0.27289227,0.06692109,0.098209225,0.04395789,0.1534,0.16084999,0.16444999,0.1982,0.1884,0.22155,0.23735,0.25895,0.28245,0.25695,0.18143313,-0.27430573,0.08676395,0.13288824,0.06703268,0.1324,0.129,0.1464,0.1906,0.2078,0.2459,0.2402,0.2482,0.2982,0.2817,0.24262738,-0.3960665,0.10772642,0.13126682,0.088105604,0.24262738,0.16234486,0.080282524,0.032297406,3.0,-0.27289227,-3.4738917,-15.284276,-11.810385,-2.7340462,-8.554898,-5.8208523,0.0055300007,2.7846658e-05,0.012645772,6.17723e-05,0.03212433,246.2745,9.749051,0.15266097,0.07326904,437088.3914782904,2635774.2180073312
398,3,built_up,147,319,30003,0.1263,0.1425,0.1351,0.1278,0.2121,0.1941,0.2084,0.2472,0.2537,0.2124,0.21339089,-0.28066558,0.0980305,0.31839913,0.0747753,0.13530001,0.1385,0.14845,0.17230001,0.19365,0.1903,0.2173,0.2192,0.24344999,0.24105,0.1882428,-0.27477342,0.05675514,0.11979532,0.052787025,0.1358,0.1193,0.13350001,0.17315,0.17555,0.20609999,0.2201,0.21945,0.23385,0.19645,0.24490875,-0.3243655,0.030289616,0.11793142,0.015831325,0.101,0.1335,0.1349,0.1524,0.1778,0.1949,0.205,0.2288,0.2336,0.1917,0.20623648,-0.27267703,0.06520735,0.20041917,0.09266109,0.24490875,0.1882428,0.056665957,0.020474581,2.0,-0.27267703,-4.704337,-15.03087,-10.326533,-4.9751325,-16.701914,-11.726782,0.025543049,0.00025397,0.037235398,0.0002351113,0.12657385,218.02937,7.1135917,-0.07644938,-0.09742209,436382.52571850846,2637045.7265556008
399,3,built_up,176,338,30003,0.1153,0.1242,0.1378,0.1659,0.184,0.1951,0.1863,0.2272,0.2314,0.1733,0.14964472,-0.30146146,0.10797197,0.15593953,0.10077506,0.119100004,0.13655001,0.13659999,0.17185,0.1962,0.19804999,0.19515,0.2136,0.22690001,0.20820001,0.17648783,-0.2485892,0.075227894,0.10831467,0.07266682,0.10065,0.103,0.09205,0.15615001,0.15085,0.18975,0.20995,0.23085001,0.2228,0.1787,0.39039606,-0.3677091,0.029693753,0.19302273,0.006795128,0.1003,0.11,0.1058,0.123,0.1719,0.2092,0.1932,0.1696,0.2256,0.2064,0.2923067,-0.34445664,0.07736371,0.15926121,0.060649607,0.39039606,0.14964472,0.24075134,0.096120514,2.0,-0.2485892,-4.0142117,-13.094194,-9.079983,-3.0941365,-7.4621224,-4.3679857,0.016334632,0.00012153778,0.0320352,0.00012620854,0.14258774,233.10085,1.1089412,-0.01006633,0.016529538,436770.03263206524,2636466.511921707
400,4,mining_bare,380,376,30001,0.0833,0.0881,0.107,0.1331,0.1114,0.1302,0.134,0.1249,0.1605,0.1507,0.11203274,-0.29122972,0.08998272,-0.031782836,0.10354767,0.08775,0.107250005,0.1032,0.117249995,0.12535,0.1276,0.132,0.13735,0.1621,0.15755,0.12244844,-0.20363761,0.1023458,0.078947045,0.093907654,0.0906,0.0896,0.112550005,0.12095,0.11665,0.10565,0.1393,0.12375,0.16615,0.167,0.10621358,-0.2993146,0.0879028,0.011442547,0.095949456,0.0634,0.0865,0.1085,0.0706,0.1217,0.1104,0.1191,0.1329,0.164,0.1465,0.046572734,-0.30938002,0.15860066,0.306141,0.19780175,0.12244844,0.046572734,0.0758757,0.029585771,1.0,-0.20363761,-13.853074,-17.589075,-3.736001,-12.150967,-13.981396,-1.8304291,0.008198501,8.559136e-05,0.038991936,0.00028315478,0.19674587,654.1759,18.89916,0.2982209,-0.12640335,437525.9148868699,2632381.093977277
401,4,mining_bare,425,362,30000,0.0766,0.094,0.1076,0.093,0.1145,0.0995,0.1362,0.1152,0.1367,0.1412,0.11730876,-0.1850881,0.0018321973,0.10662771,0.06891258,0.0861,0.09255,0.0905,0.105000004,0.12095,0.118599996,0.12915,0.1345,0.1467,0.13665,0.17596099,-0.22633131,0.06362127,0.12317273,0.048513524,0.0738,0.0849,0.0936,0.128,0.1218,0.1265,0.1203,0.1162,0.1495,0.1282,0.12482412,-0.27559608,0.108227886,-0.048320875,0.11207659,0.0693,0.0738,0.0719,0.1051,0.1119,0.0994,0.1121,0.1104,0.1378,0.1228,0.21847706,-0.30245602,0.102840714,0.024593856,0.07235979,0.21847706,0.11730876,0.1011683,0.04102214,3.0,-0.1850881,-11.616104,-18.933971,-7.3178673,-11.703601,-19.970991,-8.26739,0.029829336,0.0006082058,0.052685626,0.00035770357,0.26048252,951.5421,26.877787,0.28256762,-0.35290214,437246.301682723,2631498.3713589576
402,4,mining_bare,357,121,10001,0.1106,0.1166,0.1225,0.1416,0.1384,0.1265,0.1264,0.1157,0.1814,0.1557,0.015668847,-0.21744892,0.1786869,-0.10066031,0.12368255,0.08565,0.0968,0.10505,0.114099994,0.12185,0.11245,0.12105,0.13374999,0.1749,0.14745,0.07076485,-0.28744832,0.18195577,0.0792815,0.15051854,0.0846,0.0964,0.0946,0.1033,0.1285,0.1199,0.1352,0.1414,0.1775,0.1654,0.17667459,-0.29609236,0.135273,0.15570022,0.106322214,0.1147,0.1092,0.1296,0.1058,0.1218,0.1464,0.1402,0.1232,0.1693,0.1325,0.039288215,-0.21579814,0.09402231,0.07598218,0.07945092,0.17667459,0.015668847,0.16100574,0.061542142,2.0,-0.21579814,-11.010914,-21.161325,-10.150412,-11.7246065,-18.605936,-6.8813295,0.011969195,9.296414e-05,0.013844894,9.909403e-05,0.06329721,317.00613,6.7109604,0.07469842,0.08986977,432424.491949169,2632844.634942427
403,4,mining_bare,85,90,4,0.0696,0.084,0.0563,0.1258,0.1209,0.1016,0.1146,0.1062,0.147,0.1278,0.34113318,-0.2727261,0.123852715,-0.08448238,0.049290184,0.075,0.09755,0.1152,0.11925,0.118599996,0.1208,0.113350004,0.12785,0.15425,0.13765,-0.008094448,-0.2251778,0.15283945,0.03480357,0.17715119,0.1188,0.1178,0.1262,0.1237,0.1248,0.1293,0.1224,0.1451,0.1781,0.1574,-0.015285556,-0.20378439,0.18535712,0.079612784,0.11567349,0.0792,0.1018,0.113,0.1012,0.1175,0.1093,0.1181,0.1079,0.1506,0.1504,0.022068294,-0.1933431,0.12095227,0.032041937,0.14384864,0.34113318,-0.015285556,0.35641873,0.14856678,0.0,-0.1933431,-11.039171,-21.40356,-10.364389,-13.677698,-18.30259,-4.6248913,0.045577224,0.0010781158,0.06297462,0.0010505436,0.22536623,304.91693,1.0689483,-0.018461538,0.002683736,431811.39256708085,2638295.9423532016
404,4,mining_bare,86,111,10004,0.0481,0.0622,0.0564,0.1013,0.1185,0.1023,0.1241,0.1028,0.1455,0.1486,0.37506717,-0.40105733,0.07937657,0.007349281,0.079390354,0.104049996,0.0996,0.1085,0.11085,0.1231,0.10595,0.1206,0.13325,0.1548,0.14684999,0.052815154,-0.21698023,0.12418255,0.09176529,0.079208784,0.1071,0.1232,0.1279,0.1134,0.1216,0.1466,0.1301,0.1451,0.1522,0.1289,0.008527068,-0.10530099,0.07828524,0.12263009,0.08293043,0.0421,0.0788,0.0814,0.0849,0.1116,0.1066,0.1161,0.111,0.1528,0.1534,0.17569532,-0.31951502,0.13648145,0.13323058,0.19367944,0.37506717,0.008527068,0.3665401,0.14207245,0.0,-0.10530099,-15.663004,-15.806726,-0.14372253,-10.95441,-23.020317,-12.0659075,0.011411453,0.00015765365,0.013591188,0.00016183057,0.060749017,291.35275,4.8039155,-0.05142182,0.06609976,432224.72732691286,2638266.172067559
405,4,mining_bare,102,106,10003,0.0455,0.0752,0.0866,0.0956,0.1272,0.1475,0.1227,0.124,0.1758,0.1768,0.17247887,-0.4007952,0.17788884,0.12932545,0.218764,0.1064,0.11025,0.123449996,0.11695,0.1344,0.12665,0.1638,0.1399,0.18959999,0.1686,0.1404695,-0.2646314,0.07300486,0.08935141,0.07346744,0.1288,0.1329,0.14,0.1559,0.1394,0.1535,0.1322,0.1691,0.1888,0.1931,-0.028655287,-0.17376386,0.17632344,0.04061526,0.11495405,0.0928,0.088,0.107,0.1214,0.1485,0.1282,0.1243,0.1515,0.1914,0.18,0.07479433,-0.37007743,0.21254289,0.11029642,0.15771069,0.17247887,-0.028655287,0.20113416,0.076909065,0.0,-0.17376386,-11.248709,-22.09415,-10.845442,-14.812368,-21.624203,-6.8118343,0.017265022,0.00029829468,0.0130932145,0.00016008699,0.06640783,295.26587,4.5971346,0.055684775,0.057646155,432136.43977401755,2637947.1123558423
406,4,mining_bare,437,343,30000,0.0901,0.0929,0.082,0.0907,0.1152,0.1144,0.1205,0.1129,0.1521,0.1394,0.1901225,-0.24163164,0.11592033,0.10903678,0.052844517,0.0989,0.08685,0.1176,0.11275,0.118,0.1049,0.1198,0.11515,0.16345,0.12715,0.009267021,-0.30603153,0.15410359,0.01053087,0.12476214,0.0966,0.0899,0.0917,0.1154,0.1309,0.1116,0.1107,0.127,0.1477,0.1431,0.093873024,-0.24326496,0.1431883,0.0478546,0.07186013,0.0573,0.0676,0.0819,0.0729,0.092,0.1099,0.1256,0.1047,0.1422,0.1335,0.21060137,-0.35557505,0.06198632,0.17905307,0.10122824,0.21060137,0.009267021,0.20133436,0.08051059,3.0,-0.24163164,-9.154958,-20.346333,-11.191375,-9.973154,-18.901306,-8.928152,0.019775061,0.00067379116,0.05458106,0.00031889384,0.2772571,895.42554,36.65686,0.34121543,-0.48990452,436861.0061531014,2631257.1576760323
407,4,mining_bare,391,352,30001,0.0674,0.0912,0.0996,0.1177,0.1241,0.1009,0.1092,0.1196,0.1374,0.1345,0.045976784,-0.20209886,0.11435477,0.008006687,0.14603443,0.0773,0.109249994,0.088750005,0.11115,0.1321,0.10865,0.1337,0.1075,0.15529999,0.13264999,0.20206694,-0.17406851,0.07474021,-0.016693246,0.07262922,0.0768,0.08185,0.0984,0.10005,0.109249994,0.12115,0.1028,0.1262,0.1582,0.1431,0.02186868,-0.31805742,0.21225972,0.11557961,0.1765241,0.0687,0.0788,0.0762,0.1011,0.1155,0.1076,0.1225,0.0938,0.1447,0.1316,0.23301342,-0.29485327,0.08308353,-0.037454896,0.0720697,0.23301342,0.02186868,0.21114475,0.09285043,3.0,-0.17406851,-11.970018,-18.444622,-6.4746037,-13.634324,-19.02601,-5.3916864,0.009644231,0.00011006982,0.008112856,7.1976974e-05,0.052905828,647.6011,20.31751,0.1816692,-0.29590473,437051.4894539303,2632163.139603479
408,4,mining_bare,373,359,30001,0.0963,0.1279,0.1014,0.1221,0.1231,0.1214,0.1288,0.1362,0.1742,0.1483,0.11902642,-0.15325998,0.14983445,0.054587446,0.10085861,0.089,0.09595,0.09185,0.10885,0.1193,0.1253,0.117,0.114250004,0.13665,0.15015,0.120420784,-0.17497773,0.07746863,0.024204293,0.051783524,0.08585,0.09445,0.1032,0.1102,0.10795,0.12905,0.13069999,0.119100004,0.16319999,0.14975,0.11757106,-0.26683378,0.11058145,0.038813617,0.103219554,0.0943,0.0693,0.1106,0.0749,0.1157,0.1102,0.1065,0.1073,0.1624,0.1353,-0.01888523,-0.40181097,0.20788321,0.17782557,0.15238464,0.120420784,-0.01888523,0.13930601,0.059717197,1.0,-0.15325998,-10.433832,-24.20666,-13.772827,-8.652818,-18.131237,-9.478419,0.007627441,6.6666515e-05,0.017044006,0.00014280448,0.101342954,590.24866,14.469805,0.24537428,-0.047184363,437197.1612634083,2632530.6106491657
409,4,mining_bare,357,131,10001,0.1147,0.116,0.1121,0.103,0.1255,0.1235,0.1641,0.1383,0.1611,0.1432,0.1882687,-0.16275655,-0.009225082,0.14629032,-0.010144918,0.0894,0.096149996,0.089200005,0.11265,0.121800005,0.1055,0.112550005,0.11845,0.15205,0.13425,0.11573672,-0.22522072,0.14928135,0.025097258,0.08867306,0.10715,0.09605,0.0986,0.11,0.1266,0.11145,0.12355,0.11505,0.15005001,0.14135,0.11231099,-0.21942215,0.09685642,0.022439374,0.037446488,0.0927,0.1134,0.1243,0.1187,0.1454,0.114,0.1349,0.1464,0.1562,0.1289,0.040894903,-0.15875314,0.07317048,0.1044885,0.104113124,0.1882687,0.040894903,0.1473738,0.05211933,0.0,-0.15875314,-11.541052,-20.426394,-8.885342,-10.103953,-22.187485,-12.083531,0.011843062,0.00019192419,0.013418368,0.0001531701,0.06901147,329.6414,7.89671,-0.06976968,-0.118353546,432624.9190355542,2632845.1993645974
410,4,mining_bare,391,105,10001,0.1318,0.137,0.13,0.1282,0.1371,0.1401,0.154,0.1596,0.162,0.1527,0.08450676,-0.08361178,0.02531638,0.10910319,0.010730365,0.09955,0.0867,0.1061,0.10395,0.12450001,0.1099,0.148,0.12005,0.1608,0.15134999,0.16489506,-0.2993927,0.04145062,0.07187466,0.037612896,0.104499996,0.1119,0.10795,0.1203,0.12655,0.136,0.1422,0.12965,0.16005,0.1574,0.13691726,-0.17705396,0.05905691,0.037407313,0.041383285,0.1205,0.1313,0.0948,0.137,0.14,0.1347,0.1513,0.1352,0.169,0.1465,0.2295805,-0.12554069,0.055260528,-0.006612763,-0.014936468,0.2295805,0.08450676,0.14507374,0.052326486,3.0,-0.08361178,-13.99671,-24.335674,-10.338964,-11.906206,-21.80353,-9.897324,0.0074187224,4.0115574e-05,0.008101827,6.652975e-05,0.041068338,354.75433,3.8340104,0.060692556,0.028062409,432119.7809822281,2632161.874346216
411,4,mining_bare,390,147,10001,0.1373,0.1355,0.1129,0.1082,0.1304,0.1342,0.1551,0.1154,0.1454,0.132,0.1574621,-0.035243746,-0.032279424,0.032200225,-0.061921068,0.0825,0.0888,0.09945,0.110149994,0.11385,0.12905,0.12355,0.111,0.1601,0.14375,0.10807126,-0.28645927,0.12885553,0.0038435592,0.11490524,0.082049996,0.08635,0.092549995,0.109950006,0.10425,0.13104999,0.128,0.1189,0.1555,0.1319,0.16073385,-0.28591985,0.097001374,0.03910839,0.08295111,0.1096,0.1037,0.1222,0.1314,0.127,0.1222,0.1104,0.1236,0.1533,0.1409,-0.050730646,-0.19299537,0.16268425,-0.030588135,0.11200785,0.16073385,-0.050730646,0.2114645,0.086060666,2.0,-0.035243746,-11.775282,-18.009731,-6.2344494,-13.238317,-17.870897,-4.6325808,0.021497982,0.0009037097,0.06244769,0.00060971495,0.2007994,311.7231,11.951616,-0.14931074,0.14349478,432947.1848195715,2632180.7626326545
412,4,mining_bare,358,114,10001,0.1282,0.1055,0.1145,0.1014,0.1241,0.1234,0.1266,0.125,0.173,0.1549,0.05018642,-0.24236895,0.15487263,0.10423981,0.06029862,0.07795,0.083399996,0.0881,0.10715,0.1072,0.09115,0.117599994,0.12415,0.15075001,0.14829999,0.14341201,-0.28763497,0.123532295,0.073497295,0.09967752,0.0937,0.09715,0.12555,0.09055,0.11825,0.108500004,0.1182,0.1171,0.15755,0.135,-0.030153744,-0.23714082,0.14270122,0.12785877,0.14383811,0.1078,0.1187,0.1372,0.1202,0.1189,0.1178,0.1143,0.1245,0.1703,0.1366,-0.09105331,-0.17854612,0.1967667,0.017572459,0.16125348,0.14341201,-0.09105331,0.23446532,0.0879993,1.0,-0.17854612,-15.639928,-20.149534,-4.5096064,-10.748323,-22.927889,-12.179565,0.0068779066,4.9008755e-05,0.01254239,6.70157e-05,0.058772277,316.79117,6.051518,-0.02103679,-0.103302404,432285.20069682406,2632827.847050433
413,4,mining_bare,390,377,30001,0.1029,0.0865,0.1216,0.1104,0.1348,0.1117,0.1246,0.1424,0.1847,0.1638,0.01218516,-0.36209303,0.19430909,0.12658177,0.14762054,0.0915,0.102249995,0.12279999,0.13865,0.12584999,0.12875,0.1379,0.13795,0.1731,0.1589,0.05792077,-0.25730795,0.11318292,-0.00253071,0.12659408,0.1031,0.096,0.12385,0.1315,0.12924999,0.14039999,0.14919999,0.12985,0.1589,0.1586,0.092839755,-0.24676244,0.031483185,-0.0063133696,0.05691049,0.0611,0.1006,0.093,0.1175,0.1331,0.126,0.1321,0.1481,0.1782,0.1616,0.1736998,-0.27833474,0.14856544,0.11521042,0.16795832,0.1736998,0.01218516,0.16151464,0.059079584,3.0,-0.24676244,-9.909636,-26.069946,-16.16031,-6.837766,-18.654709,-11.816942,0.008837671,7.679769e-05,0.012909405,0.00017039412,0.06855796,726.601,20.368893,0.34783596,0.012572942,437548.2915938051,2632182.0705008004
414,4,mining_bare,88,106,10004,0.0596,0.09,0.0791,0.0985,0.0728,0.1118,0.1134,0.1206,0.1634,0.148,0.1781809,-0.2896594,0.18063518,0.100866735,0.16726795,0.10285,0.09255,0.1084,0.1148,0.12045,0.11965,0.13145,0.13455,0.1688,0.162,0.096101314,-0.2917532,0.124395914,0.07920564,0.08387079,0.1233,0.1266,0.122,0.1324,0.1179,0.1552,0.1544,0.1446,0.172,0.1336,0.117221005,-0.15204237,0.053921398,0.04404315,0.028511396,0.0756,0.0906,0.1046,0.126,0.0977,0.1143,0.1082,0.1272,0.1866,0.1432,0.016917221,-0.3463191,0.26594213,0.004739339,0.22610477,0.1781809,0.016917221,0.16126367,0.057682402,0.0,-0.15204237,-15.244686,-21.608887,-6.3642006,-10.294767,-21.391489,-11.096722,0.012995759,0.00018188,0.0137124825,0.00015510646,0.06040492,295.27353,6.834499,-0.08464122,0.083649874,432122.9812654866,2638222.002697009
415,4,mining_bare,392,334,30001,0.1167,0.1119,0.1001,0.1202,0.1229,0.117,0.1364,0.1323,0.1484,0.1194,0.15348771,-0.14022225,0.042134665,0.047920614,-0.009170671,0.094050005,0.1029,0.1179,0.11115,0.1282,0.11355,0.116,0.1198,0.14954999,0.1488,-0.008123105,-0.1847883,0.12634106,0.037453853,0.12020912,0.1017,0.1137,0.0972,0.1101,0.1224,0.1192,0.1369,0.1337,0.163,0.1475,0.16958492,-0.17817064,0.08702875,0.096800245,0.04330386,0.0617,0.0804,0.0952,0.0965,0.106,0.0984,0.1232,0.1242,0.1556,0.1315,0.12820452,-0.3186427,0.1162119,0.12550917,0.15125054,0.16958492,-0.008123105,0.17770801,0.07022024,2.0,-0.14022225,-12.114555,-19.453873,-7.3393173,-12.431884,-18.636074,-6.2041903,0.01124729,0.00012338469,0.014394013,0.00019506797,0.08034265,528.40735,26.396433,0.27114862,-0.35231984,436690.18950863136,2632155.514455083
416,4,mining_bare,387,146,10001,0.1313,0.1509,0.133,0.1301,0.1352,0.1107,0.1264,0.146,0.1506,0.1523,-0.02544326,0.0009950383,0.08736432,0.057587627,0.047847696,0.089650005,0.101449996,0.095249996,0.1148,0.10955,0.11005,0.1292,0.11415,0.1665,0.1494,0.15125796,-0.24276827,0.12614094,-0.0028390186,0.08926319,0.09855,0.11165,0.09975,0.11295,0.1187,0.103,0.111499995,0.1135,0.1443,0.1429,0.05562103,-0.12756348,0.12822469,0.0024287899,0.07487323,0.0857,0.1116,0.1017,0.1189,0.1214,0.1157,0.15,0.1308,0.1609,0.1496,0.19189435,-0.18091677,0.03505936,0.047656972,0.05398342,0.19189435,-0.02544326,0.21733761,0.08455713,3.0,0.0009950383,-9.924978,-14.818994,-4.8940153,-10.16665,-16.201294,-6.034644,0.008115036,0.00010615658,0.02450552,0.00026470504,0.09577643,318.78043,8.02007,-0.00017758671,0.13951984,432926.706753556,2632259.571734387
417,4,mining_bare,402,107,10000,0.1193,0.1299,0.1433,0.1416,0.1351,0.1401,0.1371,0.1484,0.1679,0.1899,-0.022111194,-0.127602,0.10098327,0.02344818,0.096546695,0.081949994,0.0871,0.1134,0.122449994,0.11975,0.12975,0.12665,0.13095,0.17835,0.16435,0.05519664,-0.3437546,0.16950762,0.03354371,0.16618337,0.099199995,0.114649996,0.11309999,0.13275,0.12834999,0.12865001,0.13605,0.14525,0.17395,0.16319999,0.092112854,-0.205474,0.122257665,0.04496382,0.09917655,0.1062,0.1195,0.1193,0.1145,0.154,0.1384,0.1517,0.1605,0.1709,0.1655,0.11955677,-0.17699665,0.059516232,0.16727212,0.058930736,0.11955677,-0.022111194,0.14166796,0.05323982,3.0,-0.127602,-11.191724,-21.680904,-10.489181,-9.155424,-14.162619,-5.0071945,0.009430277,8.455994e-05,0.017309252,0.00051910884,0.083157435,370.5374,6.963205,0.11615626,0.034711663,432145.2327224329,2631959.217637079
418,4,mining_bare,418,381,30000,0.1003,0.103,0.1114,0.1276,0.1123,0.085,0.1239,0.1148,0.1617,0.1561,0.053123426,-0.22175962,0.13235247,-0.052805066,0.09833078,0.104100004,0.09555,0.110249996,0.12765,0.123600006,0.120299995,0.12,0.1175,0.17300001,0.14635,0.0423451,-0.2883996,0.18088678,-0.041403025,0.11658598,0.07595,0.11175,0.101050004,0.13229999,0.11795,0.121700004,0.11845,0.1325,0.155,0.1361,0.07927069,-0.16213621,0.13366196,0.00075529696,0.13686281,0.0649,0.0724,0.0839,0.0954,0.1079,0.1002,0.1,0.1252,0.1619,0.1476,0.08754713,-0.38198724,0.23634882,0.13508554,0.19698024,0.08754713,0.0423451,0.04520203,0.018473065,3.0,-0.16213621,-13.214106,-17.569891,-4.3557854,-12.04855,-19.65557,-7.6070194,0.009923986,0.0002178818,0.038145192,0.0003604759,0.19183086,978.23267,18.260143,0.3053985,-0.0700618,437620.9644380296,2631638.392328555
419,4,mining_bare,387,372,30001,0.1008,0.0835,0.0972,0.1034,0.1254,0.1118,0.1602,0.124,0.1599,0.1544,0.24475428,-0.3138853,-0.00093722,0.09058886,-0.00752753,0.086150005,0.109500006,0.11535,0.11485,0.11445,0.11935,0.11795,0.117249995,0.16765,0.15025,0.011144399,-0.20981339,0.17401898,0.010340309,0.16197868,0.096949995,0.106350005,0.10945,0.1161,0.115449995,0.1257,0.14305,0.118049994,0.16515,0.13589999,0.13306879,-0.21657377,0.07170645,0.008327941,0.067236565,0.0808,0.1006,0.103,0.1277,0.1393,0.102,0.1165,0.1245,0.1535,0.1525,0.061503123,-0.20818496,0.13703655,-0.0126883,0.13045369,0.24475428,0.011144399,0.23360988,0.08773234,0.0,-0.20818496,-12.9021,-16.535652,-3.6335526,-9.438675,-20.067633,-10.628958,0.011515281,0.00013426624,0.01004682,7.976362e-05,0.051533002,703.4527,23.851501,0.39696065,-0.07704138,437440.9520439461,2632252.384237554
420,4,mining_bare,359,105,10001,0.1283,0.1286,0.1132,0.1241,0.1287,0.1104,0.1328,0.1472,0.1635,0.1625,0.07967446,-0.119479194,0.10361084,0.08514529,0.029007006,0.09035,0.086150005,0.0972,0.08845,0.1074,0.11205,0.12035,0.11705,0.1601,0.137,0.106411844,-0.3003033,0.14173597,0.13917206,0.0995724,0.1084,0.10035001,0.09195,0.1162,0.11625,0.11955,0.1096,0.13245,0.14864999,0.14895,0.08757089,-0.19397506,0.15120944,0.06535264,0.0492803,0.0746,0.1369,0.1024,0.1183,0.1157,0.1226,0.1441,0.1206,0.1385,0.139,0.16916767,-0.0058097546,-0.01981589,0.009627426,0.048302803,0.16916767,0.07967446,0.08949321,0.035122626,3.0,-0.0058097546,-13.348406,-18.220726,-4.87232,-9.344278,-20.22977,-10.885492,0.00612081,3.137304e-05,0.035939213,0.0002926901,0.114839934,309.148,7.8191047,0.13262051,-0.030336294,432118.14732738776,2632801.3358318415
421,4,mining_bare,369,167,10001,0.1238,0.1222,0.1406,0.1557,0.1286,0.1489,0.124,0.1441,0.1672,0.1576,-0.06273596,-0.1554936,0.14835115,-0.038692344,0.107991174,0.09905,0.086050004,0.10755,0.10875,0.1225,0.14055,0.133,0.12584999,0.1535,0.16775,0.10579876,-0.28156844,0.07155299,0.07288968,0.058811504,0.0942,0.0838,0.0613,0.1263,0.128,0.1093,0.1326,0.1533,0.1547,0.1564,0.36771345,-0.29727337,0.07692281,0.09656615,-0.024390198,0.0996,0.0974,0.1108,0.129,0.1053,0.1419,0.1097,0.1348,0.1788,0.1594,-0.004988623,-0.2947129,0.23951387,0.021986302,0.16095378,0.36771345,-0.06273596,0.43044943,0.16522813,2.0,-0.1554936,-13.125252,-23.389011,-10.26376,-11.169234,-17.096003,-5.9267683,0.013588583,0.00013421889,0.017532926,0.00044431371,0.104865655,282.73083,12.127102,-0.14179167,0.15501343,433355.39999039157,2632600.5484650503
422,4,mining_bare,431,350,30000,0.0738,0.1014,0.0983,0.0892,0.1209,0.1182,0.1158,0.1171,0.1569,0.1174,0.081737116,-0.2148656,0.15071452,0.1352393,0.1474817,0.09725,0.09115,0.09795,0.1052,0.10335,0.1022,0.122600004,0.122,0.164,0.1372,0.11176556,-0.2855172,0.1444517,0.07394334,0.08738049,0.0896,0.1105,0.1173,0.1213,0.117,0.1089,0.1247,0.1203,0.1366,0.1202,0.030578412,-0.10562484,0.04554135,-0.004139033,0.08457903,0.045,0.061,0.0783,0.0787,0.1078,0.0868,0.0989,0.1085,0.1338,0.1319,0.11625216,-0.3737147,0.1499779,0.15918718,0.19157246,0.11625216,0.030578412,0.08567375,0.03415194,3.0,-0.10562484,-10.540781,-19.989212,-9.448431,-10.944059,-20.408592,-9.464533,0.00866065,5.763502e-05,0.0126259085,0.00015999135,0.07181024,906.2352,32.841602,0.41114283,-0.35365355,437008.40297896106,2631367.308846312
423,4,mining_bare,398,317,30001,0.0886,0.121,0.1116,0.116,0.1158,0.1291,0.1642,0.1283,0.1817,0.1647,0.1907172,-0.20052792,0.050592545,0.050347727,0.074162126,0.09275,0.0979,0.11669999,0.12605,0.1206,0.12695,0.14145,0.122200005,0.17210001,0.15825,0.09587416,-0.2748138,0.09775125,-0.01550846,0.104397506,0.06855,0.0919,0.0822,0.1236,0.2122,0.2478,0.2758,0.2855,0.2182,0.14385,0.5382376,-0.40263322,-0.10751698,0.38783917,-0.059463184,0.083,0.0814,0.1024,0.1114,0.1294,0.1127,0.1065,0.1303,0.1598,0.1574,0.019626532,-0.32504007,0.20014943,0.07819579,0.16094716,0.5382376,0.019626532,0.518611,0.19835167,2.0,-0.20052792,-12.328302,-21.828388,-9.500086,-11.059592,-18.865791,-7.806199,0.0,0.0,0.016960526,0.0002641017,0.039683554,429.46237,16.284702,-0.035031334,-0.27821362,436347.4608651215,2632032.499287091
424,4,mining_bare,380,142,10001,0.1342,0.1101,0.1397,0.1164,0.1067,0.1272,0.1502,0.1264,0.1485,0.1424,0.036219254,-0.14849128,-0.0056913067,0.041185953,0.006636392,0.08755,0.1045,0.0969,0.1051,0.10304999,0.113350004,0.1161,0.11705,0.15745,0.15465,0.09014041,-0.20213702,0.15116014,0.053792246,0.11069846,0.09865,0.108449996,0.1047,0.103300005,0.10825001,0.123950005,0.116349995,0.110300004,0.14745,0.15535,0.052702755,-0.1524027,0.11789191,0.03277138,0.0795246,0.1125,0.0814,0.1216,0.1016,0.1098,0.1303,0.1256,0.1301,0.1585,0.1356,0.016181137,-0.32138258,0.115803905,0.12300334,0.08104962,0.09014041,0.016181137,0.073959276,0.027140955,1.0,-0.14849128,-8.989925,-19.717335,-10.727409,-14.846482,-19.051739,-4.2052565,0.0063222963,3.5982015e-05,0.0074746264,4.5308792e-05,0.051168844,338.42828,8.526041,-0.053500395,0.13826934,432845.72628901276,2632395.9802843053
425,4,mining_bare,369,140,10001,0.1077,0.1053,0.1148,0.1272,0.108,0.1395,0.138,0.1475,0.149,0.115,0.09177178,-0.1718436,0.03832742,0.07389848,0.03552494,0.04815,0.0973,0.0928,0.1002,0.110249996,0.11965,0.12375,0.117,0.1592,0.1361,0.14292248,-0.24132457,0.1252867,0.07734772,0.18895921,0.08045,0.09085,0.1052,0.1258,0.1079,0.10355,0.14275,0.111,0.1432,0.1431,0.1514412,-0.22366916,0.0015736967,-0.062499724,0.05343502,0.0902,0.1087,0.104,0.1338,0.1363,0.1286,0.1209,0.1413,0.15,0.1419,0.07514415,-0.15964377,0.107419334,0.027262688,0.09223805,0.1514412,0.07514415,0.07629705,0.03253942,2.0,-0.15964377,-14.984682,-21.170773,-6.1860905,-14.551671,-16.724583,-2.1729116,0.009157766,8.380471e-05,0.008936494,6.0800012e-05,0.054011054,339.5814,2.654996,0.0177182,-0.042799275,432804.6129431787,2632601.3015000187
426,4,mining_bare,385,139,10001,0.1237,0.1329,0.1223,0.1338,0.152,0.1527,0.1479,0.1319,0.1458,0.1519,0.09474428,-0.046286143,-0.0071501485,-0.0071509043,-0.0064850985,0.0994,0.11475,0.10970001,0.093150005,0.112100005,0.1022,0.1197,0.1263,0.15285,0.1583,0.043591745,-0.14237615,0.12162862,0.15105878,0.09021054,0.10255,0.0943,0.10825001,0.1265,0.12775,0.11795,0.13295001,0.13405001,0.1625,0.16165,0.102404214,-0.26557526,0.100016534,0.028977111,0.069629446,0.0983,0.1359,0.1048,0.1209,0.1438,0.1402,0.1531,0.1391,0.1495,0.1608,0.18728115,-0.04765222,-0.011896858,0.06999974,0.0057346225,0.18728115,0.043591745,0.1436894,0.051567897,3.0,-0.046286143,-15.208826,-18.164515,-2.9556885,-7.163307,-20.87209,-13.708782,0.004665498,6.911397e-05,0.008657638,7.985287e-05,0.04835718,338.54202,4.978936,-0.07596649,-0.041970327,432794.5807869401,2632285.955028097
427,4,mining_bare,353,133,10001,0.0867,0.1293,0.1075,0.1069,0.1367,0.1335,0.1283,0.1256,0.1505,0.1702,0.08820995,-0.075768135,0.079626694,0.08042975,0.09090892,0.0969,0.0929,0.09385,0.0968,0.1205,0.119049996,0.13545,0.1354,0.15965,0.15245,0.18142094,-0.26430303,0.08200579,0.16623528,0.04353182,0.082049996,0.0864,0.10535,0.1223,0.113350004,0.12855001,0.1234,0.13015,0.15585,0.13685,0.07890676,-0.2866861,0.116203666,0.031095168,0.11946832,0.1096,0.1098,0.1288,0.1149,0.1154,0.1427,0.1447,0.1615,0.1628,0.1435,0.058135066,-0.19442333,0.058861572,0.16859564,0.06832739,0.18142094,0.058135066,0.123285875,0.04731501,1.0,-0.075768135,-11.954637,-18.847275,-6.892638,-7.8548074,-18.085136,-10.2303295,0.009786964,0.00011371386,0.014675434,0.00019196227,0.06603401,337.6094,7.0976796,0.022991711,-0.121403344,432668.40944352985,2632922.7278161226
428,4,mining_bare,100,100,3,0.0434,0.0597,0.1042,0.1018,0.1143,0.1114,0.1365,0.1216,0.1607,0.1527,0.1341914,-0.45825565,0.081426345,0.088629864,0.19109666,0.096650004,0.101799995,0.1049,0.1182,0.114250004,0.1354,0.1488,0.14195001,0.16865,0.1624,0.17303832,-0.24717973,0.06252934,0.09129318,0.054142475,0.1562,0.1447,0.1208,0.116,0.1227,0.1513,0.1521,0.1198,0.1713,0.1504,0.11469358,-0.08417691,0.05936901,0.016115304,-0.026981976,0.082,0.0965,0.0831,0.1305,0.1345,0.1195,0.1265,0.152,0.1765,0.1788,0.20706007,-0.29303917,0.16501595,0.07610589,0.10916445,0.20706007,0.11469358,0.09236649,0.035612717,3.0,-0.08417691,-11.587324,-23.9963,-12.408976,-11.177286,-15.767168,-4.589882,0.015539472,0.0002746667,0.01378449,0.00019332812,0.06461684,304.06033,6.433811,0.069507465,0.08789263,432006.7917264564,2637982.162921711
429,4,mining_bare,399,361,30000,0.0914,0.1155,0.1095,0.1102,0.1186,0.1048,0.1361,0.1152,0.1394,0.1399,0.10830574,-0.09376189,0.011978218,0.022182666,0.04492015,0.0759,0.086449996,0.10215,0.11565,0.119100004,0.1254,0.118,0.1318,0.15905,0.13395,0.07199604,-0.29572183,0.14816765,0.06526544,0.14787927,0.09065,0.094349995,0.098900005,0.10765,0.119849995,0.1117,0.1056,0.1213,0.14065,0.14559999,0.032762647,-0.19702047,0.14233446,0.059619747,0.09935731,0.0606,0.0743,0.0769,0.0889,0.0932,0.0999,0.1073,0.104,0.1427,0.1404,0.16503713,-0.31520593,0.14159943,0.078278504,0.133419,0.16503713,0.032762647,0.13227448,0.04869294,3.0,-0.09376189,-8.994556,-19.320381,-10.325825,-12.656492,-17.275543,-4.619051,0.01140239,0.00012866191,0.010241092,7.72696e-05,0.052243553,745.0665,26.233368,0.37293786,-0.23728971,437236.47761768074,2632009.558432027
430,4,mining_bare,376,104,10001,0.116,0.1244,0.1209,0.1185,0.1392,0.1224,0.1418,0.1391,0.1539,0.145,0.07955814,-0.10600034,0.040919695,0.079968624,0.031918865,0.09765,0.09,0.1025,0.108449996,0.106,0.1083,0.1334,0.114649996,0.1381,0.1336,0.13098714,-0.21087147,0.01731119,0.027790109,0.020248033,0.0959,0.0992,0.1354,0.1191,0.1289,0.1408,0.1367,0.1368,0.1634,0.1473,0.0047776634,-0.24447732,0.08897001,0.069167405,0.12457634,0.0966,0.0908,0.1089,0.1231,0.1407,0.119,0.1383,0.1116,0.1633,0.139,0.11893155,-0.28531957,0.08289094,-0.04899852,0.07355535,0.13098714,0.0047776634,0.12620947,0.04930302,1.0,-0.10600034,-16.417912,-21.379955,-4.962044,-17.159082,-18.48777,-1.3286877,0.009304409,0.00010850273,0.012441893,0.000110250636,0.062631585,344.6921,7.48662,0.122085735,-0.045516733,432082.26012405613,2632474.9361539446
431,4,mining_bare,421,378,30000,0.105,0.0877,0.0895,0.1332,0.1377,0.1265,0.1522,0.1555,0.1462,0.1542,0.25941142,-0.2501058,-0.020107161,0.07724251,-0.043619286,0.10564999,0.10375,0.099,0.1349,0.1347,0.14109999,0.17359999,0.1625,0.1528,0.14320001,0.27365997,-0.19119003,-0.06372528,0.092803955,-0.05168989,0.08014999,0.08825,0.096200004,0.11305,0.14575,0.1317,0.15920001,0.14919999,0.14725,0.1343,0.24667095,-0.25052974,-0.038994864,0.13784501,0.008492101,0.064,0.0678,0.072,0.0762,0.1338,0.1276,0.1375,0.1544,0.156,0.1412,0.3126477,-0.39410013,0.06303215,0.3391139,0.06169951,0.3126477,0.24667095,0.065976754,0.024749778,3.0,-0.19119003,-11.561808,-18.001015,-6.439207,-12.721145,-18.143429,-5.422284,0.033284675,0.0005894167,0.05141367,0.00050793734,0.24703614,987.7241,16.036728,0.25002754,-0.11748283,437576.0315006776,2631575.9406099175
432,4,mining_bare,391,348,30001,0.101,0.0764,0.11,0.1127,0.1306,0.1207,0.1548,0.1127,0.125,0.156,0.16918363,-0.24130964,-0.106504254,0.0,-0.04237972,0.09415,0.10365,0.1053,0.127,0.11235,0.12175,0.116799995,0.13284999,0.15959999,0.16049999,0.05177822,-0.21253474,0.15484747,0.022512851,0.11337585,0.0823,0.09715,0.1047,0.1291,0.12015,0.122099996,0.12305,0.12305,0.16589999,0.1488,0.08057044,-0.26135615,0.14829502,-0.02399355,0.13709393,0.081,0.0933,0.1018,0.0993,0.1221,0.0957,0.1154,0.1096,0.1685,0.142,0.062614806,-0.2872411,0.18703702,0.049305666,0.15834548,0.16918363,0.05177822,0.11740541,0.04627504,0.0,-0.21253474,-12.4421215,-21.240257,-8.798136,-15.650395,-25.189495,-9.5391,0.009006875,6.828535e-05,0.012393895,0.000112093185,0.058957323,627.7756,17.09304,0.22607084,-0.18783882,436973.2676077691,2632174.8409325844
433,4,mining_bare,381,112,10001,0.119,0.121,0.1159,0.1192,0.1185,0.1267,0.1249,0.1283,0.1639,0.1389,0.037375245,-0.15057862,0.13504109,0.03676752,0.06855056,0.0903,0.09015,0.0951,0.097550005,0.112100005,0.096,0.1223,0.12035,0.15885,0.14285,0.12511441,-0.2759025,0.13000132,0.104634665,0.08862913,0.07965,0.1178,0.1047,0.11534999,0.12185,0.114549994,0.117249995,0.1398,0.15005001,0.12785,0.056544,-0.12040281,0.122708164,0.09582563,0.12808566,0.1111,0.1254,0.1195,0.0983,0.1154,0.1059,0.135,0.1211,0.1581,0.1457,0.060903527,-0.11534345,0.07881238,0.1039193,0.06014879,0.12511441,0.037375245,0.08773917,0.033037033,1.0,-0.11534345,-9.706954,-19.646973,-9.940019,-14.399514,-24.373682,-9.974168,0.0086315125,9.0353235e-05,0.007902344,5.8902184e-05,0.047012005,359.2522,3.3770676,0.05793284,0.010667722,432248.76282754034,2632370.8155544885
434,4,mining_bare,380,377,30001,0.1033,0.1127,0.1177,0.0993,0.1386,0.136,0.1411,0.1328,0.1642,0.1617,0.09041696,-0.18598703,0.07566299,0.14433372,0.071251996,0.08455,0.09785,0.101050004,0.10995,0.112900004,0.122549996,0.1254,0.1306,0.1637,0.14655,0.10752879,-0.2517673,0.13247962,0.085844606,0.11544109,0.0853,0.1021,0.0969,0.10865,0.11975,0.10475,0.13845,0.1336,0.15155,0.15665,0.1765448,-0.19495288,0.04517225,0.10299234,0.052308235,0.0596,0.1003,0.0602,0.112,0.1058,0.109,0.1239,0.1166,0.1518,0.1599,0.3460057,-0.20428324,0.10119662,0.020122379,0.07206055,0.3460057,0.09041696,0.25558874,0.10105316,3.0,-0.18598703,-12.899389,-16.575436,-3.6760464,-10.203795,-16.168055,-5.964259,0.008599353,0.00011320147,0.033449437,0.00024144337,0.17048274,656.6916,18.641665,0.30391636,-0.09904521,437540.0053522006,2632388.960562933
435,4,mining_bare,374,124,10001,0.1356,0.1443,0.1111,0.1256,0.124,0.1319,0.1406,0.1587,0.1546,0.1641,0.11720253,-0.034459554,0.047425307,0.116425924,-0.01937626,0.0854,0.10365,0.122600004,0.1079,0.1143,0.1293,0.12,0.116,0.1698,0.13679999,-0.010717214,-0.24190801,0.17184205,0.036176685,0.17476866,0.0855,0.1029,0.0928,0.1108,0.1333,0.1303,0.1291,0.1152,0.1492,0.1439,0.16358645,-0.18365659,0.072224006,0.01946894,0.060008664,0.116,0.1178,0.1391,0.1189,0.1379,0.125,0.1592,0.1371,0.1813,0.1444,0.06738159,-0.21230288,0.06490436,0.071093455,0.075889714,0.16358645,-0.010717214,0.17430367,0.06458213,2.0,-0.034459554,-12.803791,-19.495985,-6.692194,-8.753766,-23.431173,-14.677407,0.0074930442,0.00010528469,0.01159194,0.00013567353,0.066331565,338.37302,0.48752496,-0.0077359015,0.0035434077,432494.09918289573,2632510.4429024486
436,4,mining_bare,370,151,10001,0.1223,0.1178,0.1357,0.1211,0.1276,0.1516,0.1237,0.1107,0.1384,0.1504,-0.046260428,-0.08040563,0.056085255,-0.044866093,0.054027993,0.0905,0.09185,0.100899994,0.11915,0.09825,0.11505,0.13260001,0.1181,0.14590001,0.1542,0.13575965,-0.22733873,0.047755662,-0.0044256733,0.05043615,0.0999,0.1057,0.12019999,0.1044,0.12459999,0.097550005,0.1188,0.116000004,0.1587,0.14750001,-0.0058576907,-0.2004531,0.14378327,0.052631352,0.12098048,0.1058,0.1124,0.0847,0.1189,0.1003,0.1211,0.125,0.1067,0.1456,0.1674,0.19217837,-0.12868167,0.07612686,-0.054077763,-0.0010843471,0.19217837,-0.046260428,0.2384388,0.09813052,3.0,-0.08040563,-8.721215,-18.060001,-9.338786,-8.061768,-17.37788,-9.3161125,0.011047532,9.722896e-05,0.008635127,6.28867e-05,0.05263475,315.277,10.722903,0.034999654,0.18273784,433034.8942698715,2632588.3368087737
437,4,mining_bare,411,354,30000,0.0995,0.0902,0.1073,0.1024,0.1219,0.1143,0.1261,0.1001,0.1509,0.1299,0.08054809,-0.25176173,0.08953036,-0.01135794,0.06738304,0.076749995,0.096,0.11495,0.1038,0.09895,0.1011,0.12365,0.1153,0.1442,0.13395,0.036462538,-0.20066527,0.07672175,0.052487213,0.12784219,0.0862,0.09065,0.09595,0.10125,0.09795,0.0948,0.1137,0.1127,0.1577,0.118949994,0.08466452,-0.26998082,0.16212171,0.053516924,0.118509285,0.0536,0.0622,0.0601,0.1047,0.0962,0.1074,0.1042,0.103,0.1298,0.1258,0.26840982,-0.35208157,0.10940128,-0.008184838,0.09232076,0.26840982,0.036462538,0.23194727,0.089140974,3.0,-0.20066527,-10.711298,-20.122498,-9.4112,-11.215903,-18.540375,-7.3244715,0.0064740437,5.3061856e-05,0.011836493,0.00017908454,0.06714694,790.80414,28.337088,0.22296178,-0.41903257,437098.70568754623,2631774.914742638
438,4,mining_bare,359,126,10001,0.1319,0.129,0.1066,0.1003,0.1125,0.1385,0.1182,0.1543,0.1828,0.1676,0.051601175,-0.17254595,0.21461721,0.21209659,0.07284508,0.09395,0.09255,0.09545,0.10535,0.090749994,0.1131,0.1249,0.12375,0.18415,0.1518,0.1336504,-0.3310432,0.19171591,0.08031391,0.121877566,0.088,0.0801,0.1011,0.1059,0.1246,0.1074,0.1206,0.1029,0.1658,0.1634,0.08795632,-0.34851426,0.15782067,-0.0143677415,0.12260753,0.1141,0.1278,0.1259,0.1449,0.149,0.1378,0.1377,0.1324,0.1503,0.1438,0.04476465,-0.080905825,0.043749813,-0.045077324,0.046212025,0.1336504,0.04476465,0.088885754,0.03531524,1.0,-0.080905825,-12.158587,-19.32227,-7.163682,-11.491049,-17.769995,-6.278946,0.009914738,8.5453634e-05,0.01138821,0.0001328371,0.08085522,317.9417,2.6156409,-0.007854465,-0.044954684,432522.4053009427,2632812.669461453
439,4,mining_bare,399,370,30000,0.0925,0.0949,0.0805,0.1002,0.1488,0.1107,0.1445,0.148,0.1739,0.1583,0.2844432,-0.2938977,0.092336364,0.19258587,0.035408925,0.0871,0.095,0.11795,0.12115,0.12654999,0.12145001,0.1286,0.14025,0.1528,0.1525,0.043195937,-0.23325168,0.085998245,0.0730678,0.113166556,0.1117,0.101349995,0.1012,0.0992,0.114649996,0.1231,0.12755,0.105299994,0.15785,0.16104999,0.11519078,-0.21797757,0.10616638,0.029828666,0.03973503,0.0802,0.0798,0.0797,0.0934,0.1108,0.1052,0.1223,0.1183,0.1553,0.163,0.21089004,-0.3211386,0.118875675,0.11761871,0.074285574,0.2844432,0.043195937,0.24124727,0.09176043,0.0,-0.21797757,-9.506218,-18.971256,-9.465038,-10.21903,-16.619879,-6.4008484,0.0087907575,5.091428e-05,0.008617853,8.2150436e-05,0.049914416,783.6272,19.740932,0.3335792,-0.05302793,437418.24715851434,2632019.4042967213
440,4,mining_bare,398,367,30000,0.0914,0.0949,0.1166,0.0915,0.1242,0.1107,0.1274,0.1207,0.1656,0.1457,0.044262104,-0.2714001,0.130375,0.1376054,0.12654668,0.099350005,0.0914,0.09505,0.1072,0.1219,0.11595,0.10665,0.1337,0.16515,0.15720001,0.057510883,-0.28746718,0.21523097,0.1100037,0.11625885,0.09245,0.108500004,0.08415,0.12665,0.125,0.1217,0.126,0.14109999,0.16595,0.14315,0.19914252,-0.20932695,0.13683802,0.05396799,0.067548685,0.0679,0.0767,0.0897,0.1058,0.1081,0.1188,0.1189,0.1145,0.1611,0.1459,0.13998017,-0.3549186,0.15071374,0.039491415,0.14625196,0.19914252,0.044262104,0.1548804,0.06309036,2.0,-0.20932695,-12.954664,-17.223572,-4.2689075,-10.667552,-16.409939,-5.742387,0.0055205617,3.9846207e-05,0.009253119,6.8485344e-05,0.050984398,771.303,19.886383,0.28943664,-0.17869693,437349.53662433097,2632020.185023159
441,4,mining_bare,373,80,1,0.104,0.1158,0.1206,0.1427,0.1421,0.1266,0.1364,0.1022,0.1492,0.1433,0.061478354,-0.12603727,0.044817794,-0.16537295,0.057624355,0.0715,0.083299994,0.088300005,0.100999996,0.0969,0.12205,0.11415,0.12685001,0.1686,0.13964999,0.1276852,-0.33862507,0.1925722,0.11345139,0.1609984,0.0806,0.109950006,0.111949995,0.10175,0.13155,0.13085,0.1258,0.113749996,0.16585,0.1448,0.058254242,-0.20268235,0.13732165,0.05568417,0.14745939,0.1165,0.1162,0.1065,0.1172,0.1196,0.1225,0.1525,0.1294,0.1745,0.1416,0.1776055,-0.20054969,0.06727807,0.049472623,0.021818185,0.1776055,0.058254242,0.11935125,0.04964667,3.0,-0.12603727,-12.037828,-16.975636,-4.937807,-11.220987,-15.933745,-4.712758,0.012843659,0.00022921331,0.04166026,0.0003231569,0.16341114,326.0673,6.680771,-0.019686673,-0.11465962,431602.17495759955,2632532.4888698794
442,4,mining_bare,377,118,10001,0.1255,0.1405,0.1397,0.1409,0.1465,0.1157,0.1388,0.1712,0.1616,0.1587,-0.0032315874,-0.06984419,0.07589854,0.09708398,0.06541714,0.10955,0.0856,0.118650004,0.123799995,0.1135,0.1269,0.12834999,0.1277,0.1692,0.15505001,0.039271038,-0.32809913,0.13728744,0.01550692,0.095007,0.0914,0.1047,0.1033,0.1102,0.1084,0.1191,0.1379,0.1368,0.1533,0.1536,0.14344881,-0.18837136,0.05288446,0.107691884,0.056184284,0.1434,0.0923,0.1308,0.1386,0.1428,0.1393,0.141,0.1326,0.1778,0.1388,0.03752749,-0.31654826,0.11543249,-0.022123856,0.04080941,0.14344881,-0.0032315874,0.1466804,0.05423231,2.0,-0.06984419,-13.636313,-22.179531,-8.543218,-11.728294,-16.284603,-4.5563087,0.010136522,0.00013210507,0.013134122,0.00017908834,0.0757756,340.8588,5.944823,0.09839693,0.03232535,432376.0179736286,2632454.269682207
443,4,mining_bare,361,155,10001,0.1002,0.1334,0.1207,0.1177,0.1017,0.12,0.1234,0.1158,0.1351,0.1452,0.011060999,-0.0063314987,0.04526096,-0.00813702,0.06716717,0.073750004,0.098000005,0.0912,0.1065,0.109799996,0.09455,0.12105,0.112399995,0.14535001,0.13865,0.14063537,-0.19457492,0.0912159,0.026952803,0.09678892,0.07745,0.09995,0.08715,0.0813,0.10835,0.1255,0.11595,0.11555,0.15065,0.1484,0.14180139,-0.20231362,0.13015701,0.17398946,0.10296823,0.0996,0.1023,0.0881,0.1116,0.1359,0.1187,0.1379,0.1303,0.1362,0.1322,0.22035298,-0.14213774,-0.006202089,0.07730437,-0.02858374,0.22035298,0.011060999,0.20929198,0.07508841,3.0,-0.0063314987,-14.766896,-22.577282,-7.8103857,-12.482701,-15.872691,-3.3899899,0.012100402,0.000112249065,0.010452304,7.361355e-05,0.057898056,325.9403,4.4967337,-0.05871634,0.051954836,433110.88379749877,2632772.2739771227
444,4,mining_bare,345,122,10001,0.1302,0.1088,0.1245,0.1401,0.1595,0.1508,0.1431,0.1657,0.1862,0.1466,0.069506444,-0.26237196,0.13088329,0.08371457,0.064040996,0.08115,0.09645,0.10765,0.12455,0.1287,0.1374,0.14355001,0.15715,0.18355,0.1681,0.14291348,-0.3110703,0.12228636,0.11572553,0.12890065,0.100449994,0.0787,0.10035,0.1189,0.1428,0.1604,0.16245,0.15135,0.18685001,0.15025,0.23630045,-0.4072664,0.06985382,0.120073564,0.044173725,0.1196,0.1284,0.13,0.1328,0.1446,0.1542,0.1539,0.1826,0.1949,0.1499,0.08418428,-0.20569068,0.11754555,0.15789425,0.08589558,0.23630045,0.069506444,0.166794,0.065542854,2.0,-0.20569068,-8.350529,-16.084042,-7.733513,-10.650703,-21.495283,-10.84458,0.051164646,0.00082642346,0.06237796,0.0004425667,0.19720079,309.87463,9.900938,0.13055913,0.11189044,432459.06621211226,2633096.4899608814
445,4,mining_bare,83,115,10004,0.0405,0.0728,0.068,0.0751,0.0948,0.1112,0.1139,0.1066,0.12,0.1303,0.25233504,-0.24481198,0.026079405,0.17336176,0.09813056,0.0685,0.089,0.09,0.088,0.12515,0.102249995,0.11875,0.113299996,0.16785,0.127,0.13772386,-0.30698732,0.17131832,0.12568241,0.1586157,0.1279,0.1157,0.1062,0.1155,0.1028,0.1313,0.1383,0.153,0.1153,0.1194,0.1312878,0.0017315913,-0.09069365,0.13966425,-0.09165451,0.0565,0.0504,0.0961,0.075,0.0951,0.1294,0.1287,0.1278,0.1278,0.115,0.14501715,-0.43434098,-0.0035087592,0.26035374,0.09459766,0.25233504,0.1312878,0.12104724,0.04974208,0.0,0.0017315913,-12.6194725,-20.306782,-7.6873093,-20.881441,-19.128315,1.7531261,0.036707103,0.00050425687,0.046646696,0.00030358677,0.18698208,287.65765,0.9877691,0.013544635,0.010664191,432313.5229852663,2638323.550321385
446,4,mining_bare,376,124,10001,0.1179,0.1338,0.1188,0.1144,0.1421,0.128,0.1631,0.147,0.1797,0.1926,0.15714738,-0.14641102,0.048424587,0.12471261,0.030198364,0.09505,0.09655,0.1143,0.116,0.117599994,0.116050005,0.1376,0.12595001,0.1681,0.16690001,0.09249667,-0.27035603,0.099770665,0.04112408,0.09659237,0.0814,0.0737,0.1378,0.1094,0.1308,0.1246,0.1535,0.1345,0.1825,0.1685,0.05389618,-0.42466652,0.086309254,0.10291061,0.15381815,0.1106,0.1205,0.133,0.1377,0.1219,0.1435,0.1416,0.1269,0.1621,0.1436,0.031318154,-0.14720403,0.06750061,-0.040816184,0.078384645,0.15714738,0.031318154,0.12582922,0.0477075,0.0,-0.14641102,-15.544587,-19.352352,-3.807765,-10.113266,-24.714169,-14.600903,0.013522214,0.00026893138,0.01105242,0.00012874372,0.057774812,338.9026,2.7839506,0.02952863,0.03856298,432498.10718186834,2632471.3187225102
447,4,mining_bare,356,115,10001,0.0871,0.1147,0.1268,0.1173,0.1253,0.1467,0.1479,0.1426,0.1539,0.1392,0.076810785,-0.14594138,0.01988064,0.09734476,0.08861724,0.08715,0.0967,0.0924,0.10675,0.11235,0.1268,0.124400005,0.131,0.16905001,0.15735,0.14760081,-0.27224737,0.15215488,0.10199747,0.10549659,0.083749995,0.09545,0.096599996,0.122099996,0.1231,0.1286,0.133,0.1344,0.1629,0.13965,0.15853593,-0.2610789,0.10104731,0.047953025,0.08976359,0.1166,0.1178,0.1264,0.1431,0.1269,0.1313,0.1326,0.1484,0.1161,0.1537,0.023938132,0.007268028,-0.066344716,0.018181758,-0.013626155,0.15853593,0.023938132,0.1345978,0.05478044,2.0,0.007268028,-11.05876,-18.287853,-7.2290936,-17.027346,-24.45213,-7.4247837,0.009585241,8.6423875e-05,0.011978217,6.7623885e-05,0.05904893,319.72427,6.6219063,0.0074602636,-0.11507538,432318.48276662634,2632866.083930461
448,4,mining_bare,392,373,30001,0.1251,0.1181,0.1107,0.1477,0.134,0.1213,0.1431,0.1251,0.1847,0.1397,0.12765907,-0.21994641,0.12690628,-0.08284425,0.04826112,0.0898,0.11005,0.11669999,0.11325,0.13229999,0.135,0.14469999,0.14285001,0.1733,0.1686,0.10711511,-0.22322136,0.089936845,0.115579434,0.10581486,0.1033,0.11175,0.114700004,0.12625,0.13139999,0.1238,0.13425,0.1435,0.18384999,0.15615001,0.07852949,-0.24390982,0.15592529,0.063947864,0.11378456,0.1068,0.0917,0.1143,0.1091,0.1126,0.1422,0.1273,0.1223,0.1474,0.1591,0.053807713,-0.23295596,0.07317051,0.05704383,0.055667534,0.12765907,0.053807713,0.073851354,0.0280176,0.0,-0.21994641,-10.422218,-17.756477,-7.334259,-9.486043,-22.242666,-12.756623,0.006655631,5.3854794e-05,0.009273528,0.00011352207,0.050098337,739.72424,17.161968,0.2950724,-0.0009364607,437463.7612241873,2632150.438688005
449,4,mining_bare,428,355,30000,0.1065,0.1018,0.1101,0.1439,0.1316,0.116,0.1057,0.1263,0.1599,0.1589,-0.020389155,-0.22200905,0.20406547,-0.065136686,0.11986699,0.103149995,0.09550001,0.12365,0.12415001,0.1154,0.1171,0.1327,0.126,0.16725,0.1543,0.035303146,-0.27307218,0.115185514,0.0073955082,0.104508586,0.1023,0.1174,0.1159,0.1116,0.1144,0.1227,0.1171,0.1175,0.1528,0.1371,0.0051501836,-0.13101356,0.1322707,0.025752848,0.101003684,0.0565,0.0889,0.1029,0.087,0.1084,0.0858,0.1212,0.1042,0.1354,0.1484,0.08165963,-0.2073107,0.05533881,0.0899577,0.14567271,0.08165963,-0.020389155,0.102048784,0.037979983,3.0,-0.13101356,-11.151244,-19.08546,-7.9342165,-12.371493,-19.752344,-7.380851,0.010210034,0.00016207667,0.014070887,0.00017597886,0.093129225,919.4149,27.607056,0.3482608,-0.3057103,437116.4635645605,2631436.805317424
450,4,mining_bare,380,364,30001,0.1004,0.0886,0.1075,0.1231,0.1265,0.1555,0.1329,0.1534,0.1653,0.1282,0.10565679,-0.3020862,0.108651526,0.10958371,0.078047656,0.0853,0.082550004,0.09185,0.095249996,0.122600004,0.1429,0.14074999,0.16330001,0.1655,0.1321,0.21023124,-0.33440703,0.0808161,0.26319763,0.064749576,0.07295,0.08235,0.09945,0.1096,0.12815,0.13755,0.14449999,0.13929999,0.16375,0.137,0.1846682,-0.33075848,0.062449127,0.119324505,0.095183395,0.036,0.0615,0.0636,0.1133,0.1224,0.1497,0.1307,0.1461,0.1413,0.1285,0.3453405,-0.39348918,0.03897039,0.12644513,0.1027984,0.3453405,0.10565679,0.2396837,0.08636784,3.0,-0.3020862,-7.8732257,-18.715418,-10.842192,-16.366268,-17.281267,-0.914999,0.038243383,0.0005904265,0.052315213,0.00034077777,0.2318844,635.2198,15.141991,0.2521274,-0.068289585,437280.2685939679,2632381.312579664
451,4,mining_bare,381,113,10001,0.1014,0.1243,0.1226,0.1277,0.1239,0.1185,0.1247,0.1438,0.1717,0.1542,0.0084917,-0.16013458,0.15856895,0.05929998,0.13105276,0.074149996,0.09025,0.10265,0.114,0.11805,0.1112,0.13095,0.11305,0.1577,0.1518,0.121146746,-0.27202955,0.09267245,-0.0041840873,0.118702054,0.0887,0.09655,0.1131,0.112900004,0.12225,0.10955,0.13185,0.1155,0.16865,0.16115001,0.07654594,-0.2718692,0.12246214,0.011383484,0.12183927,0.1094,0.1175,0.1317,0.1197,0.1131,0.1307,0.1384,0.1505,0.1721,0.1647,0.024805568,-0.18853524,0.10853423,0.113989204,0.10152265,0.121146746,0.0084917,0.11265504,0.04439637,1.0,-0.16013458,-15.497594,-18.912392,-3.4147978,-13.166373,-17.212275,-4.0459013,0.00826649,6.260046e-05,0.008586781,6.198158e-05,0.049432293,358.6978,4.687505,0.07105739,0.040363293,432276.65308172384,2632374.9407688603
452,5,shrub_grass,380,350,30001,0.0787,0.1364,0.11,0.1019,0.1158,0.106,0.1307,0.1352,0.1565,0.1368,0.08599884,-0.068623856,0.089832515,0.14044647,0.11998293,0.09155,0.0865,0.13485,0.108500004,0.12705001,0.111650005,0.12945,0.1234,0.14325,0.1336,-0.020431258,-0.24700657,0.050604906,0.06425155,0.11440575,0.0637,0.111,0.1057,0.1045,0.1134,0.1093,0.1537,0.1284,0.1617,0.1631,0.18504165,-0.18591787,0.025364539,0.10261869,0.103135124,0.0686,0.0996,0.1104,0.0766,0.1163,0.112,0.1047,0.0979,0.143,0.1437,-0.026499178,-0.17889458,0.15462193,0.122062355,0.18771927,0.18504165,-0.026499178,0.21154083,0.08689005,2.0,-0.068623856,-11.118059,-19.020935,-7.902876,-11.725642,-21.36309,-9.637448,0.019166498,0.00029468082,0.0132025825,0.00018032664,0.06647416,592.9265,20.938475,0.18943866,-0.30302298,437001.7022197656,2632381.1850414695
453,4,mining_bare,388,347,30001,0.0976,0.1083,0.0833,0.1295,0.1077,0.1147,0.1114,0.1445,0.1698,0.1377,0.14432386,-0.22114265,0.20768061,0.05474433,0.09543371,0.0788,0.11225,0.1047,0.10885,0.1151,0.1294,0.1332,0.1331,0.15470001,0.16215,0.11979775,-0.15901798,0.07467846,0.10022691,0.10055132,0.078,0.1082,0.111,0.116,0.114,0.1196,0.1191,0.1397,0.1533,0.1501,0.035201915,-0.17246589,0.12555021,0.09268637,0.14564335,0.0782,0.0774,0.0899,0.106,0.1045,0.1067,0.1041,0.1209,0.1684,0.1427,0.07319547,-0.37021822,0.23596245,0.065667406,0.17249167,0.14432386,0.035201915,0.10912194,0.042086303,0.0,-0.15901798,-11.104991,-25.482674,-14.377683,-9.737384,-17.003635,-7.2662516,0.010533915,0.000106436106,0.013174584,0.00014228746,0.06421463,609.35095,18.146528,0.2610894,-0.16980079,436956.1212172089,2632239.734968089
454,4,mining_bare,369,132,10001,0.1184,0.1099,0.1103,0.1082,0.1179,0.1256,0.1143,0.1314,0.1498,0.1363,0.017809363,-0.15363823,0.13441828,0.09682766,0.05560057,0.081,0.098749995,0.10285,0.09905,0.1157,0.1184,0.126,0.1354,0.15335,0.1493,0.10115754,-0.21657985,0.09790548,0.15504305,0.106217355,0.0613,0.0846,0.1031,0.0905,0.1017,0.1275,0.0989,0.1241,0.1448,0.1363,-0.020791998,-0.2624226,0.1883456,0.15656964,0.2148978,0.107,0.1225,0.13,0.1329,0.1037,0.1311,0.1535,0.1307,0.1505,0.1679,0.08289215,-0.10256371,-0.009868408,-0.008345919,0.036968473,0.10115754,-0.020791998,0.12194954,0.049135316,1.0,-0.10256371,-11.400818,-22.754921,-11.354103,-10.443023,-19.411287,-8.968265,0.0111768935,0.0001307878,0.011312599,0.000119912955,0.07525489,342.63855,2.0698032,0.03609552,0.0012461748,432643.21568623395,2632610.4923667023
455,4,mining_bare,108,108,10003,0.0756,0.0849,0.1213,0.1287,0.1171,0.1382,0.1372,0.1441,0.1663,0.1512,0.061508473,-0.3240433,0.09588107,0.056451377,0.1494801,0.11795,0.112100005,0.12595001,0.1284,0.12990001,0.133,0.1496,0.15685,0.1884,0.18865,0.08582799,-0.25390926,0.114792556,0.099736705,0.08042608,0.1531,0.1476,0.1302,0.1627,0.1472,0.1135,0.1471,0.1554,0.1956,0.1722,0.060944613,-0.13985975,0.14152278,-0.022948701,0.04089453,0.0942,0.099,0.112,0.1048,0.1098,0.1392,0.1619,0.1348,0.188,0.1604,0.18218258,-0.31010342,0.07459251,0.12520817,0.078942515,0.18218258,0.060944613,0.12123796,0.049847286,3.0,-0.13985975,-15.9198475,-22.456991,-6.5371437,-9.979504,-21.746143,-11.76664,0.011517707,0.00014919805,0.028616605,0.00046762472,0.07802545,289.40497,3.5716002,-0.0573023,0.024437994,432177.8559484176,2637834.0773882894
456,4,mining_bare,392,134,10001,0.104,0.1329,0.1015,0.1228,0.1272,0.1191,0.1649,0.1356,0.1563,0.143,0.2379871,-0.08091255,-0.026774546,0.049535412,-0.02107462,0.0905,0.0978,0.0985,0.11645,0.1169,0.12575,0.11735,0.1318,0.1584,0.14795,0.087328754,-0.236533,0.14886619,0.06183258,0.105540425,0.0881,0.10405,0.11125,0.1087,0.135,0.112399995,0.12525,0.12235001,0.15509999,0.1519,0.059196364,-0.19698933,0.10647365,0.059077896,0.11048544,0.1171,0.1188,0.0998,0.1323,0.1183,0.1121,0.1145,0.1189,0.1663,0.1452,0.06859512,-0.16660762,0.18447228,-0.053343743,0.069318704,0.2379871,0.059196364,0.17879073,0.07271022,0.0,-0.08091255,-15.153063,-18.897676,-3.7446136,-15.428377,-17.050331,-1.621954,0.0067611416,5.979125e-05,0.03413306,0.00024286138,0.13236406,319.34015,3.7804668,-0.052014105,0.040519,432690.3152404329,2632145.5892715356
457,4,mining_bare,95,103,10004,0.06,0.0915,0.0994,0.0977,0.1032,0.1264,0.1339,0.1366,0.1659,0.1608,0.14787765,-0.2890432,0.10673748,0.16602576,0.15548746,0.10505,0.0956,0.1279,0.1363,0.1417,0.13984999,0.14515,0.14635,0.1805,0.15715,0.06317501,-0.30749613,0.10855177,0.035556212,0.10418886,0.1327,0.1399,0.1382,0.1291,0.1353,0.1324,0.1578,0.1469,0.1889,0.174,0.066216,-0.14902629,0.08970262,0.06449253,0.059261553,0.1082,0.0928,0.121,0.1248,0.128,0.1464,0.1368,0.1589,0.1806,0.1539,0.0612876,-0.32114,0.13799576,0.12019695,0.10354903,0.14787765,0.0612876,0.08659005,0.036553126,0.0,-0.14902629,-13.40368,-20.260845,-6.8571653,-12.811637,-14.769332,-1.957695,0.008577014,6.759555e-05,0.009604363,8.930265e-05,0.05091035,292.88705,4.656108,-0.002909073,0.08112285,432077.1058872184,2638094.8035851466
458,4,mining_bare,403,372,30000,0.0727,0.0958,0.1108,0.1444,0.1126,0.1117,0.1293,0.1166,0.1788,0.1594,0.07705091,-0.30225673,0.16066161,-0.106513,0.17819333,0.094050005,0.11095,0.1179,0.109249994,0.11825,0.1261,0.14525,0.13284999,0.16534999,0.16515,0.1039327,-0.19688669,0.06471324,0.09747997,0.08410658,0.09065,0.10095,0.10425,0.112399995,0.13155,0.11775,0.12815,0.14275,0.14945,0.15,0.1028395,-0.19368932,0.07672884,0.11894917,0.07386229,0.0636,0.0863,0.0958,0.1016,0.0966,0.1197,0.1262,0.1223,0.158,0.1385,0.13693635,-0.29349044,0.11189263,0.09245158,0.14427379,0.13693635,0.07705091,0.059885442,0.021252912,3.0,-0.19368932,-13.60941,-19.717505,-6.108094,-8.825138,-18.855911,-10.030773,0.0076872804,8.066256e-05,0.011154999,0.00020739979,0.06315944,822.2752,25.319065,0.39755827,-0.15760511,437450.63729450805,2631926.4471828775
459,4,mining_bare,103,82,3,0.0603,0.0639,0.0718,0.085,0.1079,0.1155,0.1251,0.1182,0.1419,0.1618,0.2706944,-0.37900692,0.06292111,0.163385,0.070909336,0.1035,0.09370001,0.113450006,0.099,0.1261,0.11665,0.13665,0.1206,0.1767,0.1342,0.09276248,-0.3069515,0.12781194,0.09836022,0.09428603,0.06855,0.0919,0.0822,0.1236,0.2122,0.2478,0.2758,0.2855,0.2182,0.14385,0.5382376,-0.40263322,-0.10751698,0.38783917,-0.059463184,0.0787,0.0978,0.0917,0.1195,0.1159,0.1028,0.1303,0.1265,0.159,0.1582,0.17387308,-0.23831679,0.099204615,0.028455168,0.09071115,0.5382376,0.09276248,0.4454751,0.16777998,2.0,-0.23831679,-11.951889,-18.814028,-6.8621387,-15.947073,-18.893637,-2.9465637,0.0,0.0,0.0,0.0,0.0,310.24432,4.9317613,0.02979332,0.08064158,431659.4338782051,2637933.5434121173
460,4,mining_bare,109,85,3,0.0557,0.079,0.088,0.1116,0.1205,0.119,0.1259,0.1055,0.1721,0.1602,0.17718478,-0.3707671,0.15503302,-0.028097518,0.17772204,0.0817,0.1028,0.0981,0.12675,0.1315,0.13095,0.12915,0.13949999,0.1944,0.16139999,0.13663307,-0.3082089,0.20166835,0.047887083,0.16221282,0.06855,0.0919,0.0822,0.1236,0.2122,0.2478,0.2758,0.2855,0.2182,0.14385,0.5382376,-0.40263322,-0.10751698,0.38783917,-0.059463184,0.0945,0.1133,0.1155,0.1135,0.1178,0.1256,0.131,0.1278,0.1479,0.1815,0.06288005,-0.13246502,0.060594987,0.059262097,0.07752087,0.5382376,0.06288005,0.47535753,0.18333022,2.0,-0.13246502,-13.234425,-18.919651,-5.6852264,-11.945594,-19.020033,-7.074439,0.051903717,0.0029369444,0.07603565,0.0013440192,0.22640187,314.4238,3.0684457,0.052840427,-0.008557488,431711.95602703135,2637804.2392630256
461,4,mining_bare,84,115,10004,0.0273,0.036,0.0422,0.0595,0.0858,0.0818,0.1158,0.1041,0.1315,0.1109,0.46581987,-0.5701459,0.06348541,0.27261445,0.09659064,0.07665,0.09365,0.099199995,0.08885,0.11395,0.10165,0.11130001,0.12655,0.12615,0.117850006,0.057481963,-0.14786102,0.062539175,0.17502241,0.09049089,0.1114,0.0889,0.1156,0.11,0.135,0.1232,0.1357,0.1227,0.128,0.127,0.07998378,-0.1802666,-0.029199721,0.05457647,-0.0071326215,0.0715,0.0763,0.0513,0.0809,0.0961,0.0825,0.0876,0.1033,0.1441,0.1304,0.26133722,-0.30762106,0.24384873,0.12160629,0.102397464,0.46581987,0.057481963,0.4083379,0.16438805,0.0,-0.14786102,-11.817723,-17.596548,-5.778825,-16.23168,-19.570408,-3.338728,0.007916003,8.702444e-05,0.037671894,0.0002919259,0.1664915,287.7606,1.0982183,-0.0052535012,0.018432302,432319.0284859073,2638314.760221457
462,4,mining_bare,385,94,1,0.1218,0.0983,0.1255,0.1348,0.1327,0.1254,0.1502,0.1302,0.1672,0.1454,0.08958982,-0.25950935,0.053560022,-0.017358437,0.03665658,0.0925,0.09325,0.109,0.11125,0.119500004,0.121549994,0.1246,0.1348,0.15924999,0.15540001,0.06678055,-0.26138505,0.12207106,0.09571188,0.105387636,0.1011,0.1207,0.120400004,0.1135,0.12755,0.1352,0.13825,0.1367,0.16894999,0.16995001,0.06901187,-0.16657974,0.09993456,0.09272546,0.094571434,0.1204,0.1362,0.1114,0.119,0.127,0.1146,0.1379,0.1182,0.1608,0.1488,0.10629718,-0.082828,0.0766653,-0.003372693,0.026201613,0.10629718,0.06678055,0.039516628,0.016162433,3.0,-0.082828,-8.708534,-20.293386,-11.584852,-9.014645,-21.56177,-12.547125,0.012316556,7.415179e-05,0.020366225,0.00025792356,0.076655746,362.33267,11.570241,0.15438937,-0.12803084,431890.70011026156,2632295.6437432864
463,4,mining_bare,84,107,10004,0.0796,0.0766,0.0952,0.0893,0.086,0.1231,0.1103,0.1182,0.1812,0.1443,0.07347894,-0.4057393,0.24322386,0.13927643,0.1855025,0.103750005,0.104949996,0.1214,0.11095,0.1228,0.13355,0.1354,0.1232,0.16995001,0.15805,0.054516915,-0.23644878,0.1131485,0.052316666,0.09839756,0.1485,0.1157,0.1252,0.1304,0.1367,0.13,0.1384,0.1498,0.1638,0.1534,0.05007568,-0.17209241,0.08405,0.06923601,0.003646496,0.0828,0.0951,0.1039,0.129,0.1314,0.1314,0.1104,0.1064,0.1742,0.1628,0.03033116,-0.29372337,0.22417349,-0.09600637,0.18013969,0.07347894,0.03033116,0.043147776,0.015336889,0.0,-0.17209241,-14.043886,-18.153168,-4.1092815,-11.124402,-23.974243,-12.849841,0.008168114,8.307693e-05,0.01291878,0.00015600197,0.06299888,298.65973,2.4374506,-0.014935687,0.0398198,432149.9946788459,2638309.662826607
464,4,mining_bare,376,143,10001,0.1151,0.1122,0.1391,0.1469,0.1431,0.1449,0.1265,0.1295,0.1346,0.1615,-0.047439598,-0.09076138,0.03102249,-0.062952,0.062293705,0.0861,0.1021,0.1035,0.1108,0.1299,0.10235,0.1315,0.1305,0.14945,0.1573,0.11914844,-0.1882322,0.06389014,0.081640795,0.07512471,0.10095,0.116000004,0.0988,0.09005,0.11005,0.12925,0.1241,0.1116,0.1594,0.15525001,0.113503285,-0.15758836,0.12451454,0.10686781,0.06859787,0.0969,0.1112,0.1,0.1217,0.1137,0.1246,0.117,0.1406,0.1607,0.1391,0.078340635,-0.18205154,0.15736346,0.072054625,0.09860912,0.11914844,-0.047439598,0.16658804,0.06727203,1.0,-0.09076138,-16.310957,-20.479378,-4.168421,-13.807865,-18.620464,-4.812599,0.00471583,4.0293573e-05,0.0089187585,7.6809265e-05,0.050864913,341.19345,5.3569727,-0.06582564,0.06620572,432878.3052584761,2632464.3374002827
465,4,mining_bare,380,103,10001,0.1107,0.1243,0.1196,0.1272,0.1335,0.1244,0.132,0.1228,0.1643,0.1676,0.049284387,-0.13859962,0.10901075,-0.017599959,0.07823759,0.092250004,0.0932,0.1011,0.104550004,0.1131,0.1101,0.11185001,0.10965,0.1682,0.15555,0.050481144,-0.2869155,0.20121332,0.023809398,0.13772672,0.104399994,0.0903,0.0993,0.12799999,0.12965,0.12515,0.12144999,0.126,0.16945,0.1401,0.10033928,-0.30471486,0.16500461,-0.007873941,0.086736634,0.1214,0.1062,0.1322,0.1362,0.1543,0.1243,0.1353,0.1327,0.1618,0.1414,0.011588715,-0.20746188,0.08919526,-0.013015942,0.067731895,0.10033928,0.011588715,0.08875056,0.03152788,2.0,-0.13859962,-13.530235,-21.313885,-7.7836494,-14.208129,-18.857878,-4.649749,0.007430137,9.039224e-05,0.010532058,8.465368e-05,0.052029423,353.11096,6.643281,0.100601114,-0.05712282,432074.3150747947,2632387.284806328
466,4,mining_bare,363,115,10001,0.0792,0.0749,0.1229,0.1026,0.0743,0.1193,0.1123,0.0903,0.1163,0.099,-0.04506784,-0.21652606,0.017497739,-0.063763276,0.110749654,0.06165,0.06665,0.0766,0.09165,0.099649996,0.09995,0.1082,0.0986,0.13205001,0.12865001,0.17099474,-0.32913774,0.099271215,0.036530677,0.10250968,0.0549,0.0717,0.0777,0.0928,0.098,0.0894,0.1067,0.0979,0.1102,0.1261,0.157266,-0.21165362,0.016136393,0.02674346,0.075250134,0.0896,0.1022,0.0951,0.1001,0.1187,0.1182,0.1057,0.1077,0.1438,0.1409,0.052788585,-0.16910501,0.15270482,0.036573425,0.10041434,0.17099474,-0.04506784,0.21606258,0.087419465,1.0,-0.16910501,-10.947836,-18.997253,-8.0494175,-16.148914,-17.108868,-0.9599533,0.0120310495,0.00013204946,0.012256256,0.00013289825,0.09175419,320.10834,7.6400127,0.09589378,-0.0920853,432319.4388751718,2632722.1406918736
467,4,mining_bare,383,92,1,0.1078,0.1079,0.1407,0.123,0.1337,0.1187,0.1633,0.1316,0.1753,0.16,0.07434184,-0.23799351,0.03543997,0.033778355,0.076477475,0.10345,0.09655,0.10055,0.110249996,0.11475,0.1181,0.14195,0.1257,0.1811,0.16845,0.17072092,-0.30451894,0.12118829,0.0654797,0.06877894,0.10805,0.108449996,0.113900006,0.125,0.12629999,0.1261,0.14285001,0.13995,0.1689,0.16095,0.11275517,-0.21795486,0.08356023,0.05642555,0.059771266,0.1343,0.1206,0.1138,0.1304,0.1612,0.1478,0.1383,0.146,0.1729,0.1462,0.09718329,-0.17819361,0.11118216,0.05643972,0.025210066,0.17072092,0.07434184,0.09637908,0.03561648,1.0,-0.17819361,-10.358671,-23.788082,-13.429411,-8.507284,-18.503935,-9.996651,0.009922578,8.240013e-05,0.031768873,0.00022024047,0.10457506,347.28427,16.059772,0.17372671,-0.21528757,431850.7844617412,2632338.1154458667
468,4,mining_bare,425,358,30000,0.1203,0.0838,0.1087,0.1158,0.1094,0.1347,0.1035,0.1246,0.1592,0.1561,-0.024505062,-0.31028676,0.2120281,0.036605503,0.08968862,0.0823,0.092250004,0.1107,0.105000004,0.1338,0.1158,0.11875,0.121350005,0.16685,0.15619999,0.035083756,-0.28791857,0.16841677,0.07223295,0.15984084,0.1072,0.0972,0.1386,0.0981,0.1121,0.1152,0.1248,0.1288,0.1725,0.1336,-0.052391633,-0.27919808,0.16044347,0.13530132,0.14564513,0.0658,0.0889,0.0679,0.074,0.1098,0.0883,0.0984,0.0939,0.1662,0.1288,0.18340236,-0.3030172,0.25623485,0.118522234,0.17549539,0.18340236,-0.052391633,0.235794,0.09110542,3.0,-0.27919808,-11.021128,-17.106369,-6.0852413,-14.178025,-19.68273,-5.5047045,0.0118215345,8.681964e-05,0.013522766,0.00015077647,0.062405314,919.3292,23.104685,0.23466127,-0.31451792,437163.29346748313,2631481.813084113
469,4,mining_bare,400,362,30000,0.1129,0.082,0.1099,0.1089,0.1197,0.1217,0.1148,0.1214,0.1651,0.1428,0.021806762,-0.33629972,0.17970638,0.05427677,0.09409168,0.0943,0.1014,0.1137,0.1021,0.113800004,0.12035,0.12745,0.13894999,0.16435,0.15415001,0.057018224,-0.23687588,0.12645602,0.15287217,0.11264482,0.07505,0.09625,0.10965,0.114250004,0.11615,0.11405,0.12285,0.1144,0.15380001,0.1487,0.05677395,-0.23015308,0.11187383,0.00065600016,0.14208277,0.0692,0.0883,0.0815,0.0927,0.1182,0.1153,0.1135,0.0976,0.158,0.132,0.16410172,-0.28298712,0.16390365,0.025748689,0.13453308,0.16410172,0.021806762,0.14229496,0.0534419,3.0,-0.23015308,-9.9626875,-18.589993,-8.627305,-12.544863,-17.10604,-4.5611763,0.010413562,6.143315e-05,0.012569464,9.290481e-05,0.05926165,759.17096,27.151339,0.37962353,-0.2532476,437258.1087815332,2631983.2610280486
470,4,mining_bare,340,109,10001,0.0992,0.0895,0.0878,0.1152,0.1433,0.1188,0.1386,0.1468,0.13,0.1119,0.22438063,-0.18450937,-0.032017794,0.120610215,-0.043898083,0.0664,0.07445,0.07745,0.09105,0.0896,0.122150004,0.11465,0.11995,0.14935,0.12505001,0.19364814,-0.33467233,0.13143888,0.13696617,0.1121733,0.078099996,0.0824,0.08195,0.09155,0.099350005,0.11575,0.15335,0.13655001,0.15020001,0.1206,0.3034411,-0.29148632,-0.010377123,0.19728106,0.0015099767,0.1105,0.1004,0.105,0.1218,0.122,0.1427,0.1581,0.1557,0.1503,0.1255,0.20182362,-0.19904186,-0.02529174,0.122161716,-0.025386479,0.3034411,0.19364814,0.10979296,0.04341033,2.0,-0.18450937,-11.757669,-19.264187,-7.5065174,-13.844678,-13.996991,-0.15231323,0.047038767,0.00064079574,0.07168739,0.00044687925,0.20743772,299.32397,5.6688886,0.06721047,-0.072388716,432197.94546930736,2633196.1225495725
471,4,mining_bare,357,110,10001,0.111,0.1112,0.1503,0.1115,0.1422,0.1307,0.1624,0.1411,0.1656,0.1568,0.038695145,-0.19653109,0.009756051,0.11718085,0.07211932,0.088149995,0.087349996,0.097049996,0.11265001,0.1254,0.114250004,0.1325,0.13035,0.15105,0.15135,0.15443191,-0.2671969,0.06542036,0.07283915,0.058559895,0.1092,0.10075,0.0986,0.109,0.12125,0.1307,0.13374999,0.13225,0.15735,0.16080001,0.15127972,-0.219294,0.081071556,0.09637266,0.026057296,0.103,0.0991,0.0954,0.1276,0.1238,0.1356,0.1315,0.1444,0.1736,0.155,0.15910025,-0.27319297,0.13798706,0.06176448,0.068520196,0.15910025,0.038695145,0.12040511,0.050411165,3.0,-0.19653109,-12.187889,-19.899075,-7.7111855,-13.325616,-20.925238,-7.599622,0.00800166,0.00011079069,0.0101806205,6.9710004e-05,0.048789658,310.25388,2.9862475,0.021983545,-0.04723075,432208.51379798027,2632840.589956203
472,4,mining_bare,97,112,10004,0.0774,0.0824,0.0901,0.1163,0.129,0.104,0.1057,0.1188,0.1576,0.1426,0.07967275,-0.31333202,0.1971128,0.010633717,0.14995323,0.0977,0.123950005,0.111650005,0.1294,0.1308,0.13355,0.13275,0.1394,0.17605,0.16264999,0.08633352,-0.17366609,0.14021975,0.037202258,0.11048902,0.1421,0.1258,0.1418,0.1225,0.1491,0.1338,0.1499,0.17,0.1787,0.1592,0.027768169,-0.17372686,0.08764427,0.16239259,0.046530567,0.0736,0.0961,0.1123,0.1048,0.1535,0.1181,0.1449,0.1345,0.1961,0.184,0.12674908,-0.34223014,0.15014619,0.12411146,0.17062032,0.12674908,0.027768169,0.09898092,0.035191596,3.0,-0.17366609,-12.433302,-19.331018,-6.8977165,-14.052537,-19.317589,-5.265052,0.0070277946,7.715582e-05,0.010157633,0.00010979284,0.055458732,295.35516,3.666202,0.0518326,-0.03744558,432246.54305603274,2638045.0387267848
473,4,mining_bare,426,353,30000,0.0766,0.0945,0.1152,0.105,0.1055,0.1018,0.1061,0.1243,0.1476,0.1538,-0.041120455,-0.21932994,0.16357836,0.084168874,0.17979752,0.09985,0.10325,0.09864999,0.10865,0.1048,0.12365,0.1284,0.1328,0.13960001,0.1333,0.13102786,-0.1496803,0.041790925,0.10002029,0.021436192,0.1107,0.1109,0.0794,0.0972,0.1256,0.1059,0.1273,0.1116,0.1527,0.1481,0.23173566,-0.15857302,0.090714,0.06896518,-0.012550454,0.0484,0.0719,0.0768,0.0811,0.1035,0.1006,0.1005,0.106,0.1089,0.1288,0.13367099,-0.20464489,0.040114425,0.1330832,0.10998172,0.23173566,-0.041120455,0.27285612,0.09823545,2.0,-0.1496803,-11.875073,-19.510931,-7.6358576,-10.379962,-18.402754,-8.022792,0.014069498,0.00014064941,0.0106005,0.00010980957,0.070613295,890.1296,28.169662,0.28865737,-0.37355086,437064.6079078192,2631477.453341986
474,4,mining_bare,377,347,30001,0.0925,0.1261,0.0932,0.1173,0.134,0.1196,0.161,0.1428,0.14,0.1319,0.2667181,-0.052235793,-0.0697672,0.09803886,-0.041709356,0.095249996,0.108,0.09155,0.109950006,0.0982,0.11675,0.13135001,0.1231,0.15079999,0.16785,0.17855465,-0.16537797,0.06893464,0.05642538,0.03358555,0.0705,0.1045,0.1232,0.1117,0.1271,0.1111,0.1218,0.1047,0.1528,0.1447,-0.005714268,-0.18771785,0.11289105,-0.03234735,0.1787312,0.074,0.0708,0.0913,0.1086,0.1104,0.0976,0.1071,0.1221,0.1699,0.1548,0.07963669,-0.4117141,0.22671396,0.058517322,0.18109837,0.2667181,-0.005714268,0.27243236,0.10247445,0.0,-0.052235793,-13.347349,-18.267433,-4.920084,-13.120662,-18.481201,-5.3605394,0.0112783,0.0001424617,0.04671917,0.00039840594,0.18662228,564.9412,15.590046,0.18607561,-0.1939169,436941.66130878194,2632440.7152354945
475,4,mining_bare,372,354,30001,0.097,0.0821,0.1018,0.0972,0.1294,0.1083,0.0997,0.1071,0.1467,0.1426,-0.010421813,-0.28234142,0.19074598,0.04845793,0.116351895,0.082,0.1097,0.1093,0.105100006,0.109400004,0.1175,0.1126,0.11715,0.1504,0.14345,0.01487148,-0.15647765,0.14372568,0.054217953,0.14329706,0.0849,0.0974,0.091,0.1166,0.1185,0.1321,0.1167,0.1367,0.1372,0.1477,0.12373558,-0.16964972,0.08074012,0.079352245,0.061889082,0.0436,0.0807,0.0683,0.0861,0.1126,0.1034,0.1152,0.1109,0.1521,0.1357,0.25558445,-0.3066997,0.1380466,0.1258877,0.16244681,0.25558445,-0.010421813,0.26600626,0.10505223,3.0,-0.15647765,-13.366351,-19.457392,-6.0910406,-15.462668,-18.332273,-2.869605,0.022153534,0.00025776448,0.05131759,0.0003904463,0.22336727,571.31525,16.532038,0.23208047,-0.16464561,437094.27780406765,2632544.3847365393
476,4,mining_bare,109,111,10003,0.0631,0.0817,0.1222,0.1324,0.153,0.1419,0.1471,0.1581,0.2186,0.1761,0.09246161,-0.45587593,0.19551492,0.088467814,0.23702312,0.1198,0.11075,0.13575,0.14324999,0.17465,0.1542,0.16375,0.17945,0.20565,0.19195,0.09348883,-0.29993585,0.113426894,0.1121782,0.092567265,0.1265,0.1602,0.1423,0.1655,0.1772,0.1859,0.1956,0.2053,0.179,0.1749,0.15773854,-0.055424374,-0.04431381,0.1073352,-0.0012433673,0.0623,0.0965,0.1219,0.1234,0.1452,0.1334,0.1784,0.1933,0.2237,0.1755,0.18814453,-0.3972505,0.11265828,0.22071289,0.17891836,0.18814453,0.09246161,0.09568293,0.041404717,3.0,-0.055424374,-13.482882,-20.5845,-7.101618,-13.083459,-15.644456,-2.560997,0.059666883,0.0020951144,0.09368835,0.0009472171,0.19215189,289.54752,2.8914561,-0.03829548,-0.032833744,432230.76480855024,2637816.6910995897
477,4,mining_bare,108,105,10003,0.0501,0.0684,0.099,0.106,0.1036,0.112,0.1336,0.1091,0.1645,0.1517,0.14875257,-0.41262168,0.10365614,0.014411837,0.17844327,0.10425,0.10005,0.112749994,0.122250006,0.12900001,0.13804999,0.1388,0.13780001,0.17989999,0.1634,0.103557535,-0.28522843,0.12896098,0.05979597,0.092588946,0.1198,0.1275,0.1439,0.1489,0.1455,0.1351,0.1572,0.1595,0.1893,0.1531,0.044171177,-0.19507514,0.092640445,0.034370836,0.092100784,0.0914,0.1029,0.1126,0.0986,0.1044,0.1165,0.1379,0.1431,0.19,0.1551,0.10099758,-0.29737008,0.15888943,0.18411176,0.13780761,0.14875257,0.044171177,0.10458139,0.03710031,0.0,-0.19507514,-11.032346,-18.79213,-7.7597837,-10.620103,-20.131784,-9.511682,0.009549321,0.000108799686,0.012318748,0.00010963789,0.056193274,294.22775,7.5378656,-0.021784369,0.12935996,432115.01756171515,2637833.922410049
478,4,mining_bare,372,168,10001,0.1162,0.1107,0.1128,0.1538,0.1138,0.1278,0.1379,0.1509,0.1717,0.157,0.10011923,-0.2160049,0.10917279,-0.009517492,0.05644254,0.10265,0.09355,0.10335,0.13585,0.112100005,0.11245,0.1038,0.11235,0.15255,0.14535001,0.0021723292,-0.23973897,0.19016895,-0.09468131,0.10695336,0.0832,0.0904,0.0983,0.1009,0.1132,0.1368,0.1262,0.124,0.1669,0.1312,0.12427563,-0.29731712,0.13885994,0.10271184,0.11757243,0.0947,0.0982,0.1017,0.0992,0.1148,0.1264,0.1209,0.1171,0.1612,0.135,0.08625297,-0.2428672,0.14285664,0.08275504,0.098850355,0.12427563,0.0021723292,0.1221033,0.04595779,2.0,-0.2160049,-16.584614,-18.461473,-1.8768597,-14.130411,-19.113379,-4.9829674,0.0132301,0.00043683447,0.056210034,0.00074549,0.2114503,270.73984,11.326069,-0.095976345,0.17134315,433376.21197071474,2632558.016955385
479,4,mining_bare,378,357,30001,0.1184,0.0897,0.1013,0.134,0.1307,0.1266,0.1464,0.1304,0.1933,0.1536,0.18207437,-0.3660764,0.13806257,-0.013615686,0.05327126,0.09795,0.103,0.108500004,0.1035,0.116799995,0.11555,0.13165,0.1264,0.14930001,0.14705,0.09639767,-0.18351097,0.062822364,0.09960806,0.057857934,0.09645,0.0958,0.116500005,0.1045,0.1243,0.10955,0.1222,0.1319,0.1734,0.15775,0.023879213,-0.28826043,0.17320645,0.115904726,0.14010395,0.0866,0.1041,0.0727,0.1001,0.1186,0.1,0.1371,0.1106,0.153,0.17,0.3069575,-0.19019763,0.0548085,0.049833644,0.0044503775,0.3069575,0.023879213,0.2830783,0.10538314,3.0,-0.18351097,-10.910278,-16.88586,-5.975582,-13.290983,-17.894106,-4.6031227,0.0076807356,7.373626e-05,0.007846283,5.8572397e-05,0.063580036,617.344,20.12791,0.30575433,-0.15789512,437156.456421253,2632425.922591684
480,4,mining_bare,381,109,10001,0.1249,0.1283,0.1169,0.1165,0.1162,0.1024,0.1479,0.131,0.1629,0.1438,0.11706904,-0.11881829,0.04826239,0.05858562,0.012667365,0.094050005,0.077250004,0.0854,0.1083,0.1206,0.11,0.1199,0.11505,0.15275,0.13745001,0.16804595,-0.32825944,0.12048368,0.030221501,0.053527843,0.07535,0.100099996,0.10955,0.10575,0.12465,0.111,0.13275,0.1248,0.1514,0.1352,0.0957487,-0.20397533,0.065634094,0.082628116,0.112674296,0.0955,0.1422,0.1141,0.1345,0.1262,0.1345,0.1249,0.1418,0.1527,0.1546,0.045188084,-0.035605215,0.10014376,0.026420476,0.09523792,0.16804595,0.045188084,0.12285787,0.044086136,1.0,-0.035605215,-13.767066,-21.46525,-7.698184,-14.47869,-18.469383,-3.990693,0.009525641,9.0773996e-05,0.010074129,9.859676e-05,0.057842426,358.00885,3.4002295,0.05234321,-0.027891014,432196.91402957507,2632360.188673988
481,4,mining_bare,389,136,10001,0.119,0.1302,0.1355,0.114,0.1432,0.1446,0.1413,0.1305,0.1645,0.1616,0.02095366,-0.11638915,0.07586635,0.0674844,0.07085483,0.09585,0.082650006,0.1034,0.1101,0.11715,0.121700004,0.1198,0.13545,0.163,0.14915,0.07347638,-0.32709002,0.15275759,0.10323723,0.10527935,0.0964,0.098299995,0.110300004,0.10875,0.1155,0.1252,0.1305,0.1252,0.14455,0.15475,0.08388669,-0.190446,0.051081408,0.07031388,0.058017496,0.1159,0.1249,0.1035,0.1047,0.1196,0.1254,0.1262,0.1296,0.1456,0.1369,0.09882414,-0.0765247,0.07137574,0.10627357,0.014250783,0.09882414,0.02095366,0.07787048,0.029322587,3.0,-0.0765247,-14.126072,-19.903852,-5.7777805,-13.289081,-17.204838,-3.9157572,0.007650727,7.895108e-05,0.008413337,6.366671e-05,0.045156416,324.84387,8.381077,-0.051095948,-0.13650678,432724.1449045177,2632210.304453302
482,4,mining_bare,389,377,30001,0.1105,0.1207,0.0812,0.1247,0.1276,0.1264,0.1418,0.1396,0.1533,0.1461,0.27174765,-0.118977666,0.03896971,0.056375086,-0.03656522,0.0949,0.1102,0.1072,0.119049996,0.12275,0.1201,0.11935,0.14205,0.16775,0.1655,0.05363033,-0.20705087,0.16858177,0.08808852,0.124079876,0.09985,0.0983,0.108449996,0.10655,0.1368,0.1354,0.1363,0.12535,0.18195,0.15485,0.11378913,-0.29848242,0.14344025,0.08106907,0.10302896,0.0824,0.0966,0.0958,0.1141,0.1182,0.108,0.1221,0.1314,0.1714,0.1852,0.12069704,-0.2791034,0.16797213,0.07046816,0.13292316,0.27174765,0.05363033,0.21811733,0.0804313,0.0,-0.118977666,-13.00355,-21.368412,-8.364862,-10.299884,-17.470839,-7.1709547,0.008413669,8.052068e-05,0.008413669,9.5975316e-05,0.04327216,719.23865,20.243752,0.34537345,0.021056524,437558.9179732084,2632204.506591369
483,3,built_up,347,133,10001,0.1219,0.1202,0.1282,0.1252,0.1497,0.1299,0.148,0.1253,0.1742,0.1723,0.071686946,-0.18342327,0.08131569,0.0003992067,0.0567883,0.1008,0.104499996,0.10675,0.111650005,0.12665,0.1138,0.1489,0.13495,0.15505001,0.15545,0.16487323,-0.19475944,0.020233547,0.09448458,0.02365583,0.088,0.10525,0.095400006,0.1149,0.1311,0.1428,0.1507,0.13185,0.17515,0.15715,0.22470447,-0.24928585,0.075034305,0.068692744,0.06254285,0.1099,0.1415,0.1309,0.1109,0.1548,0.1241,0.1401,0.1578,0.1768,0.1404,0.03394824,-0.11090131,0.115809016,0.17454346,0.103460416,0.22470447,0.03394824,0.19075623,0.0752626,2.0,-0.11090131,-14.448057,-20.024948,-5.576891,-9.445168,-19.668152,-10.222984,0.04258977,0.0012345618,0.083142765,0.0008720836,0.20104143,323.66364,12.178139,0.17832054,-0.112705216,432668.3611081524,2633056.303481365
484,4,mining_bare,368,168,10001,0.1258,0.1117,0.1242,0.1601,0.1206,0.139,0.1573,0.123,0.1565,0.1491,0.11758393,-0.1670389,-0.0025493822,-0.1310486,-0.0042568403,0.097550005,0.0934,0.11115,0.1131,0.12535,0.114199996,0.1346,0.126,0.159,0.1582,0.0954218,-0.25990385,0.08310597,0.0539521,0.07565185,0.085,0.0961,0.1137,0.1222,0.1215,0.1231,0.1304,0.1288,0.1516,0.1579,0.0684143,-0.22406046,0.075177036,0.026294746,0.10380672,0.0939,0.1286,0.1365,0.1341,0.1438,0.1155,0.1569,0.1342,0.157,0.1736,0.06952942,-0.099439435,0.00031857716,0.00037272202,0.07844922,0.11758393,0.0684143,0.04916963,0.020339482,0.0,-0.099439435,-12.3920555,-18.533316,-6.14126,-9.984119,-19.49224,-9.5081215,0.010938328,0.0001280972,0.04804275,0.0005894149,0.17829666,282.19153,11.724047,-0.12625055,0.15921788,433365.2701580374,2632634.4411413637
485,4,mining_bare,372,118,10001,0.1134,0.121,0.124,0.1293,0.1289,0.1301,0.1374,0.125,0.1394,0.1444,0.05126225,-0.07066027,0.0072254217,-0.016909089,0.024504043,0.09025,0.09825,0.07935,0.1136,0.1022,0.105399996,0.11335,0.13525,0.15285,0.14289999,0.17643912,-0.21744236,0.14838412,0.086999856,0.0656263,0.091,0.1027,0.0835,0.1076,0.1008,0.1156,0.1104,0.1262,0.1483,0.1299,0.1387306,-0.18167257,0.14650118,0.07955484,0.07017529,0.1114,0.1127,0.1076,0.1243,0.1393,0.1339,0.114,0.1289,0.1495,0.1461,0.028880721,-0.14035033,0.13472433,0.018167397,0.06569932,0.17643912,0.028880721,0.1475584,0.060767643,1.0,-0.07066027,-13.119562,-16.815632,-3.6960697,-9.401548,-14.942683,-5.541135,0.011480046,0.00014848221,0.016128909,0.00020784792,0.07953486,335.5813,3.0099742,0.03380807,0.040178273,432377.8051523908,2632547.8712048074
486,4,mining_bare,111,104,10003,0.0551,0.0747,0.0891,0.077,0.0927,0.1203,0.1232,0.1202,0.1631,0.1666,0.16062099,-0.37173942,0.13936383,0.21906583,0.17166048,0.0876,0.1058,0.0977,0.1162,0.11555,0.1382,0.1379,0.12765,0.1706,0.1611,0.17062744,-0.23444195,0.10599642,0.046954874,0.08667461,0.1265,0.1352,0.1321,0.1425,0.1263,0.1401,0.141,0.1617,0.188,0.1414,0.03258868,-0.16336583,0.14285667,0.063116156,0.08951657,0.0435,0.088,0.0944,0.1074,0.122,0.1075,0.1261,0.1224,0.1467,0.1413,0.14376351,-0.25010544,0.075512886,0.06527387,0.17409255,0.17062744,0.03258868,0.13803877,0.055290595,1.0,-0.16336583,-8.962438,-17.495733,-8.533296,-11.132546,-23.175817,-12.043271,0.012014783,0.00018530109,0.012333935,0.00015185832,0.061299644,298.9599,12.23614,0.019282322,0.2110623,432097.54742458515,2637763.7772217593
487,4,mining_bare,86,118,10004,0.0392,0.0547,0.0645,0.0978,0.097,0.1002,0.1032,0.0698,0.1175,0.1371,0.2307679,-0.36469015,0.06479353,-0.16706346,0.12207113,0.0916,0.08685,0.090450004,0.09385,0.1183,0.11139999,0.1127,0.1021,0.13620001,0.1269,0.10952442,-0.22124988,0.09441508,0.04210235,0.051862072,0.1203,0.0891,0.1027,0.1355,0.1067,0.1009,0.1353,0.1034,0.1455,0.1253,0.13697419,-0.24040818,0.036324687,-0.13436528,-0.01468835,0.069,0.09,0.0576,0.0824,0.0852,0.1117,0.1098,0.0899,0.1233,0.1091,0.3118261,-0.1561174,0.0579148,0.043528475,0.0058381977,0.3118261,0.10952442,0.20230168,0.07996888,3.0,-0.1561174,-14.15801,-23.385386,-9.227376,-11.095151,-19.382526,-8.287375,0.010170095,9.7508615e-05,0.012083612,0.00011550709,0.07815023,287.04193,2.2510872,-0.021083934,-0.03314046,432368.57358145184,2638265.0293054623
488,4,mining_bare,373,156,10001,0.1186,0.1085,0.1189,0.13,0.1292,0.1355,0.134,0.1298,0.1703,0.1422,0.059707165,-0.2216635,0.119289786,-0.00076977554,0.06755246,0.0924,0.0879,0.1048,0.1169,0.113000005,0.116950005,0.14315,0.1238,0.14905,0.1444,0.15466766,-0.25807023,0.020191565,0.028666291,0.037392613,0.08185,0.10135,0.0994,0.121350005,0.10525,0.11845,0.1297,0.1339,0.1597,0.1363,0.1322561,-0.22351953,0.10366239,0.04916727,0.10103032,0.0935,0.1077,0.1341,0.1354,0.1287,0.1242,0.1264,0.1313,0.1594,0.1436,-0.029558467,-0.19355974,0.115464985,-0.015373001,0.14335774,0.15466766,-0.029558467,0.18422613,0.07196992,1.0,-0.19355974,-15.11762,-20.586855,-5.4692345,-9.564372,-20.0034,-10.439029,0.007944658,6.6450935e-05,0.008256683,6.88578e-05,0.047843985,304.58353,10.905406,0.10663898,0.15626983,433129.0699174131,2632536.575986321
489,4,mining_bare,424,345,30000,0.1026,0.0826,0.1078,0.1146,0.1121,0.0907,0.0935,0.1114,0.1318,0.1498,-0.07103788,-0.22947654,0.16999477,-0.014159238,0.09983912,0.0906,0.087850004,0.08185,0.09535,0.11565,0.117750004,0.10875,0.1177,0.14235,0.116950005,0.14113252,-0.2367496,0.1338107,0.10490448,0.058670644,0.0754,0.0915,0.0916,0.07005,0.09035,0.09355,0.09925,0.1073,0.13780001,0.1293,0.04008364,-0.20191804,0.16262324,0.21003546,0.13550267,0.0471,0.0695,0.0865,0.0814,0.0941,0.0691,0.0854,0.1036,0.1246,0.125,-0.0063990103,-0.28387284,0.18666577,0.11999937,0.22875372,0.14113252,-0.07103788,0.21217039,0.07733026,1.0,-0.20191804,-7.6503234,-18.159082,-10.508759,-10.056591,-14.091101,-4.0345097,0.01318543,0.00013842067,0.010192597,8.141373e-05,0.063473746,794.09357,34.522346,0.27961457,-0.49294615,436906.50597291143,2631517.769855119
490,4,mining_bare,391,106,10001,0.0872,0.1025,0.1182,0.1203,0.1278,0.1531,0.1496,0.1392,0.1677,0.1711,0.11725125,-0.24130182,0.057043605,0.072832085,0.09393515,0.1079,0.1089,0.11475,0.11575,0.1292,0.1329,0.1312,0.1257,0.1692,0.14449999,0.06688325,-0.21682768,0.12649758,0.04120918,0.08574688,0.10789999,0.11405,0.11225,0.1199,0.11385,0.1239,0.1361,0.1427,0.16194999,0.1478,0.09603342,-0.17355005,0.086730115,0.086823724,0.058278553,0.0984,0.138,0.1218,0.1299,0.1581,0.1424,0.1424,0.1355,0.1767,0.1768,0.07797093,-0.12297386,0.107489474,0.021100167,0.10699037,0.11725125,0.06688325,0.050367996,0.019086968,0.0,-0.12297386,-12.309599,-20.952248,-8.642649,-14.11584,-19.414293,-5.2984533,0.0055545345,3.2021835e-05,0.0076467087,5.8350066e-05,0.036785357,354.50012,3.773616,0.06570092,-0.0038634,432129.20831699634,2632179.834994227
491,4,mining_bare,396,356,30001,0.1014,0.0963,0.0928,0.0936,0.1149,0.1179,0.1303,0.1005,0.1416,0.121,0.1680853,-0.19041535,0.041559234,0.03554853,0.005792738,0.08155,0.0957,0.07595,0.0931,0.10305,0.10395,0.113800004,0.1224,0.13485,0.1278,0.19947198,-0.16981056,0.084656775,0.13596226,0.038040005,0.0973,0.09005,0.0955,0.087400004,0.108950004,0.095750004,0.12185,0.11405,0.1382,0.118499994,0.12123247,-0.210952,0.06287228,0.13229021,0.032129772,0.0592,0.0645,0.0851,0.0857,0.0887,0.1114,0.1121,0.0961,0.1475,0.1354,0.13691612,-0.3915076,0.13636309,0.05720543,0.15176988,0.19947198,0.12123247,0.07823951,0.030033797,1.0,-0.16981056,-17.585394,-22.70285,-5.1174564,-15.7914295,-16.267212,-0.4757824,0.009029182,0.00010820237,0.00860455,8.124203e-05,0.051239487,699.11865,23.531504,0.3114505,-0.24980341,437125.7653676028,2632061.563139858
492,4,mining_bare,104,86,3,0.083,0.0748,0.0985,0.1098,0.1064,0.0964,0.1278,0.112,0.1758,0.1545,0.1294736,-0.4030311,0.15810221,0.0099188015,0.13090055,0.0939,0.0961,0.10005,0.1199,0.104049996,0.12565,0.1357,0.1216,0.17295,0.1495,0.15121886,-0.28563356,0.12068645,0.007039304,0.086350776,0.06855,0.0919,0.0822,0.1236,0.2122,0.2478,0.2758,0.2855,0.2182,0.14385,0.5382376,-0.40263322,-0.10751698,0.38783917,-0.059463184,0.0977,0.0842,0.0725,0.1146,0.1061,0.1126,0.1288,0.1184,0.1585,0.152,0.27968073,-0.30613798,0.10337589,0.01630893,0.009836047,0.5382376,0.1294736,0.40876397,0.1626462,2.0,-0.28563356,-11.252297,-16.43164,-5.179343,-12.591598,-21.6204,-9.028802,0.0,0.0,0.04171716,0.00074050954,0.15131845,313.76398,6.510025,-0.005901809,-0.113223344,431738.3374936136,2637905.466282985
493,4,mining_bare,430,337,30000,0.0855,0.1081,0.0937,0.0934,0.1229,0.1181,0.1252,0.1213,0.1496,0.1123,0.14390069,-0.16103935,0.088791505,0.12994814,0.07180598,0.08085,0.1002,0.0824,0.0967,0.1192,0.1211,0.108500004,0.11570001,0.13960001,0.15,0.13672009,-0.16430295,0.12535219,0.08945348,0.079372585,0.0904,0.07775,0.08715,0.102,0.108,0.09975,0.1134,0.11325,0.1339,0.120000005,0.1308894,-0.26529524,0.08289495,0.052264586,0.04060247,0.0505,0.06,0.0772,0.0662,0.1148,0.1005,0.1127,0.1036,0.1463,0.127,0.1869395,-0.4183208,0.12972923,0.22025782,0.15593442,0.1869395,0.1308894,0.056050092,0.022038022,3.0,-0.16103935,-13.072072,-17.827147,-4.7550745,-11.035979,-18.94511,-7.909131,0.02714672,0.00026823278,0.049176425,0.00024781865,0.23699556,742.4563,38.690327,0.4025295,-0.478261,436749.30249682756,2631387.3883475354
494,4,mining_bare,349,117,10001,0.1172,0.1301,0.1322,0.1313,0.142,0.1109,0.1341,0.1337,0.1596,0.1624,0.0071347915,-0.10182915,0.08682299,0.009056554,0.07457179,0.09424999,0.094699994,0.117400005,0.1087,0.12560001,0.1222,0.12155,0.105000004,0.1544,0.1464,0.017367559,-0.23966187,0.11904288,-0.01731389,0.11484805,0.096499994,0.09435,0.10855,0.11305,0.1277,0.1298,0.13545,0.14365,0.1805,0.15935001,0.11024548,-0.31344253,0.14258538,0.11920483,0.10959669,0.132,0.1288,0.161,0.129,0.1625,0.1411,0.1282,0.1508,0.159,0.1546,-0.113415934,-0.104933575,0.10724197,0.077912554,0.10306773,0.11024548,-0.113415934,0.22366142,0.0794607,2.0,-0.10182915,-11.68892,-19.08194,-7.3930197,-8.735733,-19.506609,-10.770876,0.0071486733,7.234724e-05,0.010510194,6.702705e-05,0.046043664,318.02502,3.746645,0.00010107981,-0.06534462,432352.574907756,2633015.632522466
495,4,mining_bare,366,127,10001,0.1124,0.1292,0.1114,0.1116,0.1219,0.1352,0.1352,0.1474,0.1549,0.1377,0.096512154,-0.09046079,0.06790741,0.13822344,0.036388338,0.0843,0.097550005,0.096149996,0.090900004,0.11075,0.1177,0.11795001,0.1185,0.13765,0.15245,0.101821154,-0.17049244,0.07707321,0.13180453,0.0723539,0.091,0.0828,0.0885,0.1157,0.102,0.1085,0.1098,0.1151,0.1509,0.1296,0.10741248,-0.291398,0.15765186,-0.0025996538,0.08768721,0.138,0.1059,0.0818,0.1219,0.1224,0.1211,0.1219,0.1456,0.1552,0.1361,0.19685715,-0.18881585,0.1201728,0.08859781,-0.046085637,0.19685715,0.096512154,0.100345,0.041291323,3.0,-0.09046079,-11.997057,-17.666967,-5.6699104,-14.117191,-16.053661,-1.93647,0.012867566,0.00017361087,0.010520157,0.00011929593,0.07635061,332.10614,10.048258,0.17278591,-0.024237433,432556.4086720669,2632666.4816391827
496,4,mining_bare,371,104,10001,0.1217,0.1022,0.1162,0.1438,0.104,0.1183,0.1143,0.1476,0.155,0.1275,-0.008242925,-0.2052869,0.15113202,0.013040413,0.06940049,0.0741,0.07335,0.101950005,0.10755,0.11295,0.1309,0.109400004,0.1279,0.15355,0.1656,0.035249416,-0.35345814,0.16790198,0.08642988,0.16400875,0.0973,0.09635,0.103,0.1075,0.1084,0.12115,0.13025,0.11715,0.1388,0.1454,0.11682697,-0.1805223,0.031778317,0.042955518,0.030361064,0.1261,0.1304,0.1089,0.1284,0.1259,0.1024,0.1366,0.1347,0.1464,0.1421,0.1128305,-0.057803266,0.03462886,0.023945184,-0.014285698,0.11682697,-0.008242925,0.12506989,0.05296374,2.0,-0.057803266,-13.771185,-19.489113,-5.717928,-9.850729,-19.736832,-9.886103,0.0087521095,5.5964578e-05,0.012634831,0.00012358204,0.07118919,336.64914,5.579743,0.057658184,0.07829053,432081.5328003303,2632575.5019186726
497,4,mining_bare,404,322,30000,0.1061,0.1149,0.1217,0.1448,0.1377,0.1206,0.1429,0.1443,0.1799,0.1392,0.08012066,-0.22048771,0.11462169,-0.0017295287,0.095531955,0.102699995,0.092800006,0.11895,0.1038,0.12369999,0.116799995,0.15799999,0.1271,0.16665,0.1753,0.14099963,-0.28463942,0.02664401,0.10090908,0.045579303,0.06855,0.0919,0.0822,0.1236,0.2122,0.2478,0.2758,0.2855,0.2182,0.14385,0.5382376,-0.40263322,-0.10751698,0.38783917,-0.059463184,0.0696,0.0882,0.1203,0.1182,0.1236,0.1243,0.1469,0.1266,0.1561,0.164,0.09955051,-0.27793583,0.030362956,0.03431359,0.121525414,0.5382376,0.08012066,0.45811692,0.18806866,2.0,-0.22048771,-14.188,-18.841042,-4.653042,-10.041769,-15.979066,-5.937297,0.0,0.0,0.0,0.00010912798,0.0,475.59354,25.822725,0.091447555,-0.4258807,436441.6370606733,2631912.073698682
498,4,mining_bare,376,112,10001,0.1064,0.115,0.1194,0.1377,0.1308,0.1224,0.1435,0.1484,0.1679,0.1477,0.09166948,-0.18699117,0.07835554,0.037399333,0.06962011,0.0891,0.091450006,0.10505,0.1076,0.1214,0.115449995,0.1096,0.101349995,0.16929999,0.1356,0.021197211,-0.29856062,0.2140544,-0.029911362,0.15991928,0.1287,0.1117,0.1282,0.1092,0.1333,0.117,0.1311,0.135,0.1683,0.1305,0.011183931,-0.20214213,0.12424809,0.10565069,0.065971434,0.1054,0.1343,0.1054,0.122,0.1326,0.1144,0.1359,0.1262,0.1476,0.1379,0.12639815,-0.047179688,0.041269653,0.016921785,0.023669736,0.12639815,0.011183931,0.115214214,0.048148315,3.0,-0.047179688,-11.502798,-22.039265,-10.536467,-12.873692,-21.050398,-8.176706,0.009992538,0.0001010879,0.010989294,0.00011754479,0.06790542,345.2946,9.425765,0.16353896,-0.0086881695,432247.2288269861,2632479.0246465974
499,4,mining_bare,398,350,30001,0.1105,0.0966,0.0988,0.1363,0.1186,0.1374,0.1313,0.1287,0.1824,0.1658,0.14124231,-0.30752575,0.16289395,-0.028679116,0.07533443,0.09865,0.09225,0.104399994,0.1168,0.11265001,0.12095,0.12185,0.1276,0.15380001,0.1491,0.07712676,-0.25015146,0.11590746,0.044189658,0.07875479,0.091749996,0.09775,0.10945,0.1209,0.124699995,0.11745,0.12985,0.12485,0.1726,0.1561,0.0852483,-0.2768623,0.1413452,0.016073178,0.120023616,0.0979,0.0824,0.092,0.1252,0.0918,0.109,0.1196,0.1118,0.1606,0.1623,0.13043416,-0.3218094,0.14632355,-0.05653986,0.07466483,0.14124231,0.07712676,0.064115554,0.027740257,0.0,-0.25015146,-12.536623,-17.676228,-5.1396046,-11.193626,-18.450745,-7.257118,0.006481807,6.2987274e-05,0.008944826,6.511338e-05,0.04596469,679.3188,22.978155,0.2861554,-0.26554048,437001.25536477054,2632030.0599236605
500,5,shrub_grass,289,4,2,0.1159,0.1169,0.1626,0.1751,0.199,0.226,0.2625,0.2428,0.2662,0.241,0.23500296,-0.38971448,0.0069983182,0.16200009,0.06243797,0.0709,0.10295,0.13870001,0.15715,0.18654999,0.18225,0.21185,0.22685,0.29909998,0.2566,0.20867147,-0.48787338,0.17075998,0.18150994,0.21518251,0.07125,0.1045,0.09715,0.1418,0.2062,0.2256,0.2509,0.26375,0.27765,0.19565001,0.4417456,-0.45309314,0.050610058,0.30070195,0.075543344,0.1227,0.1538,0.1724,0.19,0.1935,0.2543,0.2599,0.2801,0.2734,0.1918,0.20240527,-0.2799619,0.025314042,0.19166093,0.076291546,0.4417456,0.20240527,0.23934034,0.098788,2.0,-0.2799619,-13.884748,-17.938255,-4.053507,-12.718004,-17.716364,-4.9983597,0.010389611,8.5317275e-05,0.009656294,5.7361078e-05,0.03671253,323.4661,6.1988134,-0.10457301,0.026905391,430092.6515454809,2634207.8308262927
501,5,shrub_grass,487,161,10000,0.1125,0.1164,0.1412,0.175,0.164,0.1798,0.185,0.2028,0.2498,0.1659,0.13427302,-0.3642808,0.14903368,0.07358374,0.13580224,0.0745,0.10045,0.12165,0.1262,0.14655,0.1652,0.17480001,0.18195,0.2324,0.19325,0.17928764,-0.39642358,0.14145346,0.18091778,0.1736137,0.0581,0.1057,0.09275,0.1342,0.16885,0.19929999,0.24075,0.22425,0.22385,0.1419,0.44377676,-0.3585181,-0.036375303,0.2512198,0.02884063,0.0617,0.0887,0.0921,0.1121,0.1576,0.1918,0.2058,0.1937,0.2129,0.1739,0.3816704,-0.41180235,0.01695721,0.26684022,0.06550211,0.44377676,0.13427302,0.30950373,0.13081351,2.0,-0.3585181,-12.64403,-15.4816675,-2.837638,-11.853252,-16.263968,-4.410715,0.009202758,6.462708e-05,0.018433021,0.00017597478,0.05381584,198.72447,5.466224,-0.078937635,0.05332089,433236.12829549436,2630258.348167856
502,5,shrub_grass,293,320,30002,0.129,0.1213,0.1576,0.1881,0.2564,0.2692,0.2903,0.291,0.302,0.2488,0.29627085,-0.42688298,0.019753426,0.21477729,0.045852665,0.11915,0.1424,0.1654,0.185,0.24155,0.2374,0.25725,0.2723,0.33179998,0.28245002,0.2173188,-0.39940867,0.12655945,0.19090271,0.13827822,0.0701,0.1056,0.11505,0.1522,0.22195,0.2514,0.26655,0.2786,0.28364998,0.19,0.39701152,-0.4574169,0.031079508,0.29340693,0.084381446,0.0769,0.1228,0.1351,0.1774,0.228,0.2288,0.2659,0.2753,0.3087,0.2205,0.32618368,-0.43082172,0.07448649,0.21625754,0.12840056,0.39701152,0.2173188,0.17969272,0.064437225,2.0,-0.39940867,-10.345679,-17.06681,-6.7211313,-7.947766,-18.993235,-11.045469,0.0073201484,6.3797306e-05,0.022128254,0.00014058645,0.043053456,265.44122,7.5066943,0.12924372,-0.019063143,436409.9872035176,2634124.2220200775
503,5,shrub_grass,376,50,1,0.1053,0.1308,0.1369,0.1848,0.2529,0.2651,0.2866,0.3036,0.2965,0.2059,0.35348204,-0.38778287,0.016978199,0.24324276,0.05028465,0.077649996,0.12065001,0.13915,0.18065,0.20925,0.2628,0.24469998,0.27995002,0.32169998,0.2178,0.27497646,-0.45450327,0.13594608,0.21558794,0.17683841,0.0521,0.1018,0.0602,0.1297,0.2175,0.2511,0.2981,0.2981,0.2605,0.1765,0.66396683,-0.43803358,-0.067310974,0.39364094,-0.043970685,0.1269,0.1552,0.1336,0.1785,0.2576,0.2869,0.2981,0.3232,0.2898,0.1898,0.38105077,-0.3024712,-0.014118034,0.28841877,-0.0018859325,0.66396683,0.27497646,0.38899037,0.1470397,2.0,-0.3024712,-5.5199375,-16.93674,-11.416803,-9.213831,-18.494242,-9.280411,0.0046007717,5.722498e-05,0.015286596,0.000202174,0.058677867,312.6043,8.272999,0.059694823,0.13092296,431005.25739651965,2632461.714132632
504,5,shrub_grass,457,197,10000,0.131,0.1496,0.1563,0.2115,0.2244,0.252,0.2467,0.2603,0.2955,0.2359,0.22431707,-0.32779077,0.09000353,0.103433445,0.0893308,0.1118,0.1252,0.14175001,0.176,0.20965001,0.20500001,0.2341,0.22685,0.29435,0.25435,0.24570903,-0.40316907,0.11401246,0.12622534,0.11534513,0.0906,0.11605,0.1101,0.1541,0.21155,0.21355,0.24919999,0.2481,0.2753,0.2015,0.38714054,-0.40692368,0.0497616,0.23371398,0.062879115,0.0762,0.1068,0.099,0.1694,0.1758,0.2324,0.256,0.2395,0.285,0.2129,0.44225225,-0.45482275,0.053604305,0.17143512,0.07232604,0.44225225,0.22431707,0.21793517,0.09224094,3.0,-0.32779077,-9.924068,-18.314983,-8.390915,-9.12577,-14.219866,-5.094096,0.013641323,0.00014597819,0.013817152,0.00011557203,0.045210037,195.18224,7.6115065,-0.09778008,-0.08935045,433958.18804594775,2630855.9707767833
505,5,shrub_grass,81,336,30004,0.0798,0.0969,0.0784,0.1306,0.1888,0.2344,0.2377,0.2691,0.2282,0.1915,0.5039528,-0.4038745,-0.02039059,0.346509,-0.017465107,0.0943,0.1091,0.14660001,0.15075,0.21000001,0.21445,0.21795,0.24955,0.2544,0.21455,0.1957202,-0.39972383,0.07716722,0.24681428,0.12443025,0.1164,0.1026,0.111,0.1272,0.2241,0.2616,0.2657,0.2685,0.209,0.1381,0.41067052,-0.3414623,-0.11944361,0.35708776,-0.08844884,0.0809,0.1001,0.1046,0.1086,0.2039,0.2374,0.2659,0.2646,0.225,0.1559,0.43535644,-0.38418823,-0.08331617,0.41800535,-0.025428694,0.5039528,0.1957202,0.3082326,0.11528577,0.0,-0.3414623,-10.095841,-13.452435,-3.3565931,-10.673264,-15.66267,-4.9894066,0.016908832,0.00027701422,0.019567266,0.0001510613,0.044907276,245.35435,4.3706436,0.005850504,-0.075983256,436728.73543398257,2638366.0853697313
506,5,shrub_grass,315,285,20001,0.1011,0.1123,0.1616,0.1463,0.1936,0.2184,0.2138,0.2249,0.2627,0.2016,0.13905132,-0.40106553,0.10262307,0.21174511,0.14799763,0.0911,0.109,0.1263,0.1586,0.18485,0.19825,0.2061,0.2323,0.2699,0.21195,0.24007143,-0.42464918,0.1340333,0.18853876,0.14277452,0.047,0.0677,0.0521,0.1095,0.183,0.2128,0.2289,0.2385,0.2472,0.1917,0.62917924,-0.57002044,0.038437214,0.37068862,0.040681396,0.1048,0.1076,0.1169,0.1598,0.2166,0.2275,0.2312,0.2588,0.2317,0.167,0.32835296,-0.36575192,0.0010801628,0.23650208,0.018404888,0.62917924,0.13905132,0.49012792,0.1830233,2.0,-0.36575192,-9.0803175,-15.352356,-6.2720385,-9.848044,-12.0274315,-2.179387,0.018506942,0.00017042187,0.019261597,0.00017233039,0.06580847,257.5083,6.7211285,0.02131424,-0.11507978,435702.67921622604,2633691.8968898975
507,5,shrub_grass,358,194,10001,0.0828,0.1308,0.1228,0.1493,0.1918,0.23,0.2647,0.2651,0.2513,0.1938,0.3661926,-0.31536168,-0.025968917,0.2794395,0.03686248,0.08245,0.114649996,0.1084,0.13865,0.1856,0.18095,0.20565,0.22404999,0.26705,0.20095,0.30966306,-0.3992654,0.12989183,0.23545562,0.13164023,0.0594,0.087,0.0719,0.1357,0.2185,0.2163,0.2647,0.2708,0.2395,0.1661,0.5727849,-0.4670736,-0.049980056,0.3323485,-0.019984221,0.0723,0.1232,0.1318,0.1254,0.1951,0.2363,0.2551,0.2683,0.2653,0.2064,0.3186862,-0.36576483,0.019600255,0.36296576,0.0962041,0.5727849,0.30966306,0.26312184,0.1066576,2.0,-0.31536168,-8.893713,-16.784477,-7.890764,-11.229861,-12.125896,-0.8960352,0.01037059,9.724804e-05,0.013731689,0.00014603884,0.049344197,220.82462,5.359289,-0.08143766,0.0457344,433885.926605532,2632825.438554883
508,5,shrub_grass,453,250,20000,0.1201,0.1513,0.1413,0.1761,0.2865,0.3066,0.3402,0.3683,0.297,0.2017,0.41308329,-0.32500482,-0.06779653,0.35304856,-0.024482518,0.11305,0.1424,0.15635,0.20355,0.2568,0.2882,0.28815,0.3125,0.3265,0.26295,0.29651228,-0.39262018,0.062393107,0.21112256,0.09235895,0.0662,0.0913,0.1089,0.1454,0.2631,0.2968,0.294,0.3099,0.2513,0.2009,0.45941803,-0.4670155,-0.07830536,0.36129943,4.1369074e-08,0.0722,0.0816,0.1065,0.1565,0.2333,0.2874,0.3029,0.3255,0.2843,0.2012,0.4797252,-0.5539749,-0.031675674,0.3506217,0.020498749,0.4797252,0.29651228,0.18321294,0.071016945,3.0,-0.32500482,-12.469975,-16.787922,-4.3179464,-7.056776,-17.76252,-10.705744,0.018634824,0.0003813078,0.021701925,0.00024916505,0.076693,215.32436,4.1136694,0.05340246,-0.04789724,435018.47203438095,2630931.7087758128
509,5,shrub_grass,274,282,20002,0.0862,0.1035,0.1176,0.1811,0.2311,0.2371,0.2638,0.2947,0.2874,0.2059,0.38332358,-0.47045156,0.042815614,0.23875529,0.0728476,0.093449995,0.13805,0.1589,0.1803,0.22334999,0.23085001,0.2436,0.27525002,0.30475,0.2441,0.21043427,-0.37646705,0.11151616,0.20842895,0.15811145,0.0411,0.0943,0.0826,0.1109,0.2009,0.2311,0.2636,0.2702,0.2306,0.1607,0.5228177,-0.4195124,-0.066774435,0.41799945,0.013756264,0.1051,0.1154,0.1377,0.1576,0.2354,0.2489,0.2689,0.2939,0.2701,0.2157,0.32267505,-0.40129593,0.0022263231,0.30188197,0.043233514,0.5228177,0.21043427,0.3123834,0.11271258,2.0,-0.37646705,-9.239939,-16.468918,-7.228979,-12.710861,-20.101307,-7.3904457,0.0071372,4.2824126e-05,0.024642637,0.00018252723,0.07312735,207.43791,10.029003,-0.07869223,0.15535313,435650.2982408874,2634509.8550163074
510,5,shrub_grass,361,78,1,0.0741,0.1248,0.0995,0.132,0.2109,0.2206,0.2397,0.2547,0.2196,0.1606,0.41332424,-0.27526057,-0.043762144,0.31729943,0.008374161,0.071899995,0.0879,0.10185,0.116,0.17975,0.20695001,0.22835,0.23165,0.23125,0.19229999,0.38309994,-0.44916043,0.00630983,0.33266118,0.051867016,0.0594,0.08055,0.07215,0.1282,0.20504999,0.24385,0.26090002,0.27795,0.2234,0.13685,0.5667301,-0.46997702,-0.07743123,0.3687052,-0.04018833,0.1061,0.1256,0.1156,0.1381,0.2171,0.2838,0.2593,0.279,0.2408,0.1526,0.3833012,-0.3144096,-0.036992528,0.3378079,-0.012468816,0.5667301,0.38309994,0.18363014,0.07612263,2.0,-0.27526057,-8.082729,-19.6503,-11.56757,-7.837565,-16.623005,-8.78544,0.006466847,4.5058816e-05,0.01707327,7.743612e-05,0.04706598,300.30548,10.738926,0.16960691,-0.07716158,431568.0766181303,2632777.853154486
511,5,shrub_grass,227,288,20002,0.0746,0.1335,0.1122,0.1623,0.2124,0.2294,0.2511,0.2787,0.2749,0.196,0.38232762,-0.3462283,0.045247033,0.26394495,0.08613899,0.09265,0.1235,0.1603,0.1691,0.21360001,0.24090001,0.25415,0.26115,0.30914998,0.28245002,0.22644414,-0.42909873,0.0976387,0.21394488,0.15026015,0.0647,0.098000005,0.09365,0.14585,0.19615,0.23995,0.25805,0.25655,0.2231,0.1656,0.46744248,-0.38959703,-0.072638296,0.27509874,-0.009382334,0.1006,0.1186,0.1313,0.1471,0.2342,0.2167,0.2469,0.2587,0.2732,0.2069,0.30565757,-0.39458802,0.050567098,0.27501166,0.07579779,0.46744248,0.22644414,0.24099834,0.089425884,2.0,-0.3462283,-8.585606,-18.91159,-10.325985,-14.570973,-15.373929,-0.8029556,0.011428416,0.00011606014,0.016126916,0.00011696064,0.045143574,217.34491,5.0770745,0.064405896,-0.06069085,435774.87027466384,2635442.731808777
512,5,shrub_grass,316,334,30001,0.0944,0.1002,0.1226,0.1044,0.1846,0.2068,0.2456,0.2474,0.2136,0.178,0.33405668,-0.3613755,-0.06968627,0.4064798,-0.0056196377,0.08415,0.098749995,0.1065,0.1366,0.18545,0.19060001,0.2211,0.2064,0.24095,0.19354999,0.3498158,-0.41860345,0.042960625,0.20349796,0.064654455,0.0367,0.0546,0.054,0.0759,0.1945,0.2202,0.2329,0.2522,0.1787,0.1305,0.62356,-0.53193086,-0.1316809,0.5373345,-0.07346192,0.0594,0.08,0.0686,0.1161,0.1765,0.2263,0.2507,0.2504,0.1933,0.1406,0.57030827,-0.4145612,-0.12927899,0.36643827,-0.084265545,0.62356,0.33405668,0.28950334,0.12900192,2.0,-0.3613755,-7.2426863,-15.322811,-8.080125,-16.378696,-17.094372,-0.71567535,0.015579993,0.0001247511,0.019480161,0.00014466465,0.10379983,326.22025,7.2813263,0.10904641,-0.06459294,436682.3857438509,2633663.171037463
513,5,shrub_grass,27,151,10004,0.0419,0.0722,0.0911,0.1246,0.1507,0.1828,0.1824,0.2016,0.2233,0.1927,0.33381963,-0.51133496,0.100813136,0.23605075,0.16725418,0.07835,0.1078,0.1412,0.14385,0.1685,0.1704,0.18079999,0.19575,0.2233,0.1944,0.12298094,-0.34883615,0.10517173,0.1528264,0.1689246,0.1025,0.1182,0.1184,0.1262,0.1833,0.2317,0.2421,0.2573,0.2356,0.166,0.34313357,-0.33182493,-0.013606849,0.34185043,0.013455478,0.0631,0.0987,0.1186,0.1142,0.1881,0.202,0.2094,0.203,0.2295,0.2013,0.27682838,-0.39853624,0.045796197,0.27994862,0.121817395,0.34313357,0.12298094,0.22015263,0.08814771,2.0,-0.33182493,-10.477407,-18.516106,-8.038698,-16.428799,-17.613533,-1.1847343,0.0073920605,0.00010946306,0.014246448,0.0001378759,0.05196956,246.02625,5.170092,0.022473676,0.08726532,433035.20137123263,2639454.4502508203
514,5,shrub_grass,254,329,30002,0.124,0.1326,0.1234,0.146,0.2449,0.2746,0.2685,0.2866,0.283,0.2197,0.37024656,-0.36188555,0.02629187,0.3250108,0.017398916,0.09125,0.13485,0.15114999,0.17585,0.23414999,0.25454998,0.27795,0.29075,0.31190002,0.2606,0.29550153,-0.3963058,0.057556957,0.24624892,0.11276648,0.061049998,0.11405,0.073750004,0.13845,0.2157,0.26465,0.30035,0.30095,0.2499,0.16465,0.60571873,-0.3732645,-0.09168545,0.36982164,-0.055105392,0.0819,0.1087,0.1331,0.1514,0.2291,0.2468,0.2911,0.2878,0.2743,0.2055,0.37246493,-0.43237484,-0.0297134,0.31056398,0.04407992,0.60571873,0.29550153,0.3102172,0.11662019,2.0,-0.36188555,-12.068714,-19.379696,-7.3109818,-9.591675,-17.652246,-8.060572,0.009590486,0.00010189342,0.012800223,9.536761e-05,0.03884599,263.91766,2.3378475,-0.029813856,0.027840726,436585.235732232,2634913.602731483
515,5,shrub_grass,270,224,20002,0.1158,0.1252,0.1223,0.1551,0.2092,0.2274,0.2446,0.2405,0.2402,0.189,0.33333242,-0.3147227,-0.009075889,0.21587406,0.0029049905,0.1032,0.1394,0.15005001,0.1694,0.19985,0.21165,0.21005,0.22295,0.28869998,0.2572,0.16661987,-0.34874943,0.1576939,0.13648489,0.16688807,0.094500005,0.1178,0.11665,0.13735,0.1972,0.21384999,0.23465,0.24450001,0.232,0.18315,0.3358943,-0.32647133,-0.005678778,0.28060687,0.028769443,0.1261,0.1409,0.1655,0.1842,0.219,0.2366,0.2307,0.238,0.2699,0.2284,0.16456293,-0.31402063,0.07830586,0.12742744,0.09921723,0.3358943,0.16456293,0.17133136,0.08451896,2.0,-0.31402063,-14.18638,-19.009787,-4.823406,-7.3455453,-15.3843565,-8.038811,0.078403264,0.002698232,0.11831424,0.0012108559,0.33763385,186.59637,5.2759748,-0.091736466,0.006307437,434487.0584739112,2634591.4011196257
516,5,shrub_grass,343,204,20001,0.1014,0.1092,0.1141,0.1347,0.1651,0.1779,0.1995,0.2227,0.1797,0.1188,0.2723205,-0.24402821,-0.052215032,0.24622202,-0.011938749,0.07565,0.0904,0.099350005,0.10965,0.14795,0.17320001,0.1692,0.17755,0.17755,0.13929999,0.26009953,-0.325246,0.024080677,0.23641978,0.06142774,0.0485,0.0835,0.0581,0.0816,0.1648,0.1709,0.1906,0.1912,0.1421,0.1038,0.53276825,-0.25975066,-0.14577648,0.40175804,-0.08854973,0.0879,0.1024,0.0803,0.1382,0.1406,0.1943,0.1962,0.2037,0.1618,0.1079,0.41916665,-0.22482881,-0.096089125,0.19157594,-0.0798174,0.53276825,0.26009953,0.27266872,0.112389416,2.0,-0.22482881,-10.020109,-15.363556,-5.3434467,-12.284103,-16.231266,-3.9471626,0.06303573,0.0016639947,0.087349,0.0012019112,0.3432329,204.61461,5.3110385,0.023573663,0.08951025,434087.2509422049,2633127.196075916
517,5,shrub_grass,329,53,1,0.0957,0.1351,0.1211,0.1495,0.2031,0.209,0.2633,0.2328,0.2743,0.1874,0.36992615,-0.3400089,0.020461284,0.21789114,0.048250224,0.0758,0.10095,0.1167,0.14469999,0.18665001,0.1973,0.18845,0.2209,0.27265,0.23225,0.23512946,-0.4595812,0.18260644,0.20842396,0.1914012,0.0467,0.0827,0.0875,0.1067,0.199,0.2274,0.2444,0.2553,0.2331,0.1739,0.47273126,-0.47624925,-0.023664866,0.41049606,0.04822619,0.1452,0.1363,0.1163,0.1433,0.2266,0.2337,0.2628,0.2612,0.2445,0.2062,0.38644055,-0.28413787,-0.03607328,0.29147026,-0.06139429,0.47273126,0.23512946,0.2376018,0.08507626,2.0,-0.28413787,-7.018942,-16.445549,-9.426607,-8.506044,-12.324438,-3.8183937,0.009744622,9.84586e-05,0.015505453,0.00018200312,0.061339088,303.1738,7.843134,-0.036981143,0.13135488,431067.2139210883,2633419.982238867
518,5,shrub_grass,226,137,10002,0.0594,0.0826,0.1018,0.1021,0.1741,0.2014,0.2219,0.2358,0.2391,0.1808,0.37102136,-0.48647657,0.037310097,0.395678,0.09578897,0.0827,0.09855,0.1141,0.1355,0.17835,0.2102,0.20820001,0.23910001,0.2366,0.2088,0.2919631,-0.41190383,0.06384875,0.27656096,0.09320434,0.056549996,0.08085,0.0979,0.13069999,0.20635,0.20365,0.2475,0.2863,0.23339999,0.14805001,0.43311974,-0.48543993,-0.029319996,0.3731406,0.042889666,0.1143,0.1356,0.1062,0.1317,0.2192,0.2127,0.2286,0.2585,0.2306,0.172,0.36559027,-0.25942037,0.0043554,0.32496074,-0.008974489,0.43311974,0.2919631,0.14115664,0.05002643,2.0,-0.25942037,-9.631695,-20.851727,-11.220032,-10.792923,-13.593154,-2.800231,0.010345774,0.00013404805,0.016686168,7.6139026e-05,0.049850743,262.47073,6.359676,-0.10324387,0.040132087,432742.50624789734,2635467.009765005
519,5,shrub_grass,381,280,20001,0.0885,0.1014,0.1011,0.1169,0.1701,0.173,0.2103,0.2217,0.2119,0.1637,0.35067323,-0.3526959,0.0037896577,0.30950883,0.023210166,0.0908,0.086950004,0.0924,0.1237,0.15545,0.1662,0.17765,0.1989,0.2129,0.17765,0.31568113,-0.42004192,0.09025707,0.23310527,0.06422642,0.0536,0.08235,0.07275,0.1038,0.1718,0.1953,0.22365001,0.2337,0.2106,0.11675,0.5091076,-0.43778652,-0.030051755,0.38488775,0.010881177,0.0781,0.0728,0.0862,0.1249,0.1607,0.1968,0.1851,0.2151,0.1909,0.1352,0.36453974,-0.44785565,0.015425474,0.26529333,0.025726367,0.5091076,0.31568113,0.19342646,0.073832154,2.0,-0.3526959,-10.626733,-16.782722,-6.1559896,-12.737467,-22.926136,-10.188669,0.0106369415,0.000102637656,0.01514902,8.570359e-05,0.07012958,254.34998,8.879411,0.1178569,-0.099676095,435617.49628193036,2632370.094675764
520,5,shrub_grass,142,372,30003,0.1182,0.115,0.1464,0.1671,0.2309,0.2529,0.29,0.2692,0.2622,0.192,0.32905513,-0.39024282,-0.05034398,0.23401277,0.00048972364,0.103149995,0.14525,0.16255,0.1855,0.241,0.24525,0.27635,0.28205,0.31085002,0.2662,0.25928396,-0.36307752,0.058753356,0.20650156,0.1100949,0.073699996,0.104650006,0.1128,0.1548,0.2326,0.26935,0.27815,0.3131,0.25980002,0.16870001,0.422943,-0.42570877,-0.034110863,0.33831945,0.028642442,0.09,0.0944,0.1274,0.1543,0.2202,0.2573,0.3059,0.3046,0.2696,0.1822,0.4119538,-0.4813173,-0.06307548,0.3275216,0.0013873152,0.422943,0.25928396,0.16365904,0.06650576,2.0,-0.36307752,-11.479,-15.868253,-4.3892527,-6.415037,-16.849123,-10.434086,0.012207947,0.00013084323,0.020516166,0.0001230029,0.034738176,276.99625,10.428671,-0.122597784,-0.13317235,437442.2557021235,2637140.2576058214
521,5,shrub_grass,352,258,20001,0.1064,0.1258,0.1423,0.1691,0.2393,0.2702,0.2915,0.2917,0.2784,0.2075,0.34393653,-0.37753493,-0.022986444,0.26605844,0.027852431,0.0941,0.122099996,0.14725,0.16209999,0.22205001,0.23629999,0.23315,0.2539,0.2795,0.239,0.22581436,-0.3919313,0.090412386,0.22067256,0.13196269,0.078099996,0.11735,0.0991,0.12365,0.23675,0.26385,0.30095,0.31785,0.2813,0.177,0.50456065,-0.411262,-0.033748303,0.43986306,0.0017776202,0.0773,0.1448,0.1285,0.175,0.233,0.2436,0.2665,0.2814,0.2773,0.1994,0.3493662,-0.3139059,0.019860214,0.23312832,0.08271064,0.50456065,0.22581436,0.2787463,0.09900515,2.0,-0.3139059,-12.375515,-18.237911,-5.8623962,-8.003451,-17.919855,-9.916404,0.01226184,9.5053474e-05,0.026259165,0.00015667842,0.041882038,241.78993,4.9031086,-0.0853466,-0.0046093026,435170.88518884656,2632954.3237528093
522,5,shrub_grass,40,349,30004,0.0464,0.1054,0.0887,0.1396,0.2326,0.2414,0.2886,0.2951,0.2167,0.1603,0.52981573,-0.34554377,-0.14229141,0.35771716,-0.046221025,0.09485,0.1183,0.12414999,0.15675,0.22405,0.23879999,0.26950002,0.26749998,0.26035,0.18904999,0.36923575,-0.37514755,-0.017269058,0.2610483,0.026907818,0.07485,0.1227,0.100250006,0.15215,0.25800002,0.2911,0.32315,0.3467,0.20975,0.1309,0.52645123,-0.2618431,-0.21279752,0.3899962,-0.1242936,0.0674,0.0984,0.1016,0.1521,0.2534,0.2691,0.3201,0.318,0.2242,0.1625,0.51813966,-0.38995537,-0.17618929,0.35290286,-0.086499274,0.52981573,0.36923575,0.16057998,0.06749618,0.0,-0.2618431,-9.674032,-19.527668,-9.853636,-6.265361,-18.295519,-12.030158,0.0060845655,4.035298e-05,0.01280517,0.0001352443,0.04840269,263.25092,5.838099,-0.0818482,-0.060393613,436997.5455691789,2639192.255960155
523,5,shrub_grass,151,34,3,0.1071,0.1161,0.1388,0.1481,0.2138,0.2152,0.2488,0.2471,0.2505,0.1849,0.283797,-0.3666111,0.0034047577,0.2505054,0.044820122,0.0938,0.12275,0.13679999,0.15715,0.19465,0.2062,0.20594999,0.2344,0.25075,0.22435,0.20174997,-0.34270325,0.09809484,0.19729231,0.12774606,0.0677,0.08985,0.1109,0.1288,0.20555,0.22685,0.27455,0.2594,0.23820001,0.17025,0.42456755,-0.45221624,-0.070892066,0.33642364,0.0099081425,0.0377,0.1035,0.0841,0.1351,0.2006,0.2274,0.2313,0.2531,0.2368,0.1827,0.4667074,-0.39171204,0.011749608,0.30396622,0.08798086,0.4667074,0.20174997,0.26495743,0.106545225,3.0,-0.34270325,-12.266587,-20.69585,-8.429263,-10.471899,-14.987889,-4.5159903,0.008553637,0.00013667103,0.01444897,9.4523384e-05,0.036728766,353.74606,1.3104106,0.02254746,0.0038213432,430689.2559230024,2636972.0969981225
524,5,shrub_grass,331,219,20001,0.1135,0.1315,0.1508,0.1584,0.2281,0.233,0.2504,0.2618,0.3003,0.1969,0.24825461,-0.3909208,0.09061177,0.2460727,0.10699371,0.077,0.11585,0.15044999,0.15509999,0.2,0.20480001,0.22365001,0.21895,0.2769,0.23025,0.19566913,-0.4100562,0.10638273,0.17069869,0.1740382,0.0557,0.0969,0.0691,0.1208,0.2124,0.2397,0.2695,0.2695,0.2443,0.1751,0.59184706,-0.43200338,-0.04904622,0.38098797,-0.018477878,0.118,0.1262,0.1499,0.1541,0.1957,0.2401,0.2544,0.2322,0.2573,0.1852,0.2584708,-0.34185043,0.005667322,0.20217393,0.044638168,0.59184706,0.19566913,0.39617795,0.15671752,2.0,-0.34185043,-17.111628,-14.232,2.8796272,-9.115005,-15.089232,-5.974228,0.0114316745,0.00057551457,0.04425036,0.00039835525,0.07841115,193.77206,5.0960493,0.06376277,-0.06184093,434397.4723215797,2633369.009568516
525,5,shrub_grass,139,459,40003,0.0362,0.0547,0.0679,0.0861,0.175,0.2328,0.2352,0.27,0.1848,0.1089,0.55196124,-0.5432128,-0.119999714,0.5164265,-0.035680152,0.0624,0.0984,0.10245,0.12355,0.18315,0.21904999,0.23385,0.23640001,0.1798,0.117400005,0.39072138,-0.29259422,-0.13066569,0.31351492,-0.024200475,0.0532,0.04805,0.05055,0.08685,0.1911,0.22825,0.26235,0.26685,0.15335,0.10235,0.6768913,-0.5228375,-0.2622077,0.5089044,-0.21493846,0.0505,0.0611,0.0403,0.0817,0.1825,0.219,0.2395,0.2365,0.1611,0.1061,0.71193457,-0.45004296,-0.19570594,0.48648494,-0.1803008,0.71193457,0.39072138,0.3212132,0.12587108,3.0,-0.29259422,-11.842926,-13.714009,-1.8710833,-5.8380485,-14.021964,-8.183916,0.009762573,9.1461785e-05,0.013660426,8.596879e-05,0.084841944,389.45044,5.7829766,0.09558349,-0.03188283,439192.34439878265,2637218.5926881945
526,5,shrub_grass,22,246,20004,0.0941,0.1177,0.0981,0.1559,0.2208,0.2498,0.2928,0.3093,0.2722,0.1713,0.49808004,-0.39625436,-0.03646015,0.32974994,-0.02192286,0.083399996,0.1306,0.119,0.1603,0.23545,0.27305,0.2983,0.29895,0.28350002,0.20565,0.42966586,-0.36923358,-0.025438221,0.3019046,0.02652388,0.07615,0.122150004,0.09305,0.1419,0.25765002,0.3086,0.33525002,0.3371,0.23295,0.161,0.5654901,-0.31202388,-0.18004195,0.40751478,-0.11581217,0.0758,0.1114,0.1025,0.132,0.2538,0.2705,0.3018,0.32,0.2499,0.1819,0.4929496,-0.3833369,-0.09407272,0.41592827,-0.03452051,0.5654901,0.42966586,0.13582426,0.04806645,2.0,-0.31202388,-15.32269,-20.495008,-5.1723185,-13.951635,-18.935583,-4.9839478,0.016213998,0.00011477067,0.0148519995,8.9066e-05,0.065086946,327.43872,2.982038,-0.046227258,-0.023862554,434932.58946207527,2639545.6012339573
527,5,shrub_grass,207,385,30002,0.1087,0.1134,0.1381,0.1635,0.2585,0.2709,0.3021,0.3081,0.2956,0.2062,0.37255707,-0.4454757,-0.010875012,0.30661508,0.027116587,0.09725,0.13375,0.166,0.18044999,0.25120002,0.2678,0.28544998,0.3174,0.3258,0.24325001,0.26459125,-0.41790786,0.066012196,0.27508232,0.12475691,0.076,0.0967,0.086,0.1231,0.2406,0.2694,0.3213,0.3001,0.2516,0.1518,0.57770544,-0.44473028,-0.121661514,0.41824096,-0.081235446,0.0599,0.1061,0.1021,0.1677,0.262,0.2891,0.2852,0.2965,0.2729,0.1943,0.4727589,-0.44010437,-0.022039048,0.27746603,0.041521974,0.57770544,0.26459125,0.3131142,0.116235465,2.0,-0.41790786,-10.320831,-16.394089,-6.0732574,-7.860996,-18.822235,-10.961239,0.0110090235,0.00013146343,0.030615443,0.00025691162,0.064998284,278.71695,6.600056,-0.059833646,0.098136164,437706.3322821125,2635841.621666993
528,5,shrub_grass,443,247,20000,0.1079,0.1391,0.1435,0.1841,0.2431,0.2932,0.298,0.3029,0.2498,0.2283,0.3499426,-0.28464827,-0.087988175,0.24394198,-0.01576575,0.111,0.14795,0.1667,0.18415001,0.20735,0.24675,0.26505,0.26410002,0.30395,0.244,0.2277933,-0.34520838,0.06836546,0.17835988,0.111727774,0.0788,0.1171,0.1381,0.1429,0.2232,0.2564,0.2846,0.2877,0.2553,0.1908,0.34658065,-0.3711053,-0.05426922,0.33627418,0.039640542,0.067,0.0985,0.1309,0.1436,0.2055,0.2542,0.2684,0.276,0.253,0.1955,0.34435177,-0.43954355,-0.029535852,0.3155378,0.067426525,0.3499426,0.2277933,0.12214929,0.05163834,0.0,-0.28464827,-15.928968,-20.703104,-4.7741356,-8.767499,-15.814164,-7.046665,0.01393688,0.00013678498,0.018257981,0.00013589667,0.06769709,222.91905,3.7506227,0.039791662,-0.051919285,434956.80094336305,2631131.903515309
529,5,shrub_grass,290,348,30002,0.1076,0.1069,0.1062,0.1587,0.2202,0.2716,0.2981,0.3092,0.2458,0.1893,0.4746463,-0.39381802,-0.096157186,0.32164922,-0.070872284,0.08125,0.105100006,0.1101,0.16495001,0.22465,0.2378,0.2716,0.2839,0.27835,0.21585,0.42310604,-0.45181778,0.012273798,0.26500994,0.048023645,0.0403,0.0915,0.0642,0.1075,0.224,0.2608,0.2889,0.2918,0.2429,0.1379,0.6363618,-0.45274982,-0.0864985,0.46155655,-0.034731995,0.0675,0.0945,0.1077,0.1642,0.2372,0.2628,0.3077,0.3066,0.2663,0.1923,0.4814625,-0.4761627,-0.07212534,0.30246326,-0.0016017335,0.6363618,0.42310604,0.21325573,0.07973865,2.0,-0.39381802,-11.377702,-16.184286,-4.8065844,-7.189719,-17.230639,-10.040919,0.014259516,0.00014255583,0.017750425,0.00015047967,0.072388,308.17334,9.75151,0.042877834,-0.16385831,436971.5635471922,2634198.160678512
530,5,shrub_grass,295,90,2,0.0955,0.1273,0.1257,0.1457,0.2262,0.2459,0.2711,0.2827,0.2582,0.2014,0.36643055,-0.33955812,-0.024371812,0.31979385,0.023051243,0.057949997,0.1048,0.12455,0.15595001,0.1856,0.2018,0.21635,0.22495,0.25425,0.2115,0.2692864,-0.4162361,0.080535285,0.1811494,0.16000582,0.06855,0.0919,0.0822,0.1236,0.2122,0.2478,0.2758,0.2855,0.2182,0.14385,0.5382376,-0.40263322,-0.10751698,0.38783917,-0.059463184,0.1058,0.1266,0.1398,0.159,0.225,0.2611,0.2801,0.2993,0.2512,0.2007,0.33412635,-0.32980323,-0.054394778,0.30613065,0.0065645203,0.5382376,0.2692864,0.26895118,0.099435456,2.0,-0.32980323,-9.643982,-17.990044,-8.346062,-8.434662,-15.869534,-7.4348717,0.0,0.0,0.009439753,5.0850893e-05,0.04312245,294.29666,6.0851655,-0.08911015,0.057417646,431812.5365119508,2634091.757150713
531,5,shrub_grass,99,301,30003,0.1027,0.1074,0.1244,0.1634,0.2577,0.2627,0.2695,0.2901,0.2971,0.2171,0.36836666,-0.4689729,0.048711564,0.279382,0.06211409,0.120799996,0.13995,0.16819999,0.1804,0.2472,0.2671,0.2854,0.30475003,0.3283,0.27255,0.2583769,-0.4022415,0.06990374,0.25631198,0.10003312,0.0995,0.1223,0.1251,0.1557,0.2357,0.273,0.2853,0.3242,0.2287,0.1411,0.3903499,-0.303133,-0.1101165,0.3511141,-0.04197122,0.0716,0.0909,0.1154,0.1488,0.2386,0.2594,0.2846,0.3075,0.268,0.218,0.42299893,-0.49345082,-0.030039724,0.3477967,0.036776643,0.42299893,0.2583769,0.16462204,0.061820783,3.0,-0.303133,-16.789263,-15.130369,1.6588936,-12.951056,-14.584396,-1.6333408,0.015054046,0.00024350872,0.024624338,0.0002559885,0.061048217,215.07458,7.0429554,-0.09013188,-0.08312821,436026.0743128635,2638008.4175695325
532,5,shrub_grass,186,173,10003,0.0403,0.0573,0.077,0.1127,0.1681,0.2098,0.2494,0.2641,0.2337,0.1571,0.5281846,-0.60618347,-0.032498375,0.40180355,0.03497662,0.098450005,0.111,0.1249,0.14434999,0.19455001,0.2168,0.255,0.24685,0.26410002,0.2175,0.34245765,-0.40815675,0.017530344,0.26201364,0.047881946,0.0696,0.0915,0.089,0.1162,0.2014,0.2205,0.2495,0.287,0.2252,0.1395,0.47414923,-0.42216477,-0.051190134,0.42361006,-0.007737297,0.0796,0.1017,0.1112,0.1272,0.2165,0.2286,0.2723,0.2685,0.2314,0.1587,0.42007712,-0.3893714,-0.081198975,0.35708776,-0.013390943,0.5281846,0.34245765,0.18572694,0.06864437,0.0,-0.3893714,-9.81343,-13.144775,-3.3313456,-10.744253,-19.202333,-8.45808,0.009852217,0.00012606298,0.016320486,0.00025402312,0.053944584,242.31686,8.625107,-0.14549689,0.03634878,433468.6597564228,2636279.748274119
533,5,shrub_grass,107,349,30003,0.1018,0.1126,0.1316,0.1458,0.2256,0.232,0.2557,0.2669,0.2819,0.2288,0.32042256,-0.42914972,0.048735023,0.2934328,0.07263288,0.11535,0.1404,0.15945,0.1695,0.2223,0.2329,0.26365,0.25375,0.31075,0.2534,0.2462769,-0.37758976,0.081998475,0.19905446,0.10739506,0.06855,0.0919,0.0822,0.1236,0.2122,0.2478,0.2758,0.2855,0.2182,0.14385,0.5382376,-0.40263322,-0.10751698,0.38783917,-0.059463184,0.0585,0.1082,0.1169,0.1664,0.2392,0.2326,0.27,0.2796,0.2653,0.2089,0.39570847,-0.4206147,-0.008780116,0.2538111,0.0755592,0.5382376,0.2462769,0.29196066,0.10796247,2.0,-0.37758976,-8.245033,-15.201019,-6.955986,-8.045031,-16.84064,-8.7956085,0.0,0.0,0.008893558,4.0371542e-05,0.008093547,253.24947,9.964547,0.00023474667,-0.17303862,436983.9552949032,2637843.540520435
534,5,shrub_grass,94,133,10004,0.0513,0.0762,0.0887,0.1134,0.1711,0.2089,0.2326,0.2552,0.2688,0.1985,0.44786665,-0.5582592,0.072197676,0.3846978,0.1147488,0.09775,0.1196,0.15005,0.15185,0.2111,0.2289,0.2211,0.24265,0.27925,0.22525,0.19143151,-0.40027478,0.116218396,0.23016417,0.14763062,0.0878,0.1364,0.0982,0.1649,0.2211,0.2619,0.2629,0.2974,0.2699,0.1573,0.45610508,-0.3285741,0.013138113,0.28660977,0.024206974,0.0723,0.1165,0.1088,0.1483,0.1945,0.2069,0.2422,0.2534,0.2522,0.2192,0.38005584,-0.36804894,0.020226507,0.26163733,0.068837784,0.45610508,0.19143151,0.2646736,0.10660672,2.0,-0.3285741,-13.810753,-14.566271,-0.75551796,-9.476927,-14.581962,-5.105035,0.012212523,0.00025768514,0.013010943,0.00017897875,0.047515467,268.0285,3.310242,-0.049428355,0.029850168,432675.9119700048,2638100.1768748676
535,5,shrub_grass,301,86,1,0.0806,0.1087,0.1339,0.1573,0.2138,0.2281,0.2334,0.2499,0.2466,0.1953,0.27089497,-0.38812158,0.02749994,0.22740613,0.09575221,0.0634,0.0973,0.1189,0.11595,0.1749,0.1879,0.20635,0.2239,0.23315,0.18865001,0.26886925,-0.41110486,0.06097826,0.31763917,0.13235746,0.06855,0.0919,0.0822,0.1236,0.2122,0.2478,0.2758,0.2855,0.2182,0.14385,0.5382376,-0.40263322,-0.10751698,0.38783917,-0.059463184,0.1223,0.1507,0.1422,0.1534,0.2135,0.2236,0.2682,0.2519,0.2384,0.1722,0.30701682,-0.22539131,-0.058823433,0.2430292,-0.012838828,0.5382376,0.26886925,0.26936832,0.11187564,2.0,-0.22539131,-9.777107,-16.648777,-6.87167,-8.308602,-14.6831665,-6.374564,0.0,0.0,0.0069553303,1.9128509e-05,0.044865448,290.72205,6.157095,0.10507754,0.02150157,431730.8614278919,2633977.097286885
536,5,shrub_grass,4,170,10004,0.0618,0.119,0.1282,0.1833,0.2045,0.2417,0.22,0.2463,0.2932,0.2358,0.26364082,-0.42260933,0.14263415,0.14664768,0.19852073,0.1257,0.1313,0.16435,0.19060001,0.2062,0.22645,0.23785001,0.25015,0.31994998,0.28355,0.18274446,-0.41805997,0.14718506,0.13511027,0.14241888,0.1,0.1384,0.1218,0.184,0.2466,0.2695,0.2794,0.2896,0.2908,0.1999,0.3928205,-0.3550784,0.019992976,0.22297251,0.04191917,0.0851,0.1271,0.1155,0.1583,0.2254,0.2661,0.2626,0.2818,0.3021,0.2311,0.38904947,-0.40773436,0.06994852,0.2806174,0.091336615,0.3928205,0.18274446,0.21007605,0.08862381,2.0,-0.3550784,-6.9810987,-17.91397,-10.932873,-9.050652,-18.153015,-9.102364,0.011237432,0.00017342079,0.021570899,0.00021134013,0.06320673,214.8668,5.7931542,-0.09295363,-0.03934447,433408.4336725268,2639902.714303036
537,5,shrub_grass,314,133,10001,0.0589,0.0867,0.0839,0.1208,0.1619,0.185,0.2018,0.2012,0.1723,0.1464,0.4126692,-0.33050063,-0.07885573,0.24968863,-0.008705733,0.060000002,0.0838,0.099800006,0.096300006,0.1232,0.1636,0.16545,0.17115,0.201,0.1379,0.24750139,-0.4115154,0.097011596,0.2798643,0.14318265,0.0418,0.0823,0.0369,0.0872,0.1538,0.1555,0.171,0.2139,0.1866,0.1233,0.6450186,-0.38787505,0.043624025,0.420789,0.024524359,0.0974,0.1118,0.0918,0.1342,0.1745,0.1834,0.2299,0.1985,0.2119,0.1525,0.42928058,-0.30923596,-0.040742338,0.19326662,-0.03740091,0.6450186,0.24750139,0.3975172,0.14123319,2.0,-0.30923596,-12.8766365,-13.970106,-1.0934696,-11.58837,-14.330245,-2.7418747,0.0151214525,0.00027617379,0.017382272,0.00019153723,0.08358671,281.68958,3.7433522,0.06336181,0.015739108,432677.7958312175,2633707.9094214244
538,5,shrub_grass,256,119,10002,0.0706,0.073,0.1045,0.1411,0.1935,0.2163,0.2348,0.2351,0.2362,0.1783,0.38402474,-0.527812,0.0029724112,0.2498664,0.054635394,0.0625,0.087500006,0.1005,0.13145,0.17379999,0.1868,0.19775,0.2125,0.22865,0.18765,0.3260676,-0.44646382,0.072467,0.23564404,0.11689836,0.0861,0.1119,0.13,0.1363,0.1867,0.2274,0.2538,0.2666,0.2197,0.1528,0.32256302,-0.32508945,-0.07201676,0.32340452,0.014211054,0.1086,0.1157,0.1348,0.1474,0.2069,0.2399,0.2647,0.254,0.2114,0.1512,0.3251556,-0.29257017,-0.111951016,0.2655698,-0.03766499,0.38402474,0.32256302,0.061461717,0.025765756,0.0,-0.29257017,-12.537427,-15.224266,-2.686839,-9.752782,-15.120679,-5.367897,0.012988591,0.00010231305,0.015893066,0.00013415274,0.05900392,281.63083,8.822453,0.030194668,0.1503715,432380.4699042788,2634879.4653901444
539,5,shrub_grass,78,59,4,0.0643,0.0875,0.1114,0.0957,0.1698,0.187,0.2116,0.2192,0.243,0.1776,0.31021574,-0.4704978,0.069071546,0.3921867,0.12454366,0.0781,0.08805,0.13005,0.1243,0.17300001,0.1722,0.19465,0.1989,0.23285,0.20635,0.19895223,-0.4512295,0.08935653,0.23081611,0.14182314,0.06855,0.0919,0.0822,0.1236,0.2122,0.2478,0.2758,0.2855,0.2182,0.14385,0.5382376,-0.40263322,-0.10751698,0.38783917,-0.059463184,0.0581,0.1144,0.095,0.1358,0.1672,0.1709,0.225,0.2125,0.2463,0.1925,0.40624872,-0.3656768,0.045194052,0.22021182,0.093209326,0.5382376,0.19895223,0.33928534,0.12477562,2.0,-0.3656768,-9.889805,-15.615723,-5.725918,-9.927174,-17.057764,-7.1305904,0.0,0.0,0.012824938,6.345585e-05,0.06680336,325.07263,2.0750859,0.022410613,0.028440608,431197.77468109096,2638422.939429169
540,5,shrub_grass,105,290,20003,0.0831,0.0975,0.0991,0.1579,0.2127,0.2471,0.2925,0.2926,0.3112,0.2536,0.49387002,-0.52287614,0.030975604,0.29900044,0.04415315,0.1188,0.1488,0.16765,0.17565,0.2475,0.27195,0.27905,0.28500003,0.34475,0.2786,0.2493838,-0.39702073,0.10532204,0.23738147,0.1258444,0.1025,0.1225,0.1258,0.1545,0.2258,0.2655,0.3003,0.3028,0.2468,0.1674,0.4095273,-0.3365818,-0.09778815,0.32429406,-0.038947556,0.083,0.1153,0.0926,0.1477,0.2249,0.2766,0.2727,0.3012,0.304,0.1834,0.4930181,-0.45003468,0.05427419,0.34194624,0.054366525,0.49387002,0.2493838,0.24448621,0.09964381,0.0,-0.3365818,-12.037179,-16.791637,-4.7544584,-7.1861024,-14.718095,-7.5319924,0.014432201,0.00019776732,0.034695897,0.00034329674,0.09142007,211.81007,6.0161543,0.10158528,-0.02579397,435804.4396591502,2637883.2043228843
541,5,shrub_grass,289,313,30002,0.0868,0.1118,0.119,0.1535,0.2197,0.2325,0.2501,0.2495,0.2594,0.1856,0.3551873,-0.39762822,0.018253198,0.23821281,0.058017574,0.09545,0.13715,0.137,0.16325,0.20565,0.23275,0.22389999,0.23539999,0.28215,0.23095,0.24078624,-0.3458136,0.11510699,0.18098535,0.1351386,0.0382,0.08005,0.09535,0.11655,0.1794,0.22685,0.2419,0.26700002,0.22775,0.17950001,0.4345428,-0.4798555,-0.030128742,0.39225554,0.07128638,0.0736,0.1296,0.1223,0.1407,0.2064,0.2272,0.2543,0.2483,0.2473,0.1899,0.35050356,-0.31228355,-0.013955313,0.27660596,0.059784867,0.4345428,0.24078624,0.19375657,0.06894242,2.0,-0.31228355,-9.325503,-14.162837,-4.8373337,-8.953389,-17.612867,-8.659478,0.008757003,7.228428e-05,0.013346478,8.686735e-05,0.04356183,247.97395,11.256933,0.10414957,-0.16510427,436276.8149762068,2634212.017866638
542,5,shrub_grass,134,370,30003,0.0944,0.1246,0.1137,0.1514,0.2055,0.2322,0.2827,0.2758,0.2948,0.224,0.42633593,-0.40581688,0.020952364,0.2911978,0.03996943,0.106649995,0.13495001,0.1504,0.1964,0.2254,0.2506,0.25590003,0.27295,0.30495,0.25,0.25965977,-0.38645053,0.08745633,0.16309755,0.113461114,0.06855,0.0919,0.0822,0.1236,0.2122,0.2478,0.2758,0.2855,0.2182,0.14385,0.5382376,-0.40263322,-0.10751698,0.38783917,-0.059463184,0.0806,0.1238,0.1041,0.1534,0.2248,0.2287,0.2614,0.2815,0.2945,0.2067,0.4303682,-0.4080793,0.05954294,0.2945498,0.07642438,0.5382376,0.25965977,0.2785778,0.09959353,2.0,-0.38645053,-12.249294,-16.256165,-4.0068703,-7.490787,-20.358908,-12.86812,0.0,1.4226941e-05,0.012880587,6.739965e-05,0.039121963,274.40106,5.5138535,0.052887384,-0.08022173,437417.4596381615,2637305.6202760944
543,5,shrub_grass,77,109,10004,0.0402,0.0709,0.0921,0.1144,0.1648,0.163,0.19,0.2036,0.2045,0.1911,0.3470388,-0.48511073,0.03675531,0.28050226,0.12604383,0.0743,0.11184999,0.12744999,0.13645,0.16960001,0.17089999,0.17320001,0.1743,0.21720001,0.1885,0.15216985,-0.32016316,0.11270462,0.12180172,0.16406289,0.0881,0.1208,0.1036,0.1345,0.1888,0.2103,0.2316,0.2549,0.2491,0.1364,0.38186038,-0.34684956,0.03640516,0.30919287,0.049077846,0.0719,0.0719,0.1021,0.0927,0.1765,0.1776,0.197,0.1896,0.2301,0.1624,0.31728414,-0.52383924,0.07749925,0.34325066,0.10530674,0.38186038,0.15216985,0.22969052,0.08812716,2.0,-0.32016316,-12.480325,-18.533777,-6.0534525,-11.70773,-19.20173,-7.4940004,0.025459856,0.00035801117,0.044791903,0.00032176232,0.1541007,291.30463,5.1559925,0.07309845,0.052276276,432189.1377387246,2638459.34375041
544,5,shrub_grass,61,362,30004,0.079,0.1016,0.0772,0.1187,0.1785,0.1946,0.2152,0.2263,0.2175,0.1847,0.4719546,-0.36320788,0.005315435,0.31188315,0.00084902823,0.07835,0.1175,0.14705,0.1514,0.18575001,0.19995001,0.2116,0.2089,0.2299,0.1817,0.17998001,-0.3235454,0.041449502,0.1595888,0.13045411,0.0766,0.1234,0.1052,0.13835,0.204,0.2277,0.23660001,0.26599997,0.21779999,0.13705,0.38443425,-0.2766697,-0.041373193,0.31569102,0.015403917,0.0859,0.0993,0.0957,0.1374,0.1955,0.2272,0.2532,0.2368,0.2267,0.132,0.45141745,-0.39079636,-0.055219725,0.26563263,-0.025245616,0.4719546,0.17998001,0.2919746,0.11546031,0.0,-0.2766697,-10.6885605,-11.581112,-0.8925514,-11.903215,-11.615962,0.28725338,0.009992259,0.00012600888,0.009300604,9.4846146e-05,0.049302354,279.00452,5.169622,0.04277774,-0.079302564,437249.7499659498,2638766.869851934
545,5,shrub_grass,184,234,20003,0.0808,0.1187,0.1472,0.1742,0.2507,0.261,0.2866,0.2792,0.3489,0.2827,0.32134548,-0.49230003,0.09803289,0.23158306,0.14904444,0.11995,0.1699,0.2144,0.21755001,0.25145,0.28195,0.30385,0.30355,0.38355,0.3207,0.17259976,-0.38603234,0.11594396,0.16503516,0.1704427,0.1083,0.1207,0.1217,0.1763,0.2489,0.2917,0.2848,0.308,0.3036,0.2018,0.40122905,-0.43106192,0.031951033,0.2719383,0.039345022,0.0747,0.1439,0.1357,0.177,0.2497,0.2721,0.2857,0.3178,0.325,0.2442,0.35595545,-0.3862222,0.06435227,0.28455883,0.12215304,0.40122905,0.17259976,0.22862929,0.0857485,2.0,-0.38603234,-9.507219,-16.00951,-6.5022907,-10.136279,-17.01325,-6.8769712,0.010755357,0.00010988429,0.016249571,0.00013859844,0.048822172,213.26787,9.809487,-0.14771074,0.0849022,434687.1339844272,2636317.9309452106
546,5,shrub_grass,244,348,30002,0.0915,0.1266,0.162,0.1534,0.2015,0.2391,0.2452,0.2558,0.2696,0.2202,0.20432168,-0.3609279,0.047396973,0.25024375,0.12351931,0.10789999,0.11765,0.14905,0.16174999,0.22545001,0.2153,0.2495,0.2527,0.3097,0.25015002,0.25203803,-0.4493964,0.107653596,0.21944696,0.12418046,0.0421,0.074,0.0795,0.129,0.2098,0.2199,0.2446,0.2598,0.2367,0.1665,0.5094091,-0.5236545,-0.016413843,0.3364189,0.04893005,0.0967,0.101,0.1116,0.1315,0.2021,0.2306,0.2527,0.2609,0.2775,0.199,0.38731706,-0.46631312,0.046774715,0.32976466,0.053757586,0.5094091,0.20432168,0.30508745,0.119449064,2.0,-0.3609279,-8.184847,-15.250223,-7.0653763,-7.323392,-14.88279,-7.5593977,0.009330996,9.970025e-05,0.011794323,0.00012012097,0.06500356,283.9792,5.611774,0.04973202,-0.08419681,436967.34268593375,2635119.6579428175
547,5,shrub_grass,42,95,4,0.0417,0.0675,0.0722,0.1046,0.1594,0.1827,0.2042,0.1722,0.1961,0.1513,0.477567,-0.48785853,-0.02023478,0.24421877,0.043562718,0.0766,0.09035,0.09985,0.113800004,0.1619,0.1694,0.17295,0.1841,0.1959,0.1703,0.26796088,-0.3687323,0.062220227,0.2359844,0.08472383,0.0836,0.095,0.0893,0.1153,0.174,0.2153,0.2303,0.2673,0.173,0.1435,0.4411751,-0.29104364,-0.1420775,0.39728072,-0.0895521,0.0954,0.1009,0.0813,0.1229,0.1736,0.1926,0.2121,0.214,0.2158,0.1535,0.44580626,-0.36280274,0.008646866,0.27040583,-0.017201422,0.477567,0.26796088,0.20960611,0.082128495,0.0,-0.29104364,-9.741503,-18.047144,-8.305641,-13.001935,-15.90447,-2.9025354,0.01223538,0.00015907397,0.014190904,0.00015563075,0.04807401,293.44623,2.7607431,0.008837975,0.047347624,431902.42866196437,2639159.4113740153
548,5,shrub_grass,83,232,20004,0.0659,0.0827,0.1161,0.1235,0.1995,0.2308,0.2467,0.2635,0.2609,0.1846,0.35997695,-0.5186248,0.0279747,0.3617562,0.093387276,0.10795,0.13885,0.1401,0.1772,0.22244999,0.2328,0.25365,0.26964998,0.29619998,0.22655001,0.2883802,-0.36168167,0.07738454,0.20689218,0.0936206,0.08485,0.10345,0.08655,0.15314999,0.2151,0.25335,0.27935,0.29715002,0.22275001,0.1525,0.5269185,-0.36572543,-0.11272633,0.31978613,-0.081514336,0.0429,0.0626,0.0801,0.1252,0.207,0.2349,0.2349,0.2383,0.2622,0.1903,0.49142697,-0.6145301,0.054918416,0.31114078,0.10401531,0.5269185,0.2883802,0.23853827,0.096715696,2.0,-0.36168167,-8.953432,-15.440958,-6.487526,-15.110642,-12.982655,2.1279879,0.013573702,9.19539e-05,0.025258085,0.00010379949,0.070713386,222.09496,9.696771,0.11182571,0.12595621,434646.8794698778,2638329.2490866836
549,5,shrub_grass,281,384,30002,0.0857,0.1261,0.112,0.1397,0.2207,0.2426,0.2629,0.2813,0.2595,0.1719,0.40250623,-0.34595343,-0.006508406,0.33634126,0.031801112,0.0805,0.100999996,0.111,0.1579,0.22154999,0.22049999,0.2439,0.22955,0.28255,0.20475,0.37447062,-0.47333995,0.07341614,0.1849266,0.096315764,0.0462,0.0539,0.0598,0.1039,0.1794,0.2275,0.2587,0.2579,0.2146,0.1337,0.6244878,-0.59850794,-0.09317541,0.42564833,-0.052649695,0.0416,0.0646,0.0851,0.1631,0.1955,0.2075,0.2493,0.2838,0.2499,0.1804,0.49102724,-0.58918726,0.0012019111,0.27008218,0.07045845,0.6244878,0.37447062,0.2500172,0.09740494,2.0,-0.34595343,-13.858929,-20.799566,-6.9406376,-10.204235,-19.14461,-8.940374,0.020093456,0.00036115618,0.015638107,0.00021179614,0.06637685,348.342,5.74867,-0.05552429,-0.083367094,437695.69836302305,2634365.678622321
550,5,shrub_grass,146,388,30003,0.0666,0.0647,0.075,0.0777,0.1884,0.2051,0.2286,0.2511,0.1928,0.1497,0.50592715,-0.4974738,-0.084954694,0.5273707,-0.048667744,0.08415,0.10085,0.12245,0.13845,0.19305,0.20865,0.2125,0.21545,0.2195,0.15645,0.2688453,-0.370375,0.016203664,0.21757497,0.07093632,0.0585,0.098,0.068,0.1108,0.2075,0.2275,0.2471,0.2688,0.1933,0.1316,0.5683891,-0.327153,-0.122161396,0.41622648,-0.07814413,0.0619,0.0556,0.0664,0.1093,0.1713,0.1946,0.2278,0.2276,0.2164,0.1514,0.5486045,-0.5911743,-0.025664056,0.3511417,-0.012052403,0.5683891,0.2688453,0.29954383,0.11997755,2.0,-0.327153,-8.564795,-17.874063,-9.309269,-9.045141,-16.346033,-7.300892,0.011711118,0.00012938422,0.024361974,0.00022547458,0.12425277,282.16446,10.619983,0.10510138,-0.15138704,437772.1932614607,2637061.2195374453
551,5,shrub_grass,187,401,40003,0.0626,0.1012,0.105,0.1474,0.211,0.2558,0.2657,0.273,0.2586,0.184,0.43350306,-0.43746403,-0.01354187,0.29876232,0.051018838,0.092800006,0.12725,0.14895001,0.17895,0.2203,0.23115,0.2413,0.27719998,0.31425,0.23135,0.23664252,-0.42355505,0.13131106,0.21538916,0.16192128,0.0703,0.1007,0.0731,0.1084,0.2069,0.2246,0.2693,0.2558,0.2409,0.149,0.57301235,-0.4104203,-0.055664368,0.4047216,-0.03916765,0.0589,0.0949,0.0912,0.1568,0.2157,0.2078,0.2621,0.2642,0.2789,0.1931,0.48372352,-0.49224055,0.03105352,0.25510627,0.071046025,0.57301235,0.23664252,0.3363698,0.12321353,2.0,-0.4104203,-11.070601,-15.007536,-3.9369345,-7.721777,-17.881672,-10.159895,0.0069804583,3.1162243e-05,0.011876005,6.714591e-05,0.06570581,286.12698,1.9130725,0.018453935,0.027818894,438022.34379538905,2636258.9211337143
552,5,shrub_grass,247,456,40002,0.0905,0.1402,0.1241,0.1552,0.2235,0.2556,0.2524,0.2462,0.2837,0.1915,0.34076935,-0.33852237,0.058384474,0.22670594,0.0864525,0.0989,0.12295,0.1432,0.18380001,0.22479999,0.24275,0.25945002,0.26395,0.30949998,0.2455,0.2887116,-0.43137828,0.08796884,0.17900568,0.11633048,0.045599997,0.08015,0.06255,0.1093,0.1945,0.21835,0.25695,0.25075,0.2195,0.15025,0.60844874,-0.46504095,-0.078601964,0.39286098,-0.03506661,0.0853,0.0942,0.1193,0.1417,0.1935,0.2468,0.2321,0.2494,0.2599,0.1793,0.32100078,-0.4679456,0.056503966,0.27537644,0.088716544,0.60844874,0.2887116,0.31973714,0.12763567,2.0,-0.33852237,-10.792322,-19.014011,-8.221689,-16.914743,-14.109198,2.8055458,0.010108645,8.3519895e-05,0.01467207,5.527107e-05,0.051639926,334.2918,5.5947814,-0.025566503,-0.09408024,439135.90869090235,2635048.746239347
553,5,shrub_grass,417,137,10000,0.1134,0.106,0.0847,0.1498,0.211,0.2651,0.2633,0.2639,0.2137,0.1538,0.5132169,-0.33687726,-0.10398302,0.27580306,-0.115982644,0.08075,0.096650004,0.10365,0.13365,0.1893,0.22005,0.2387,0.2327,0.229,0.16405,0.39447814,-0.40641665,-0.020739745,0.2703691,0.020242238,0.0714,0.09385,0.09155,0.12064999,0.21294999,0.2533,0.28525,0.30505002,0.21955,0.12265,0.5140645,-0.40108356,-0.1301503,0.4331679,-0.06821403,0.0623,0.0774,0.0996,0.1212,0.2109,0.2472,0.2839,0.2663,0.1922,0.1274,0.4805724,-0.42581445,-0.19260617,0.37445062,-0.08526627,0.5140645,0.39447814,0.11958635,0.048734047,2.0,-0.33687726,-9.932348,-17.433584,-7.501236,-10.230209,-16.32501,-6.094801,0.0055819647,2.9027133e-05,0.01816983,7.7286764e-05,0.07150424,260.5473,10.44253,0.032858703,0.1782458,432751.9832439232,2631649.4980750647
554,5,shrub_grass,33,68,4,0.0399,0.0793,0.096,0.1098,0.1479,0.174,0.1952,0.2072,0.1799,0.1579,0.34065816,-0.38811576,-0.040788986,0.30725455,0.07984329,0.065400004,0.08855,0.089049995,0.12019999,0.15485,0.17504999,0.16765,0.16885,0.19510001,0.15975,0.30619285,-0.37563765,0.07567177,0.16830944,0.09880105,0.0933,0.1065,0.0993,0.1355,0.2104,0.225,0.2555,0.2527,0.1932,0.1301,0.44024676,-0.2892883,-0.13884519,0.30190545,-0.08779026,0.0769,0.0732,0.0801,0.1127,0.1774,0.2005,0.2175,0.2291,0.1951,0.1561,0.46169198,-0.45434043,-0.054289754,0.34054902,-0.0337078,0.46169198,0.30619285,0.15549913,0.06536688,3.0,-0.2892883,-9.856283,-13.569595,-3.7133121,-15.948117,-16.919075,-0.97095776,0.0095550725,0.00015820022,0.02462101,0.00026828944,0.06660991,312.76337,7.3924913,-0.009574891,0.12830888,431363.3629556261,2639333.0244922903
555,5,shrub_grass,250,430,40002,0.1156,0.1239,0.1194,0.1884,0.237,0.2572,0.2689,0.2733,0.2808,0.2244,0.3850106,-0.38769364,0.021648144,0.18388522,0.020007635,0.1208,0.1374,0.1695,0.18935,0.24225,0.26645,0.27405,0.2674,0.33754998,0.26495,0.23571135,-0.42141187,0.10382584,0.17088085,0.12440386,0.0338,0.0989,0.06,0.0986,0.2063,0.2337,0.2792,0.2592,0.2614,0.1557,0.64622444,-0.45101184,-0.03292627,0.44885284,0.013240872,0.073,0.1135,0.1185,0.1568,0.2205,0.2421,0.2592,0.2878,0.304,0.221,0.3725169,-0.4562863,0.07954528,0.29464623,0.11965003,0.64622444,0.23571135,0.4105131,0.14849907,2.0,-0.38769364,-10.570309,-15.380156,-4.809847,-12.129444,-19.03575,-6.9063053,0.011500876,0.0001517191,0.022011617,0.00026942772,0.09151431,314.0931,9.080834,0.05674289,0.14727473,438605.0698223403,2634985.0954650114
556,5,shrub_grass,274,28,2,0.1151,0.1291,0.1371,0.1686,0.1871,0.2267,0.2444,0.2679,0.2461,0.1954,0.28125745,-0.31183288,0.0034658422,0.22749089,0.031910554,0.083550006,0.082399994,0.11275,0.14379999,0.18235,0.17789999,0.20505,0.21715,0.25805,0.21855,0.29043332,-0.5159333,0.11444584,0.20321321,0.12465853,0.0408,0.0671,0.1025,0.1252,0.2063,0.2195,0.2379,0.2457,0.218,0.132,0.39776614,-0.5292861,-0.043649845,0.3248845,0.06975955,0.1282,0.153,0.1336,0.1736,0.2197,0.2463,0.2574,0.2827,0.2375,0.2019,0.31662324,-0.21638867,-0.04021008,0.23909654,-0.019162115,0.39776614,0.28125745,0.11650869,0.045893647,2.0,-0.21638867,-7.723036,-21.16824,-13.445204,-11.466644,-17.29209,-5.825445,0.015600543,0.0001561406,0.019775202,0.00014977672,0.06423497,321.76004,6.3982687,0.110758804,0.01229293,430562.60125521035,2634500.6321939873
557,5,shrub_grass,148,25,3,0.094,0.1167,0.1158,0.1653,0.1939,0.2022,0.2141,0.195,0.2457,0.1954,0.29796818,-0.3559593,0.06872538,0.08243106,0.079748996,0.0847,0.1151,0.1172,0.156,0.17765,0.17500001,0.18439999,0.20365,0.2445,0.21595001,0.22281091,-0.35984325,0.14012559,0.13248953,0.14679746,0.07075,0.09355,0.09475,0.1343,0.18695,0.2071,0.21970001,0.23159999,0.22815,0.1629,0.3973592,-0.41840094,0.018867852,0.2659189,0.052906066,0.0694,0.0865,0.0897,0.1318,0.1554,0.1791,0.1972,0.2085,0.2303,0.2068,0.37469372,-0.45391268,0.0774267,0.2253887,0.09103288,0.3973592,0.22281091,0.17454828,0.06867642,2.0,-0.3559593,-13.851916,-16.391535,-2.5396185,-11.182592,-18.111631,-6.929039,0.011671927,7.0416885e-05,0.020712512,9.740703e-05,0.042416405,359.69922,6.5564103,-0.06481826,0.093999885,430512.2105506993,2637037.1997120767
558,5,shrub_grass,212,458,40002,0.0923,0.1018,0.1309,0.1667,0.2112,0.2338,0.2669,0.2567,0.2929,0.2119,0.3418795,-0.48416397,0.04644506,0.21256444,0.08250307,0.12295,0.1339,0.17074999,0.17245,0.2109,0.24875,0.25564998,0.27355,0.31145,0.2499,0.19910833,-0.3986743,0.098395206,0.22668108,0.120353006,0.0314,0.0837,0.0977,0.1258,0.1704,0.2417,0.261,0.266,0.2482,0.151,0.4552538,-0.4956297,-0.025137438,0.35783473,0.083816245,0.0472,0.1011,0.1129,0.1499,0.2247,0.2352,0.2523,0.2924,0.2498,0.1926,0.38170764,-0.42376623,-0.004979073,0.32217875,0.0954393,0.4552538,0.19910833,0.25614548,0.09326899,2.0,-0.3986743,-9.015705,-15.61755,-6.601845,-8.346273,-15.146735,-6.800462,0.014538672,0.0001334214,0.0127987685,0.000104344654,0.06256291,315.80023,4.223034,0.038710866,-0.06264335,439176.1047248166,2635749.1301745186
559,5,shrub_grass,97,239,20004,0.0249,0.0834,0.0704,0.11,0.1953,0.2343,0.2719,0.2675,0.2388,0.157,0.58866316,-0.48230764,-0.06481286,0.41721746,0.020462016,0.09785,0.11935,0.13159999,0.1762,0.2231,0.2454,0.25959998,0.28745002,0.2734,0.2174,0.32719752,-0.39223322,0.02589118,0.23994341,0.062364694,0.10245,0.113800004,0.0785,0.1171,0.2392,0.25045002,0.28205,0.2952,0.2169,0.13284999,0.56455255,-0.31176198,-0.13057396,0.43196595,-0.13104849,0.0509,0.0765,0.0829,0.1455,0.2002,0.2362,0.2642,0.2808,0.2299,0.1511,0.5223263,-0.5006511,-0.069419004,0.31738138,-0.003663036,0.58866316,0.32719752,0.26146564,0.10293866,0.0,-0.31176198,-7.8556337,-19.855865,-12.000232,-11.456521,-10.7741375,0.68238354,0.0056238524,2.441141e-05,0.013879829,6.9678645e-05,0.041970536,219.07005,8.07113,0.13224293,0.047165986,434785.84172344103,2638054.2768814554
560,4,mining_bare,204,235,20002,0.0738,0.0865,0.1259,0.1322,0.2197,0.2618,0.2581,0.2856,0.2796,0.233,0.34426993,-0.5274501,0.03998503,0.36716044,0.09981,0.111049995,0.118,0.17265001,0.1749,0.23785001,0.2489,0.27225,0.28785002,0.32810003,0.2648,0.22387,-0.4709696,0.093028955,0.24408379,0.13285437,0.0596,0.1254,0.1019,0.1433,0.2195,0.2512,0.2687,0.3019,0.2584,0.1705,0.45007977,-0.34653372,-0.019540867,0.35624358,0.04647104,0.0908,0.1134,0.1119,0.1527,0.2424,0.2639,0.2766,0.2803,0.2554,0.197,0.4239371,-0.38503152,-0.03984955,0.2946875,-0.00013609182,0.45007977,0.22387,0.22620977,0.08800564,2.0,-0.34653372,-9.949606,-15.698545,-5.7489395,-10.3693495,-18.895245,-8.525895,0.012166682,0.00012519101,0.017201088,0.00011677369,0.048075095,205.70984,4.9532347,-0.07097384,0.049170725,434716.18917539105,2635902.1625736547
561,5,shrub_grass,143,44,3,0.1049,0.1042,0.1306,0.1385,0.1847,0.1986,0.207,0.235,0.2576,0.2136,0.22630264,-0.42398995,0.108910665,0.25836608,0.108984254,0.096599996,0.111,0.14385,0.14795,0.18564999,0.20285,0.20205,0.2058,0.2586,0.22760001,0.16825624,-0.39934954,0.12276104,0.16353312,0.14805284,0.08715,0.08665,0.089200005,0.13385001,0.18095,0.21515,0.22985,0.24795,0.2301,0.1786,0.44083855,-0.4528794,0.00054356153,0.29884675,0.0036146326,0.073,0.133,0.0845,0.1299,0.1954,0.2008,0.2233,0.2261,0.2259,0.1953,0.45094067,-0.25884572,0.0057880534,0.27022395,0.023240468,0.45094067,0.16825624,0.28268445,0.12603843,3.0,-0.25884572,-9.832287,-16.122421,-6.2901344,-9.269102,-18.639229,-9.370127,0.011290349,0.00012186031,0.012736474,0.0001144682,0.044714075,353.84625,3.7712812,-0.058604717,-0.029860914,430883.0311646626,2637132.9476797814
562,5,shrub_grass,21,117,10004,0.0374,0.0774,0.0621,0.1104,0.1755,0.1828,0.2196,0.2275,0.2264,0.1572,0.55910337,-0.49045265,0.015246592,0.3465512,0.0577451,0.08395,0.10315,0.113400005,0.1316,0.16804999,0.17045,0.18020001,0.19555,0.23885,0.1925,0.22751965,-0.3967824,0.13995907,0.19547544,0.14292641,0.1056,0.107,0.1059,0.1664,0.2329,0.2437,0.2798,0.2916,0.2282,0.1595,0.4508674,-0.36157408,-0.101574585,0.2733618,-0.0712994,0.0894,0.1039,0.1057,0.1327,0.1747,0.2157,0.2178,0.2187,0.2162,0.184,0.34652135,-0.35082674,-0.0036866553,0.24473466,0.02336667,0.55910337,0.22751965,0.33158374,0.12292977,0.0,-0.35082674,-9.747219,-16.442883,-6.6956635,-10.672285,-13.318497,-2.6462116,0.028954733,0.00032373393,0.040759422,0.00034952944,0.09276035,291.31714,5.7299905,0.027158247,0.09607586,432344.8342937448,2639571.09207171
563,5,shrub_grass,12,358,30004,0.0635,0.0669,0.0813,0.1221,0.1759,0.1858,0.2162,0.2069,0.2522,0.1564,0.45344386,-0.58069384,0.07685725,0.25774997,0.08773635,0.078,0.110599995,0.1238,0.1258,0.1671,0.17844999,0.1765,0.1919,0.23879999,0.18,0.17549056,-0.36691365,0.15001167,0.20805725,0.17517391,0.1108,0.1308,0.114,0.1345,0.2081,0.2294,0.2485,0.2581,0.2323,0.1586,0.37103343,-0.27953655,-0.033693787,0.31482345,-0.018424025,0.1157,0.1152,0.1062,0.1588,0.1843,0.1927,0.2192,0.1869,0.2228,0.1721,0.3472638,-0.31834224,0.008144781,0.081284106,-0.00888686,0.45344386,0.17549056,0.2779533,0.10112856,0.0,-0.27953655,-8.964182,-13.9183655,-4.9541836,-13.742885,-18.583147,-4.8402624,0.011141884,0.00010653826,0.011557745,0.00012802823,0.04758911,282.9945,10.252927,-0.16779439,-0.05938716,437171.23535844684,2639758.89911389
564,5,shrub_grass,429,131,10000,0.1208,0.122,0.1326,0.1538,0.2136,0.2511,0.2695,0.2677,0.2351,0.2176,0.34046173,-0.3167171,-0.06817265,0.27022475,-0.029815258,0.077700004,0.08915,0.12765,0.1482,0.20019999,0.2259,0.22835,0.23975,0.2606,0.2078,0.28286436,-0.4902059,0.06595753,0.23598339,0.11839244,0.08415,0.10705,0.1004,0.15265,0.23515001,0.2494,0.2891,0.28205,0.2531,0.15985,0.484466,-0.40552434,-0.06639601,0.29767588,-0.027175743,0.0757,0.1107,0.1034,0.1618,0.1897,0.241,0.2609,0.2604,0.2471,0.1704,0.4323348,-0.38121748,-0.02716529,0.23353805,0.020229897,0.484466,0.28286436,0.20160162,0.07834125,2.0,-0.3167171,-13.045879,-15.215259,-2.1693792,-14.563373,-15.9795265,-1.4161539,0.00986884,0.00013798993,0.016120216,0.000117592084,0.0564229,273.61624,11.982084,-0.12587011,0.16509663,432634.0543335653,2631417.927412713
565,5,shrub_grass,280,464,40002,0.1054,0.119,0.1503,0.1948,0.2492,0.2726,0.2863,0.303,0.3024,0.2513,0.31149724,-0.43521488,0.02734833,0.21735592,0.07224055,0.1039,0.1341,0.16775,0.2031,0.2534,0.26585,0.29105002,0.29070002,0.36055,0.30325,0.268744,-0.45779747,0.106660314,0.17739943,0.14443521,0.0858,0.1032,0.0996,0.1768,0.2241,0.2605,0.2917,0.3327,0.2923,0.2195,0.49092638,-0.4781277,0.0010273618,0.30598566,0.018715864,0.0952,0.1326,0.1396,0.1749,0.2303,0.283,0.3122,0.3096,0.3334,0.2432,0.38202664,-0.43090037,0.03283762,0.278018,0.074511476,0.49092638,0.268744,0.2221824,0.08405883,2.0,-0.43090037,-11.3149605,-14.372657,-3.0576963,-10.9092455,-20.472715,-9.56347,0.00867086,0.00013888007,0.016129918,0.00013542546,0.05848493,356.51602,6.7674117,-0.074435495,-0.09135331,439284.8763926857,2634390.9409989826
566,5,shrub_grass,203,424,40002,0.1041,0.1278,0.1184,0.1697,0.2646,0.2939,0.3253,0.3644,0.2903,0.1971,0.466305,-0.38866207,-0.056855,0.3645378,-0.024698667,0.12595,0.1328,0.15475,0.17735,0.2575,0.2866,0.29125,0.30445,0.35065,0.28504997,0.3060531,-0.45061445,0.092537664,0.26380184,0.09559932,0.0577,0.1037,0.0919,0.1312,0.2434,0.2849,0.3102,0.3226,0.2689,0.1758,0.5428985,-0.44336972,-0.071317434,0.42177075,-0.009743386,0.0679,0.1118,0.0954,0.158,0.2454,0.2826,0.3264,0.3265,0.2897,0.1876,0.5476516,-0.4430873,-0.05956817,0.34778047,-0.0118039455,0.5476516,0.3060531,0.24159849,0.09767697,3.0,-0.38866207,-10.530892,-14.672264,-4.1413717,-7.8351555,-16.461649,-8.626493,0.0073145484,0.00016880919,0.01702695,0.00018084022,0.10481839,290.11603,7.4133987,0.014024107,0.12826309,438480.7256928311,2635926.505515713
567,5,shrub_grass,193,133,10003,0.044,0.0996,0.108,0.1507,0.1861,0.2247,0.2582,0.24,0.2794,0.2193,0.4101572,-0.47440502,0.03943445,0.22856352,0.12354972,0.10655,0.124050006,0.14809999,0.17205,0.22029999,0.23210001,0.2313,0.24575001,0.29835,0.26819998,0.21929306,-0.41264105,0.12659281,0.17639978,0.13846724,0.0627,0.0979,0.1179,0.1472,0.2316,0.2675,0.2775,0.2862,0.2522,0.1647,0.40364087,-0.44072995,-0.04776278,0.32071912,0.04209485,0.0947,0.1144,0.148,0.1601,0.215,0.2611,0.2424,0.2455,0.2778,0.2185,0.24180266,-0.4166231,0.06805059,0.21055174,0.11626672,0.4101572,0.21929306,0.19086415,0.08856398,0.0,-0.41264105,-9.6535,-13.672533,-4.0190334,-8.33551,-15.114077,-6.7785664,0.028775988,0.00039227004,0.028345162,0.00029438137,0.06985569,283.48712,5.9093423,-0.067515425,0.077726066,432677.01090879564,2636134.944236481
568,5,shrub_grass,131,499,40003,0.0642,0.0641,0.0422,0.1018,0.1884,0.2634,0.2578,0.2802,0.176,0.1022,0.7186642,-0.46605387,-0.18856575,0.4670145,-0.19215076,0.08,0.113450006,0.099649996,0.13945,0.2122,0.2498,0.2593,0.26875,0.18755001,0.10685,0.44476822,-0.24617858,-0.16056803,0.3167557,-0.08316024,0.0384,0.0611,0.05575,0.0958,0.225,0.24845001,0.31215,0.30085,0.18650001,0.109249994,0.69692653,-0.50646,-0.2519798,0.5169532,-0.18269196,0.0521,0.0665,0.0335,0.0949,0.186,0.2394,0.2746,0.2931,0.1623,0.1214,0.7825356,-0.41870448,-0.2570376,0.5108234,-0.2505258,0.7825356,0.44476822,0.3377674,0.12859108,3.0,-0.24617858,-10.718702,-13.505147,-2.7864447,-8.77773,-15.077404,-6.299674,0.017129036,0.00014637358,0.034391347,0.00012022008,0.045852963,376.52814,2.034744,-0.028123854,-0.021672348,439988.78192590724,2637373.865918263
569,5,shrub_grass,187,369,30003,0.0847,0.1218,0.1088,0.1611,0.2417,0.2247,0.275,0.2621,0.2667,0.1795,0.43303692,-0.37297198,-0.015322117,0.2386573,0.021490678,0.0923,0.13165,0.1407,0.15450001,0.225,0.22749999,0.2599,0.2764,0.29479998,0.24555,0.2975529,-0.38257617,0.06291674,0.28289557,0.10575075,0.0603,0.1066,0.1155,0.1478,0.2214,0.243,0.2752,0.2933,0.2251,0.1548,0.40875247,-0.3572494,-0.100139745,0.32985643,0.0075432686,0.061,0.102,0.1068,0.1374,0.2158,0.2281,0.2562,0.2767,0.2275,0.1903,0.41156912,-0.38087896,-0.059334133,0.33639133,0.026247136,0.43303692,0.2975529,0.13548401,0.05290291,0.0,-0.3572494,-8.551423,-18.55249,-10.001067,-7.9178076,-13.9593315,-6.041524,0.01865001,0.0002223116,0.040838677,0.00029061126,0.15947121,257.2763,7.179228,0.046398364,-0.11604128,437389.1041537522,2636242.1496490636
570,5,shrub_grass,63,219,20004,0.0675,0.0936,0.0969,0.1209,0.1889,0.2433,0.2605,0.257,0.2476,0.1778,0.45774916,-0.4513469,-0.02538867,0.3601472,0.024535272,0.0903,0.1402,0.1536,0.1618,0.21065,0.2385,0.23685,0.257,0.2776,0.2286,0.21321493,-0.32886463,0.079210654,0.2273156,0.1372056,0.0784,0.11325,0.10265,0.1487,0.22725001,0.2572,0.27775002,0.29514998,0.24634999,0.16505,0.46030375,-0.3701324,-0.05991216,0.32995304,-0.010139748,0.0653,0.0986,0.1194,0.1524,0.2122,0.254,0.2455,0.2483,0.2516,0.1898,0.3455732,-0.43689194,0.012271145,0.23933056,0.08829552,0.46030375,0.21321493,0.24708882,0.101279825,2.0,-0.32886463,-8.613054,-23.298298,-14.685244,-11.212318,-15.523281,-4.3109627,0.018953554,0.00019697848,0.023097755,0.00015651491,0.03949083,233.93628,4.8249974,-0.08147447,0.020900663,434399.7950894704,2638733.8966570906
571,5,shrub_grass,273,155,10002,0.0827,0.1046,0.1254,0.1385,0.1788,0.1969,0.2352,0.2177,0.2328,0.1868,0.30449164,-0.3799633,-0.0051281853,0.22234635,0.059606493,0.07775,0.104200006,0.12265,0.1472,0.16104999,0.18265,0.1783,0.21285,0.2374,0.20075,0.18491381,-0.38992855,0.14216949,0.18233527,0.1688035,0.0401,0.0647,0.0728,0.1,0.1973,0.225,0.258,0.2483,0.2108,0.1463,0.55985314,-0.53030664,-0.10068233,0.4257811,-0.024926882,0.1207,0.1149,0.1367,0.154,0.2249,0.2307,0.225,0.2297,0.2344,0.175,0.24412425,-0.34211183,0.020461448,0.19728902,0.035435237,0.55985314,0.18491381,0.37493932,0.14294288,2.0,-0.34211183,-7.296421,-15.261744,-7.9653225,-12.138092,-21.831388,-9.693296,0.013707387,0.00012965882,0.019707363,0.00029048408,0.08260382,238.59662,8.985446,0.11335817,0.10743944,433111.65813107847,2634525.4721602164
572,5,shrub_grass,255,67,2,0.0876,0.1308,0.1419,0.1434,0.2084,0.2192,0.245,0.2537,0.2741,0.1974,0.26647642,-0.35391366,0.056058455,0.27776307,0.111407824,0.0701,0.094799995,0.1351,0.1436,0.18195,0.20234999,0.20054999,0.20969999,0.26465,0.2193,0.19499415,-0.47252613,0.1377899,0.18709256,0.1925713,0.06855,0.0919,0.0822,0.1236,0.2122,0.2478,0.2758,0.2855,0.2182,0.14385,0.5382376,-0.40263322,-0.10751698,0.38783917,-0.059463184,0.1021,0.1277,0.1548,0.163,0.2307,0.2529,0.2574,0.2659,0.2475,0.2004,0.2489077,-0.31929553,-0.019607812,0.23991546,0.056182664,0.5382376,0.19499415,0.34324342,0.13316038,2.0,-0.31929553,-9.513274,-16.884542,-7.3712683,-12.638786,-18.938015,-6.2992287,0.0,0.0,0.0,0.0,0.0,322.7777,6.4446683,-0.07417862,0.08423876,431344.6884661537,2634894.7747373874
573,5,shrub_grass,275,211,20002,0.1147,0.1383,0.1413,0.1844,0.2241,0.254,0.2437,0.262,0.3305,0.2476,0.26597336,-0.40998206,0.15116659,0.17383471,0.13659345,0.0974,0.13069999,0.149,0.20605001,0.21970001,0.23315,0.2631,0.26814997,0.33200002,0.28114998,0.27687383,-0.4350542,0.115778685,0.13095705,0.1431965,0.070199996,0.10259999,0.11205,0.15365,0.237,0.25585002,0.25115,0.27719998,0.28665,0.20805001,0.38298354,-0.4728312,0.06600952,0.28675804,0.10742293,0.1178,0.1632,0.163,0.1971,0.2437,0.2907,0.2677,0.2892,0.3081,0.2402,0.24309203,-0.30744678,0.07016313,0.1893889,0.09992983,0.38298354,0.24309203,0.1398915,0.053795833,2.0,-0.30744678,-8.708459,-20.314312,-11.605853,-10.306105,-14.624302,-4.3181973,0.010711279,0.0001248776,0.015338901,0.00012129149,0.032292154,186.71417,7.682498,-0.04484109,0.12593865,434223.2640782669,2634487.5563530913
574,5,shrub_grass,299,463,40001,0.1088,0.1184,0.129,0.1635,0.2162,0.2716,0.2683,0.2994,0.2632,0.1993,0.35061577,-0.37945393,-0.009595432,0.2935833,0.019628212,0.0891,0.1264,0.1441,0.16245,0.21975,0.22025,0.2439,0.25595,0.27605,0.26005,0.25721583,-0.37184653,0.061832745,0.22346984,0.11571382,0.046850003,0.08395,0.06655,0.12584999,0.21125,0.2564,0.25175,0.26105,0.25305,0.1684,0.58183914,-0.5017789,0.0025752864,0.34944338,0.033969533,0.0905,0.1157,0.113,0.1753,0.2399,0.24,0.2799,0.261,0.2913,0.2109,0.42478892,-0.43144852,0.01995792,0.19642404,0.043758806,0.58183914,0.25721583,0.32462332,0.11880006,2.0,-0.37184653,-12.944903,-18.54602,-5.601117,-9.014318,-18.129375,-9.115057,0.012574724,0.00016778041,0.014649963,0.00014335984,0.08733199,354.4404,3.4372773,0.004958016,0.059750475,439274.970945591,2634007.7258585165
575,5,shrub_grass,348,63,1,0.0969,0.0959,0.1102,0.1644,0.2258,0.2313,0.2677,0.2897,0.2619,0.2112,0.41677576,-0.46394503,-0.0109516,0.2759298,0.0101805115,0.0815,0.1004,0.111499995,0.1422,0.19714999,0.22060001,0.2264,0.2485,0.29680002,0.22895,0.34004045,-0.49446,0.13455634,0.2720751,0.1401841,0.063549995,0.102,0.09235,0.137,0.22475001,0.25094998,0.27675,0.2952,0.27165002,0.15215,0.4995922,-0.45403332,-0.009299731,0.36603338,0.033650424,0.1206,0.1526,0.119,0.181,0.247,0.2516,0.2686,0.3057,0.2681,0.1883,0.38596386,-0.27454174,-0.0009316054,0.25621483,-0.0027051247,0.4995922,0.34004045,0.15955177,0.058187936,2.0,-0.27454174,-11.330594,-15.922636,-4.592042,-7.5006275,-19.46135,-11.960722,0.012223804,0.0002820962,0.026001979,0.0002228866,0.06893461,293.08813,7.4486856,-0.07204499,-0.107775606,431266.20284663216,2633027.643469677
576,5,shrub_grass,192,270,20003,0.0848,0.1069,0.1259,0.1547,0.2118,0.2319,0.2612,0.2702,0.2843,0.2239,0.3495212,-0.4534753,0.04234637,0.27182806,0.08489804,0.117249995,0.136,0.1654,0.18834999,0.2362,0.24849999,0.28025,0.29635,0.33075,0.27435,0.2577129,-0.41724598,0.08265121,0.2228178,0.11038983,0.0715,0.109349996,0.0942,0.14,0.20875001,0.2446,0.26405,0.2577,0.23275,0.18024999,0.4741089,-0.3607122,-0.06300311,0.29595095,-0.0129811065,0.068,0.1265,0.1157,0.1542,0.2162,0.2357,0.2505,0.28,0.2931,0.2112,0.3681038,-0.39704385,0.07836632,0.28972757,0.124157704,0.4741089,0.2577129,0.216396,0.07687109,2.0,-0.3607122,-13.481586,-19.037603,-5.556017,-10.24572,-13.815161,-3.5694408,0.009358503,0.00010393377,0.026115915,0.00026666373,0.08982708,185.42824,7.2588224,-0.12506558,0.017982094,435407.4080875378,2636158.4270891272
577,5,shrub_grass,137,54,3,0.077,0.1087,0.1325,0.1469,0.1608,0.2059,0.2178,0.2387,0.2486,0.1831,0.2435049,-0.39154658,0.06603759,0.23806992,0.1276814,0.08665,0.116950005,0.14715001,0.1528,0.1841,0.19565,0.2351,0.21125,0.2669,0.22084999,0.23008439,-0.39064634,0.06334649,0.16055445,0.12544155,0.0663,0.095300004,0.092700005,0.14235,0.20035,0.22189999,0.229,0.24585,0.22715,0.17975,0.4236853,-0.4088993,-0.004055694,0.26661444,0.039908886,0.0641,0.0813,0.0805,0.153,0.1721,0.2035,0.1869,0.2465,0.2681,0.1817,0.39790428,-0.5346293,0.17846112,0.23404196,0.16277494,0.4236853,0.23008439,0.19360092,0.08760485,2.0,-0.39064634,-10.713005,-13.286163,-2.5731583,-10.496094,-13.244003,-2.7479095,0.014706813,0.00014235215,0.019950468,0.00012090513,0.06005239,339.76315,4.511196,-0.013234664,0.07753244,431092.7817979212,2637241.2046437934
578,5,shrub_grass,169,98,3,0.0782,0.1058,0.128,0.1693,0.1939,0.219,0.2292,0.2714,0.2915,0.2131,0.28331384,-0.46740377,0.11964639,0.23167634,0.15421633,0.1056,0.1162,0.14605,0.17975,0.19534999,0.22255,0.24225,0.26015002,0.3013,0.26395,0.24774592,-0.4433522,0.108637445,0.18276843,0.1251256,0.06855,0.0919,0.0822,0.1236,0.2122,0.2478,0.2758,0.2855,0.2182,0.14385,0.5382376,-0.40263322,-0.10751698,0.38783917,-0.059463184,0.0743,0.1067,0.1331,0.1697,0.222,0.22,0.2624,0.2465,0.2865,0.2094,0.3269271,-0.45727247,0.04390592,0.18452623,0.109612465,0.5382376,0.24774592,0.29049164,0.11276649,2.0,-0.40263322,-10.254663,-14.515366,-4.260702,-14.404244,-20.154135,-5.7498903,0.014381779,0.00032653823,0.032200195,0.00026416112,0.060991928,318.86078,4.0996985,0.024561698,0.06714058,431974.70875405974,2636603.10850796
579,5,shrub_grass,411,151,10000,0.1031,0.1468,0.142,0.1706,0.2419,0.265,0.2689,0.2864,0.2727,0.1992,0.3088335,-0.3001185,0.007016244,0.25339112,0.05427732,0.10345,0.12995,0.14815,0.14590001,0.2145,0.23359999,0.24904999,0.2575,0.2814,0.24970001,0.25402755,-0.36817703,0.06098585,0.27664775,0.09852298,0.06745,0.1108,0.102850005,0.14475,0.2366,0.2681,0.30844998,0.31155,0.2768,0.1715,0.49987715,-0.42827547,-0.054079317,0.36554816,0.0049633,0.0798,0.0923,0.1013,0.1456,0.2562,0.2725,0.2857,0.3095,0.2533,0.1932,0.47648454,-0.46585515,-0.06011117,0.36013985,-0.015136751,0.49987715,0.25402755,0.24584961,0.10550017,2.0,-0.3001185,-9.806034,-15.869125,-6.0630913,-7.0463967,-21.752151,-14.705755,0.0073991125,6.429225e-05,0.009924925,6.7359186e-05,0.039059065,228.4124,22.558622,-0.3054719,0.23207276,433029.4841073744,2631764.679875718
580,5,shrub_grass,278,248,20002,0.1104,0.1169,0.1417,0.1698,0.2375,0.2369,0.2574,0.2511,0.285,0.2272,0.28990155,-0.4182622,0.050884843,0.19315708,0.07413458,0.09595,0.1252,0.13475001,0.17719999,0.20975,0.23879999,0.25325,0.2643,0.2924,0.26125002,0.30541155,-0.40038216,0.07174916,0.19728155,0.10040561,0.0607,0.0717,0.1117,0.1216,0.1937,0.2395,0.2527,0.2764,0.2719,0.1789,0.38693637,-0.5826525,0.036599237,0.38894373,0.1007172,0.1091,0.1419,0.1441,0.1797,0.2239,0.2825,0.2753,0.2835,0.2515,0.1983,0.3128271,-0.27859613,-0.04517832,0.22409275,0.014358969,0.38693637,0.28990155,0.09703481,0.037395995,2.0,-0.27859613,-13.076141,-19.078938,-6.002796,-11.663656,-18.579382,-6.9157257,0.01412776,0.0001478681,0.016864268,0.00018666485,0.0849255,195.6067,4.325689,-0.07358843,0.016546827,434964.0179318924,2634421.974897858
581,5,shrub_grass,77,395,30004,0.0602,0.08,0.0983,0.1283,0.1726,0.2093,0.223,0.2377,0.1899,0.1523,0.3881096,-0.40718633,-0.080164514,0.2989063,0.008750414,0.0961,0.10265,0.10135,0.13335,0.19665,0.22165,0.2359,0.2398,0.2055,0.1488,0.398961,-0.33376494,-0.0688716,0.28527325,-0.03936755,0.08275,0.09815,0.0931,0.12599999,0.21285,0.24565,0.28075,0.2928,0.1931,0.13714999,0.501938,-0.3260075,-0.18497375,0.3982799,-0.11897782,0.0916,0.1157,0.1038,0.1026,0.1863,0.2378,0.2631,0.2706,0.1987,0.1495,0.43417704,-0.26399407,-0.13945402,0.4501595,-0.07942774,0.501938,0.3881096,0.11382839,0.044464055,2.0,-0.26399407,-9.815423,-17.260887,-7.445464,-14.151958,-16.892372,-2.7404137,0.01270118,0.000108365115,0.013867746,0.00012920483,0.0597489,280.86227,5.1330395,-0.038380098,-0.080818355,437914.82184360776,2638451.1123632626
582,5,shrub_grass,341,467,40001,0.1111,0.1116,0.117,0.1593,0.2347,0.2419,0.2326,0.2643,0.2623,0.2162,0.33066267,-0.4030479,0.06001202,0.24787474,0.049239222,0.09425,0.11565,0.1634,0.15509999,0.19825,0.21955,0.24885,0.24135,0.28864998,0.22635001,0.20727666,-0.42789897,0.07404633,0.21755528,0.13701795,0.05595,0.09695,0.0828,0.12555,0.20205,0.22049999,0.253,0.26215,0.26855,0.17425,0.50684774,-0.46949258,0.02981495,0.35233334,0.06421314,0.081,0.14,0.1381,0.1504,0.2086,0.2413,0.2678,0.2642,0.2778,0.2129,0.31953606,-0.32982206,0.018328395,0.27448076,0.087746695,0.50684774,0.20727666,0.2995711,0.10718551,2.0,-0.32982206,-11.567578,-17.22456,-5.6569815,-15.343025,-13.852472,1.4905529,0.008514787,6.8436326e-05,0.01604354,0.00014234692,0.048562203,383.30872,6.3200426,0.057433724,-0.09391174,439343.22882983036,2633174.80934741
583,5,shrub_grass,55,181,10004,0.0463,0.0818,0.1116,0.1256,0.1963,0.2381,0.2387,0.2514,0.2693,0.2002,0.36283082,-0.5340344,0.060236122,0.3336861,0.14401545,0.09615,0.11515,0.13445,0.1607,0.2125,0.22420001,0.24615,0.26175,0.2762,0.23185,0.2934832,-0.41152313,0.057528354,0.23919937,0.090776175,0.1066,0.12979999,0.0995,0.13870001,0.2284,0.2714,0.2816,0.27985,0.249,0.17735,0.47782606,-0.31467712,-0.06143976,0.33723485,-0.053888854,0.0701,0.1156,0.1158,0.1307,0.2001,0.2479,0.259,0.2837,0.2368,0.1847,0.38206944,-0.34392637,-0.044776034,0.36920756,0.034472585,0.47782606,0.2934832,0.18434286,0.06586077,2.0,-0.31467712,-9.283203,-16.940742,-7.6575394,-6.357067,-18.105923,-11.748856,0.020419704,0.00017160532,0.02354138,0.00010864619,0.048814543,221.19078,4.6986423,0.041146114,-0.07083111,433637.84053718817,2638894.433118204
584,5,shrub_grass,348,160,10001,0.0838,0.1104,0.0964,0.111,0.211,0.2301,0.2736,0.2753,0.1768,0.1087,0.47891766,-0.23119695,-0.21491963,0.42531598,-0.1335234,0.05105,0.078999996,0.08175,0.109850004,0.17545,0.19015,0.21470001,0.19714999,0.1848,0.15654999,0.44847208,-0.4010599,-0.0748434,0.28436387,0.0015028785,0.0307,0.058,0.0355,0.0903,0.1947,0.241,0.2584,0.2753,0.17,0.1138,0.7584186,-0.49122593,-0.2063487,0.50601614,-0.1690251,0.0764,0.114,0.0782,0.1207,0.1929,0.2463,0.2806,0.279,0.1786,0.1069,0.56410104,-0.22077845,-0.22212496,0.39604604,-0.16324508,0.7584186,0.44847208,0.30994654,0.12080463,2.0,-0.22077845,-9.47463,-16.297405,-6.822775,-17.092312,-12.832497,4.259815,0.014510202,0.00014083221,0.04552519,0.00042471077,0.13241,310.3309,8.966673,0.016870322,0.15494423,433200.9951250206,2633031.5857966105
585,5,shrub_grass,166,234,20003,0.0684,0.1067,0.126,0.1505,0.2197,0.2385,0.2965,0.2979,0.3245,0.2257,0.4035493,-0.50510085,0.04508849,0.3287236,0.104979046,0.13015,0.17285,0.17925,0.21785,0.2642,0.2714,0.3018,0.30975002,0.363,0.29565,0.2547547,-0.35485613,0.0920576,0.17418468,0.11322098,0.0755,0.1326,0.1301,0.1901,0.2268,0.2657,0.2926,0.3065,0.3029,0.1736,0.38443252,-0.39104387,0.017296327,0.23439339,0.081013486,0.093,0.1236,0.1284,0.1407,0.2482,0.2662,0.2909,0.2991,0.3218,0.2369,0.38754973,-0.4449922,0.050432432,0.36016288,0.07948678,0.4035493,0.2547547,0.14879462,0.059802726,0.0,-0.35485613,-11.3319645,-15.457912,-4.125948,-8.950171,-21.123,-12.172828,0.007676369,9.097425e-05,0.012958441,0.000120272576,0.047490217,271.78522,15.800484,-0.2564198,0.09159601,434692.9613736297,2636671.5828080955
586,5,shrub_grass,263,70,2,0.089,0.1289,0.1333,0.1463,0.2047,0.2324,0.253,0.2761,0.2532,0.1882,0.30986196,-0.32530662,0.00039510668,0.30729094,0.061084326,0.07765,0.08939999,0.1126,0.1408,0.17199999,0.2102,0.2268,0.24455,0.24725,0.2086,0.33647513,-0.46888322,0.043138843,0.26923507,0.083395906,0.06855,0.0919,0.0822,0.1236,0.2122,0.2478,0.2758,0.2855,0.2182,0.14385,0.5382376,-0.40263322,-0.10751698,0.38783917,-0.059463184,0.11,0.1272,0.1289,0.1473,0.2262,0.2416,0.2897,0.308,0.2406,0.1864,0.38413665,-0.30831888,-0.09258892,0.35295328,-0.039261486,0.5382376,0.30986196,0.22837561,0.08842624,2.0,-0.30831888,-9.557697,-16.82594,-7.268242,-6.9978023,-20.78763,-13.789827,0.0,0.0,0.0,0.0,0.0,310.84088,8.416088,-0.061897382,0.13262805,431412.51466664637,2634737.9385917233
587,5,shrub_grass,61,137,10004,0.0629,0.0683,0.066,0.1248,0.1342,0.1833,0.2025,0.2153,0.2284,0.2004,0.50837797,-0.5396005,0.060106624,0.26609743,0.051804144,0.06485,0.09015,0.1279,0.15015,0.17275,0.19555,0.1889,0.2124,0.23824999,0.20809999,0.19254985,-0.450973,0.1155329,0.17169997,0.18131927,0.1085,0.1165,0.1107,0.1396,0.1989,0.2395,0.2561,0.2635,0.2333,0.1709,0.3964002,-0.33390415,-0.04658756,0.30736715,-0.029071396,0.0575,0.09,0.1157,0.138,0.1926,0.215,0.2195,0.2142,0.2274,0.1811,0.30966493,-0.43289086,0.017677292,0.21635374,0.10659553,0.50837797,0.19254985,0.3158281,0.115803495,0.0,-0.33390415,-9.114927,-16.194937,-7.0800095,-9.156545,-16.637573,-7.4810286,0.005504004,7.639637e-05,0.014628587,0.00013519704,0.056851096,257.13596,2.119881,0.033144142,-0.016424369,432753.454867225,2638769.2662372654
588,5,shrub_grass,369,30,1,0.1023,0.1406,0.1007,0.1596,0.237,0.2708,0.3028,0.3003,0.2813,0.2226,0.5008662,-0.33349058,-0.03680869,0.30593538,-0.029348189,0.0656,0.12025,0.12835,0.16284999,0.24035,0.2626,0.28100002,0.2841,0.3054,0.2475,0.37290734,-0.43498078,0.04160974,0.27128255,0.11168051,0.0678,0.1152,0.0723,0.1411,0.2307,0.246,0.2944,0.3198,0.2494,0.1968,0.6056706,-0.36807358,-0.082750864,0.3877188,-0.05921912,0.1134,0.1452,0.1439,0.1915,0.2509,0.2878,0.3192,0.3321,0.2857,0.1959,0.37853512,-0.32606098,-0.05538099,0.2685251,-0.0034794912,0.6056706,0.37290734,0.23276323,0.09621695,2.0,-0.32606098,-9.426748,-14.572521,-5.145773,-8.049401,-21.321152,-13.27175,0.0201636,0.00037942006,0.036075857,0.00032714347,0.050950866,304.26773,4.783751,0.020443344,-0.0808507,430613.81374463486,2632607.48931332
589,5,shrub_grass,402,168,10000,0.1059,0.1362,0.1039,0.1703,0.2598,0.2747,0.2811,0.315,0.2569,0.1671,0.46025854,-0.3070458,-0.044981316,0.29816544,-0.035036013,0.08095,0.09945,0.12525,0.15349999,0.2114,0.24430001,0.26205,0.2644,0.23725,0.195,0.35321364,-0.40926522,-0.04966944,0.2653739,0.027639955,0.0766,0.0857,0.0722,0.1306,0.2276,0.2794,0.2983,0.3237,0.223,0.1219,0.61025476,-0.44476697,-0.14444628,0.4250486,-0.118937284,0.0781,0.084,0.1064,0.131,0.24,0.26,0.292,0.3018,0.2341,0.1471,0.46586224,-0.47186267,-0.11005491,0.3946387,-0.04165487,0.61025476,0.35321364,0.25704113,0.09137762,2.0,-0.3070458,-15.1635475,-18.419725,-3.256178,-7.8906856,-17.176329,-9.285643,0.013536877,0.00019873084,0.016331894,0.00019848482,0.0665712,206.38646,14.573985,-0.16595457,0.18914732,433364.243408023,2631955.9265897977
590,5,shrub_grass,166,296,20003,0.1082,0.1528,0.1593,0.1963,0.2513,0.2848,0.2847,0.2999,0.3817,0.2881,0.2824318,-0.42824993,0.145558,0.20878634,0.15858214,0.1404,0.17655,0.21515,0.2412,0.2702,0.2862,0.30785,0.3061,0.41165,0.34214997,0.17724632,-0.3996933,0.14426665,0.118581936,0.16608515,0.09495,0.1359,0.121800005,0.18765,0.25085002,0.2746,0.29325,0.30025,0.32389998,0.22465,0.41308174,-0.4088725,0.04966368,0.23078452,0.06895304,0.114,0.1315,0.1503,0.1969,0.2254,0.2282,0.2965,0.2818,0.3224,0.2732,0.32721502,-0.42057627,0.041848384,0.17735498,0.07042566,0.41308174,0.17724632,0.23583542,0.08500771,2.0,-0.3996933,-8.717569,-14.778421,-6.060852,-8.611191,-16.528366,-7.9171753,0.008577991,0.00011767129,0.01663989,0.0001056716,0.03804464,217.86247,7.0167804,0.120852366,0.017826274,435934.1138414595,2636677.2837795876
591,5,shrub_grass,12,195,10004,0.063,0.0885,0.1274,0.1674,0.2289,0.2557,0.2649,0.2796,0.2945,0.2523,0.35049617,-0.5378576,0.052913733,0.25100613,0.12536658,0.12205,0.1349,0.16085,0.18495,0.22675,0.23734999,0.26375,0.28165,0.3382,0.26929998,0.24234512,-0.42971796,0.12368119,0.20724347,0.12798767,0.09305,0.1312,0.11585,0.15515,0.2342,0.2471,0.2735,0.29845,0.2924,0.19299999,0.40490454,-0.38054678,0.03339808,0.3159164,0.05382028,0.0887,0.1085,0.1383,0.1923,0.2227,0.2433,0.2922,0.285,0.3095,0.2293,0.35749045,-0.48086008,0.028751837,0.19421704,0.08072877,0.40490454,0.24234512,0.16255942,0.05949682,2.0,-0.38054678,-9.253645,-14.136751,-4.883106,-8.546669,-16.401423,-7.8547535,0.011073466,0.00016314145,0.013401908,9.520263e-05,0.04233359,212.29495,7.113257,0.12249546,0.018138332,433911.38255593955,2639744.0964614074
592,5,shrub_grass,188,309,30003,0.1056,0.1091,0.1306,0.1575,0.2121,0.2609,0.2763,0.2987,0.2852,0.2253,0.35807234,-0.44661313,0.015850348,0.3095127,0.042497113,0.1199,0.13565001,0.1533,0.20515001,0.24335,0.24935001,0.27565,0.292,0.34794998,0.2781,0.28523067,-0.4389982,0.1159395,0.17469539,0.117863335,0.0725,0.1096,0.0815,0.1749,0.2146,0.2608,0.2665,0.2897,0.2573,0.1883,0.5316077,-0.40256086,-0.017563934,0.24709375,-0.00029507687,0.0959,0.1066,0.1022,0.1681,0.2384,0.2487,0.2817,0.3135,0.3039,0.2241,0.46756843,-0.48063222,0.037909802,0.30190966,0.036365937,0.5316077,0.28523067,0.24637702,0.095347896,2.0,-0.40256086,-9.091426,-13.582564,-4.4911385,-8.830405,-20.611162,-11.780757,0.010935687,0.00013352098,0.014842465,0.00013252588,0.050514694,210.69667,8.71801,0.15079679,-0.015305453,436187.66599121946,2636233.2467202703
593,5,shrub_grass,312,101,10001,0.1095,0.1284,0.0985,0.1564,0.2217,0.2325,0.2511,0.2663,0.231,0.181,0.4364976,-0.28547502,-0.041692503,0.25999466,-0.045065828,0.08085,0.08495,0.101799995,0.1079,0.16909999,0.1845,0.18924999,0.1954,0.23095,0.19264999,0.30046278,-0.4621701,0.09923823,0.2884923,0.10392286,0.0285,0.0594,0.0649,0.1137,0.2083,0.2251,0.2727,0.2888,0.2138,0.1308,0.61551946,-0.5651516,-0.12106863,0.43502995,-0.038799737,0.125,0.137,0.1364,0.1566,0.2328,0.2415,0.2419,0.2395,0.2379,0.1723,0.27887842,-0.26913774,-0.008336776,0.20929006,0.009983805,0.61551946,0.27887842,0.33664104,0.1342693,2.0,-0.26913774,-12.039358,-16.583447,-4.5440884,-13.174601,-16.78483,-3.6102295,0.034018654,0.0005757382,0.04240349,0.0004896565,0.08573404,291.57227,4.0490093,0.052498013,-0.047219627,432039.87302244944,2633740.9440935627
594,5,shrub_grass,320,237,20001,0.1029,0.1089,0.1293,0.1469,0.2258,0.2376,0.2146,0.2507,0.2526,0.1986,0.24803649,-0.39750925,0.08133548,0.26106572,0.09207881,0.0915,0.1062,0.1343,0.16045001,0.1935,0.21645,0.21515,0.22275001,0.2486,0.21105,0.23136292,-0.4013517,0.072129235,0.16257784,0.11057923,0.0701,0.079950005,0.09645,0.13260001,0.2192,0.22485,0.25435,0.248,0.22299999,0.1607,0.45011273,-0.4721885,-0.065674976,0.30320463,-0.007765207,0.1081,0.1124,0.1422,0.1703,0.2008,0.2185,0.2393,0.2376,0.2621,0.1903,0.25452095,-0.39973193,0.04547261,0.16499099,0.07569498,0.45011273,0.23136292,0.2187498,0.08937239,2.0,-0.39750925,-12.440702,-18.214619,-5.7739162,-14.427391,-16.210428,-1.7830372,0.017717024,0.00013438014,0.017996369,0.00013225246,0.04130777,209.68095,4.050486,-0.036015708,0.060763773,434740.20921161317,2633580.384984153
595,5,shrub_grass,47,58,4,0.032,0.0698,0.0607,0.0931,0.1268,0.1746,0.1945,0.2341,0.1794,0.1217,0.5242926,-0.43980566,-0.040385026,0.43092778,0.02914694,0.05495,0.075399995,0.085700005,0.088,0.14615,0.1658,0.17575,0.16855,0.1816,0.1603,0.34442398,-0.41322798,0.016370466,0.31397262,0.07349384,0.0808,0.0822,0.0776,0.1217,0.1928,0.2257,0.2682,0.2655,0.1857,0.1275,0.55118406,-0.38633674,-0.1817577,0.37138337,-0.13996384,0.0627,0.0779,0.0852,0.0986,0.1751,0.194,0.2145,0.2278,0.1868,0.1083,0.43142998,-0.4114076,-0.06902547,0.39583212,-0.009468243,0.55118406,0.34442398,0.20676008,0.081532255,2.0,-0.38633674,-8.139875,-15.627644,-7.487768,-14.3027935,-14.122491,0.18030262,0.011132351,0.00017162148,0.012697366,0.00014343228,0.07638754,322.30157,4.322639,-0.039523438,0.064179026,431163.7584636168,2639045.6867585834
596,5,shrub_grass,148,161,10003,0.0277,0.0701,0.0853,0.1333,0.2088,0.2347,0.2722,0.2703,0.2517,0.1648,0.52279574,-0.56432384,-0.039129477,0.33944413,0.058250837,0.104949996,0.12275,0.13625,0.1636,0.2199,0.2622,0.2622,0.27319998,0.2965,0.2279,0.31609905,-0.41442952,0.06139241,0.25091514,0.08201012,0.08185,0.10035,0.095850006,0.1329,0.22485,0.2556,0.28869998,0.30664998,0.2201,0.1401,0.50149393,-0.37369207,-0.13482675,0.39528972,-0.07953371,0.0525,0.0973,0.0914,0.1619,0.2016,0.2511,0.2696,0.2842,0.2395,0.1738,0.49362743,-0.4222077,-0.05912383,0.27415317,0.013476242,0.52279574,0.31609905,0.20669669,0.082907155,0.0,-0.37369207,-10.727681,-17.337212,-6.6095304,-10.977545,-20.838661,-9.861116,0.007968303,4.1441377e-05,0.011093633,8.852656e-05,0.041384175,342.66113,7.74249,-0.12989822,0.03572418,433237.86548551655,2637033.487045904
597,5,shrub_grass,165,184,10003,0.0332,0.0666,0.0624,0.1059,0.1807,0.2223,0.2233,0.2177,0.2442,0.1716,0.56317616,-0.5714267,0.04470581,0.3454872,0.08897161,0.10155,0.1391,0.12885,0.15835,0.19825,0.22275001,0.24285,0.25190002,0.25884998,0.2114,0.30669814,-0.30091637,0.03189145,0.22803114,0.05914481,0.06855,0.0919,0.0822,0.1236,0.2122,0.2478,0.2758,0.2855,0.2182,0.14385,0.5382376,-0.40263322,-0.10751698,0.38783917,-0.059463184,0.0562,0.1095,0.0974,0.1073,0.1873,0.2234,0.2536,0.2225,0.2287,0.1848,0.44501293,-0.3524531,-0.05162752,0.34930152,0.025632909,0.56317616,0.30669814,0.256478,0.10056023,0.0,-0.30091637,-9.434037,-16.950445,-7.516408,-10.659852,-17.441784,-6.781932,0.019307379,0.00023119412,0.017284052,0.00013094652,0.056247797,260.06006,4.401437,-0.06240424,0.044669412,433697.3259250383,2636692.1756063253
598,5,shrub_grass,239,464,40002,0.1042,0.0991,0.1249,0.1489,0.2429,0.2831,0.2999,0.2962,0.2503,0.1909,0.4119576,-0.4327406,-0.09014888,0.3309361,-0.03708455,0.12550001,0.13014999,0.17289999,0.17265001,0.2416,0.24225,0.26705,0.28530002,0.34295,0.2922,0.21400112,-0.44979826,0.124426,0.24598701,0.13573296,0.056050003,0.09145,0.0832,0.12825,0.22205001,0.25005,0.28685,0.2755,0.24785,0.17179999,0.5503295,-0.4609476,-0.07293796,0.36470497,-0.017582878,0.0957,0.1167,0.1675,0.1637,0.2334,0.2696,0.2982,0.2776,0.3123,0.2421,0.28065217,-0.455943,0.023095762,0.25810048,0.09831736,0.5503295,0.21400112,0.3363284,0.12890396,2.0,-0.4327406,-12.609487,-16.64846,-4.038974,-11.409737,-18.49942,-7.0896835,0.027501876,0.00026821208,0.034043286,0.00017768588,0.044222824,337.26276,4.277263,-0.02769462,-0.0692505,439290.75752156536,2635219.5054410244
599,5,shrub_grass,64,280,20004,0.0778,0.0984,0.0986,0.157,0.2478,0.2647,0.2996,0.3083,0.3048,0.2013,0.5047702,-0.51190346,0.008603556,0.3251658,0.03329913,0.09295,0.12685001,0.1675,0.19999999,0.256,0.2794,0.31285,0.30925,0.3337,0.2672,0.3025912,-0.4491359,0.03224804,0.21453077,0.105181836,0.09555,0.1088,0.1081,0.1576,0.2369,0.29444999,0.34025002,0.32935,0.26920003,0.1652,0.5177863,-0.42433754,-0.1165803,0.35270488,-0.07194677,0.0671,0.1083,0.091,0.1405,0.2507,0.2671,0.3025,0.3144,0.2723,0.2001,0.5374828,-0.43089744,-0.05253993,0.38228098,-0.00859598,0.5374828,0.3025912,0.2348916,0.094863996,3.0,-0.42433754,-14.457804,-16.358292,-1.9004879,-12.052576,-17.690573,-5.6379967,0.010256812,0.0001368763,0.02338706,0.00012142205,0.03064208,199.28966,8.189662,-0.0979301,0.103449486,435600.89803481475,2638708.0394924297
